romance	浪漫曲
romances	浪漫曲
romanza	浪漫曲
romanze	浪漫曲
operas	歌剧
opera	歌剧
opéra	歌剧
opéras	歌剧
opern	歌剧
oper	歌剧
operette	轻歌剧
sur	以
sopra	以
sul	以
sulla	以
nell'opera	歌剧中的
nell'opéra	歌剧中的
dell'opera	歌剧中的
dall'opera	选自歌剧
nell	中的
nel	中的
nella	中的
dell	的
delle	的
dei	的
degli	的
dal	选自
dans	中的
tiré de	选自
tirée de	选自
extrait de	选自
thême	主题
thêmes	主题
motifs	主题
motif	主题
motivi	主题
motivo	主题
thèmes	主题
thème	主题
tema	主题
theme	主题
begleitung	伴奏
accompagnement	伴奏
accomp	伴奏
accomp.	伴奏
sop.	女高音
voix	声乐
canto	歌唱
chant	歌唱
chanté	演唱
chantée	演唱
chantés	演唱
paroles	歌词
musica	音乐
musik	音乐
musique	音乐
musicales	音乐
musikalische	音乐
originale	原创
original	原创
originals	原创
originales	原创
nazionale	民族
favori	精选
fav	精选
favorite	精选
favorits	精选
favoris	精选
favorita	精选
favoriti	精选
populaire	民间
popular	民间
celebrated	著名
agréables	悦耳
agréable	悦耳
aggradevoli	悦耳
amateurs	业余演奏者
commençans	初学者
commençants	初学者
commencants	初学者
commençants	初学者
beginners	初学者
choix	选集
recueil	曲集
collection	曲集
repertoire	曲目集
répertoire	曲目集
repetoire	曲目集
oeuvres	作品
œuvres	作品
ouvrages	作品
opere	作品
compositions	作品
composizioni	作品
pièces	乐曲
morceaux	乐曲
pezzi	乐曲
sätze	乐曲
manuscript	手稿
facsimile	影印本
facs.	影印本
lithography	石版印刷
litografia	石版印刷
nocturne	夜曲
nocturnes	夜曲
cavatina	卡瓦蒂纳
cavatine	卡瓦蒂纳
ariette	小咏叹调
canzonetta	小歌
canzonette	小歌
chansonnette	小歌
chansonnettes	小歌
couplets	分节歌曲
barcarolle	船歌
bolero	波莱罗舞曲
coro	合唱
chorus	合唱
duettinos	小二重奏
duettino	小二重奏
duett	二重奏
harmonized	和声编配
orchestra	管弦乐队
orchestral	管弦乐
and	与
oder	或
ou	或
ossia	或
og	与
med	与
af	选自
för	为
öfver	以
öfer	以
ad libitum	自由选择
ad	向
uso	使用
usage	使用
containing	含
contenant	含
comprenant	含
suit	随后
suivie de	继之以
suivi de	继之以
pp.	页
fol.	叶
book	册
liv.	册
livre	册
livres	册
livraison	分册
première	第一
premiere	第一
deuxième	第二
deuxieme	第二
troisième	第三
troisieme	第三
quatrième	第四
quatrieme	第四
cinquième	第五
sixième	第六
septième	第七
huitième	第八
neuvième	第九
dixième	第十
seizième	第十六
seize	十六
huit	八
douze	十二
vingt-quatre	二十四
vingt	二十
trente	三十
marsch	进行曲
marcia	进行曲
march	进行曲
marches	进行曲
mazure	玛祖卡
mazurke	玛祖卡
polonoise	波罗乃兹舞曲
pollacca	波兰风格
vals	圆舞曲
valses	圆舞曲
valtzes	圆舞曲
walses	圆舞曲
walse	圆舞曲
valtz	圆舞曲
valz	圆舞曲
walz	圆舞曲
sonatines	小奏鸣曲
sonatina	小奏鸣曲
sonatine	小奏鸣曲
wariazioni	变奏曲
variationen	变奏曲
fantasie	幻想曲
fantasia	幻想曲
largo	广板
larghetto	小广板
poco	稍
mosso	活跃地
con brio	有活力地
brio	活力
non troppo	不过分地
concertans	协奏式
concertantes	协奏式
concertante	协奏式
conc.	协奏式
conzert	协奏曲
consert	协奏曲
spanish	西班牙
italiens	意大利
english	英国
italian	意大利
teatrali	戏剧
flamenco	弗拉门戈
escuela	教程
moderno	现代
revue	荟萃
etudes	练习曲
études	练习曲
exercises	练习
exercice	练习
exercices	练习
progressiva	渐进
progressives	渐进
brillants	华丽
brillantes	华丽
brillante	华丽
corde	弦
cordes	弦
corda	弦
strings	弦
saiten	弦
sechssaitige	六弦
flöte	长笛
flauto	长笛
violon	小提琴
violin	小提琴
violine	小提琴
violino	小提琴
violoncel	大提琴
violoncelle	大提琴
flauta	长笛
chitara	吉他
guithare	吉他
lyres	里拉琴
prim-guitarre	标准音高吉他
terz-guitarre	三度吉他
pfte	钢琴
pianoforte	钢琴
piano-forte	钢琴
piano forte	钢琴
chor	合唱
chöre	合唱
u.	与
etc.	等
etc	等
sic!	原文如此
sic	原文如此
i.e.	即
capriccio	随想曲
capriccios	随想曲
capriccietto	小随想曲
capricetto	小随想曲
concerto	协奏曲
concertos	协奏曲
concerte	协奏曲
concert	协奏曲
concertino	小协奏曲
concertinos	小协奏曲
concertino	小协奏曲
concerto	协奏曲
sonata	奏鸣曲
sonate	奏鸣曲
sonaten	奏鸣曲
sonates	奏鸣曲
quartet	四重奏
quintet	五重奏
sextet	六重奏
nocturno	夜曲
notturno	夜曲
notturni	夜曲
preludio	前奏曲
praeludium	前奏曲
präludium	前奏曲
preludium	前奏曲
prelude	前奏曲
prélude	前奏曲
rondeau	回旋曲
rondo	回旋曲
rondeaux	回旋曲
rondos	回旋曲
rondino	小回旋曲
rondoletto	小回旋曲
divertimento	嬉游曲
divertimenti	嬉游曲
divertissements	嬉游曲
divertissemens	嬉游曲
divertissement	嬉游曲
passacaglia	帕萨卡利亚
sarabande	萨拉班德舞曲
pavane	帕凡舞曲
pavan	帕凡舞曲
galliard	加利亚德舞曲
allemande	阿勒曼德舞曲
bourrée	布列舞曲
chaconne	恰空
canzona	坎佐纳
canzonen	坎佐纳
gitaar	吉他
classical	古典
classic	古典
forte	强
part	部分
partie	声部
c.	约
ca.	约
circa	约
short	短小
seven	七
five	五
four	四
thirteen	十三
centuries	世纪
century	世纪
studies	练习曲
study	练习曲
lessons	课题
lesson	课题
instructive	教学
for individual and group tuition	供个人与团体教学
string orchestra	弦乐队
chamber ensemble	室内乐合奏
quartetto	四重奏
seguidillas	塞吉迪亚舞曲
flute	长笛
clarinet	单簧管
violins	小提琴
cellos	大提琴
flutes	长笛
viola	中提琴
violas	中提琴
cello	大提琴
recorder	竖笛
recorders	竖笛
gamba	维奥尔琴
soprano	高音
tenor	次中音
mode	调式
musique pour guitare seule	吉他独奏曲
old english music	英国古乐
looking backward	回望
meet me by moonlight	月光下与我相会
my soul is dark	我的灵魂阴郁
three russian pieces	三首俄罗斯乐曲
new classical guitar music	新古典吉他音乐
classic guitar technique	古典吉他技巧
changes	变化
flower song	花之歌
gypsy song	吉卜赛歌曲
italian street song	意大利街头歌曲
swedish romance	瑞典浪漫曲
recollections of ireland	爱尔兰的回忆
columbia, the land of the brave	哥伦比亚，勇士的国度
my heart and lute	我的心与鲁特琴
souvenir d'amour	爱情的回忆
le songe de rousseau	Rousseau 的梦
tra la la	Tra la la
air des mystéres d'ysis	〈Ysis 的奥秘〉曲调
au clair de la lune	月光下
les voitures versées	翻倒的马车
le philtre	爱情灵药
le bon roi dagobert	好国王 Dagobert
la garde passe	卫队经过
aux bords de la durance	Durance 河岸
la terpsichore du nord	北方的舞蹈女神
le bouquet emblématique	象征的花束
flore d'italie	意大利之花
flora d'italia	意大利之花
le rossiniane	罗西尼主题幻想曲
rossiniane	罗西尼主题幻想曲
waldesklänge	森林之声
liebesbothschaft	爱的使者
souvenir de la pologne	波兰的回忆
distraction	消遣
pasa calle	帕萨卡利亚
le domino noir	黑色多米诺
la domino noir	黑色多米诺
le lac des fées	仙女湖
la sirène	海妖
le serment	誓言
le pré aux clercs	教士草场
der zweikampf	决斗
le bal masqué	假面舞会
le cheval de bronze	青铜马
das eherne pferd	青铜马
robin des bois	Robin des Bois
les trois jours	三日
la marseillaise	马赛曲
ma normandie	我的诺曼底
les huguenots	胡格诺教徒
le tournoi	比武大会
la source du lyson	Lyson 的泉水
le passage des alpes	穿越阿尔卑斯山
la chasse des sylphes	风精灵的狩猎
le départ	出发
le montagnard	山民
feuilles d'automne	秋叶
la ronde de mai	五月轮舞
souvenir du jura	Jura 的回忆
divagation	遐想
fête villageoise	乡村节庆
récréation du guitariste	吉他演奏者的消遣
le livre d'or du guitariste	吉他演奏者珍品集
ma dernière fantaisie	我最后的幻想曲
loin de toi	远离你
les charmes de maxen	Maxen 的魅力
la famiglia suisse	瑞士家庭
la famille suisse	瑞士家庭
le rossiniane	罗西尼主题幻想曲
nuits à naples	那不勒斯之夜
sensitiva	Sensitiva
cordobesa	Cordobesa
heinmaths klänge	故乡之声
sommeil	睡眠
petit bouquet melodieux	旋律小花束
freundschaft	友谊
harmonische lectionen	和声课题
gemeinnützige guitareschule	实用吉他教程
melodisch	旋律的
société	社交
harmonic union	和谐联合
épisodiques	插曲式的
episodiques	插曲式的
cantilène	抒情曲
chevaleresque	骑士风格的
dramatique	戏剧性的
symphonique	交响性的
trilogie	三部曲
pastoral	田园风格
pastorale	田园曲
funèbre	葬礼
funébre	葬礼
triomphale	凯旋
triumphale	凯旋
bibliques	圣经主题
bravoure	炫技
bravura	炫技
brillante et facile	华丽而简易
soigneusement doigtés	精细标注指法
soigneusement doigtées	精细标注指法
doigtées avec soin	精细标注指法
etudes de genre	体裁练习曲
études de genre	体裁练习曲
composé	创作
composées	创作
composés	创作
composer	作曲家
komponist unbekannt	作曲家不详
satz	乐章
scherzando	诙谐地
zwey	两
zwei	两
nebst	并附
cadences	终止式
positions	把位
passages	经过句
introduction à l'etude de la guitare	吉他学习入门
se amista verace e pura	Se amista verace e pura
l'italiana in algeri	意大利女郎在阿尔及尔
l'italienne á alger	意大利女郎在阿尔及尔
la dame blanche	白衣女郎
collected and edited	编集与编辑
compiled and edited	编集与编辑
compiled	编集
transposed from the lute tablature for the guitar	鲁特琴指位谱转写为吉他
fingered	附指法
selected	精选
collected	编集
select	精选
songs	歌曲
jigges	吉格舞曲
fancies	幻想曲
cantilena	抒情曲
bagatelle	小品
bagatelles	小品
petites bagatelles	小品
duettinos	小二重奏
primo arrangement	第一版改编
in one movement	单乐章
one movement	单乐章
first movement	第一乐章
standards	标准曲目
grades	级
grades 1 and 2	第1与第2级
volume	卷
volume 1	第一卷
volume 2	第二卷
folk	民间
folk song	民歌
folk songs	民歌
national airs	民族曲调
air écossais	苏格兰曲调
air ecossais	苏格兰曲调
écossais	苏格兰
air suisse	瑞士曲调
russe	俄罗斯
russes	俄罗斯
russo	俄罗斯
russian	俄罗斯
allemand	德国
allemande	阿勒曼德舞曲
allemands	德国
autrichienne	奥地利
anglais	英国
anglaises	英国
hongrois	匈牙利
ungarische	匈牙利
böhmischer national-tanz	波希米亚民族舞曲
böhmischer	波希米亚
ungarisch	匈牙利
espagnol	西班牙
española	西班牙
espagnoles	西班牙
italiennes	意大利
françaises	法国
français	法国
francesi	法国
tedesche	德国
francese	法式
parties	部分
parte	部分
parti	部分
seconda edizione	第二版
prima parte	第一部分
premier	第一
second	第二
seconde	第二
première	第一
1ère	第1
2e	第2
4ème	第4
livraison	分册
lieferung	分册
extraites de	选自
extraits de	选自
arrangés	改编
arrangée	改编
arrangé	改编
arrangées	改编
varié	变奏
variée	变奏
variés	变奏
variat.	变奏
variations	变奏曲
variat	变奏
variazioni	变奏曲
variaz.	变奏
per chitarra sola	吉他独奏
für die guitare	吉他
pour guitare seule	吉他独奏
pr. guitare seul	吉他独奏
pr. guitare seule	吉他独奏
for guitar solo	吉他独奏
for solo guitar	吉他独奏
pour la guitare	吉他
per la chitarra	吉他
per chitarra	吉他
basse-guitare	低音吉他
alto	中提琴
hautbois	双簧管
harpe	竖琴
basson	巴松管
corno	圆号
vcello	大提琴
transcription	转写
transcriptions	转写
pre	为
quatre	四
quinze	十五
quatorze	十四
cinquante	五十
vingt quatre	二十四
trente six	三十六
dix-huit	十八
dixhuit	十八
rondongino	小回旋曲
rondongino brillante	华丽小回旋曲
rondongino	小回旋曲
romanesca	罗曼内斯卡
la romanesca	罗曼内斯卡
perigordini	佩里戈尔舞曲
furlana	弗拉纳舞曲
cotillon	科蒂永舞曲
boleras	波莱罗舞曲
tirana	蒂拉纳舞曲
manchegas	曼切加舞曲
polonese	波罗乃兹舞曲
polonaisen	波罗乃兹舞曲
rondongino	小回旋曲
capricci	随想曲
capriccetti	小随想曲
capricetti	小随想曲
capriccetto	小随想曲
capo d'astro	变调夹
capostato	变调夹
auf einem persischen markt	波斯市场
sur un marché persan	波斯市场
souvenir germanique	德国的回忆
souvenir de pesth	Pesth 的回忆
souvenir d'amitié	友谊的回忆
mes ennuis	我的烦恼
voyons si c'est ça	看看是否如此
la prise d'alger	攻取阿尔及尔
fleur de pologne	波兰之花
la volière	鸟舍
nuit sereine	宁静的夜晚
la cachoutcha	卡楚恰
la cachucha	卡楚恰
le tambourin	铃鼓
la melancolie	忧郁
la mélancolie	忧郁
larme	泪珠
élans du coeur	心的悸动
la partenza	离别
la battaglia d'austerlitz	奥斯特里茨之战
le quattro stagioni	四季
il misantropo in campagna	乡间厌世者
fiore appassito	凋谢的花
fleur fanée	凋谢的花
mestitia	悲伤
sera d'aprile	四月之夜
sera di maggio	五月之夜
gaieté	欢乐
gaiezza	欢乐
gavotta	加沃特舞曲
improvvisi	即兴曲
improvisazione	即兴曲
omaggio a villa-lobos	向 Villa-Lobos 致敬
ommaggio a villa-lobos	向 Villa-Lobos 致敬
alborada	晨曲
capricho arabe	阿拉伯随想曲
capricho árabe	阿拉伯随想曲
danza mora	摩尔舞曲
endecha	哀歌
oremus	祈祷
lagrima	泪珠
lágrima	泪珠
la mariposa	蝴蝶
las dos hermanitas	两姐妹
el ratón	老鼠
triste	悲伤
serenata siciliana	西西里小夜曲
perpetuum mobile	无穷动
études de genre	风格练习曲
etudes de genre	风格练习曲
étude de genre	风格练习曲
suite des exercices	练习续篇
seconde suite à la méthode de guitare	吉他教程第二续篇
seconde suite a la methode de guitare	吉他教程第二续篇
suite des etudes	练习曲续篇
études-caprices	练习随想曲
studien capricen	练习随想曲
concert-mazurka	音乐会玛祖卡
mazurka di concerto	音乐会玛祖卡
instructive lessons for spanish guitar	西班牙吉他教学课题
easy music for guitar	简易吉他音乐
