# Full semantic title phrases; reference readings, not asserted official Chinese names.
A Beetle on the Moon	月球上的甲虫
A Bikini And Sunglasses	比基尼与太阳镜
A Breeze From Alabama	来自阿拉巴马的微风
A Christmas Peace	圣诞的安宁
A Day At The Races	赛马场的一天
A Day At The Seaside	海边的一天
A Dream	一个梦
A Dream A Dream A Dream	一个梦，一个梦，一个梦
A Dreamlet	一个小梦
A Family Reunion	家人团聚
A Fine Romance	美好的爱情
A Glimpse Of Times Past	往昔一瞥
A Little Bit of Blues	一点布鲁斯
A Little Love, a Little Kiss	一点爱，一个轻吻
A Little Lullaby	一首小摇篮曲
A Lost Love	失落的爱
A New Dawn	新的黎明
A Prayer For A Lost One	为逝去之人祈祷
A Sea Of The Clouds	云海
A Season Rhapsody	季节狂想曲
A Time for Us	属于我们的时光
A Vision of Twilight	暮色中的幻象
A Young Man is Walking Along the Street	年轻人走在街上
All My Loving	我全部的爱
All Of Me	我的全部
All The Things You Are	你的一切
All Together Now	现在一起加入
An Evening Reverie	夜晚的遐想
An Old Pair of Skates	一双旧冰鞋
An Unmeasured Prelude	无固定拍值的前奏曲
Always Faithful	永远忠诚
Alpine Rose	高山玫瑰
Badge of Honor	荣誉徽章
Beyond The Sea Of Time	在时间之海的彼岸
Beyond the Sea	海的彼岸
Black and White	黑与白
Blue Angel	忧郁的天使
Blue Christmas	忧郁的圣诞节
Blue Light Blues	蓝色灯光布鲁斯
Blue Liquid	蓝色液体
Blue Lullaby	忧郁的摇篮曲
Blue Moon	蓝月亮
Blue Ocean	蓝色海洋
Blue Skies	蓝天
Blue Smoke	蓝色烟雾
Body and Soul	身与心
Bouncin Around	蹦蹦跳跳
Bugle Call Rag	号角呼唤拉格泰姆
Cavalerie	骑兵
Chez Moi	在我家
Chez Moi a Six Heures	六点到我家
Confessin (That I Love You)	坦白说我爱你
Coucou	布谷鸟
Distraction	心不在焉
Dont Ever Go Away	永远别离开
Don't Ever Go Away	永远别离开
Don't Think Twice	别再犹豫
Dont Think Twice	别再犹豫
Don t Forget to Write Me Darling	亲爱的，别忘了写信给我
Don t Worry Bout Me	别为我担心
Double Whiskey	双份威士忌
Douce Ambiance	温柔的氛围
Dream	梦
Dream Come True	美梦成真
Dream Faces	梦中的面容
Dream On	继续做梦
Dream Pictures	梦境画面
Dream Visions	梦中幻景
Dream of You	梦见你
Dreamcatcher	捕梦网
Dreamland	梦乡
Dreams Of Love	爱的梦
Dreams of Home	家乡之梦
Dynamisme	活力
For My Father	献给父亲
For No One	不为任何人
For You	献给你
For Ever	永远
Good Evening	晚上好
Good peace	美好的安宁
Here Comes Santa Claus	圣诞老人来了
Here Comes The Sun	太阳出来了
Here they Come	他们来了
I Am Lonely	我很孤独
I Can t Give You Anything But Love	除了爱，我什么也给不了你
I Cover the Waterfront	我守望着海滨
I Dont Know How To Love Him	我不知该如何爱他
I Dont Want To Spoil The Party	我不想扫大家的兴
I Feel Pretty	我觉得自己很美
I Got Rhythm	我有节奏
I Have No Time	我没有时间
I Love Her So	我如此爱她
I Saw My Lady Weep	我见心上人落泪
I Saw Stars	我看见繁星
I Saw Three Ships	我看见三艘船
I Seek Her On Every Shore	我在每一片海岸寻找她
I Surrender Dear	亲爱的，我向你投降
I Swear	我发誓
I Was Going Up The Hill	我正走上山坡
I Will	我愿意
I Wish	我希望
I Won t Dance	我不愿跳舞
I Wonder Where My Baby is Tonight	我想知道爱人今晚在哪里
I am a Man of a Constant Sorrow	我是长久悲伤的人
I believe I can fly	我相信我能飞翔
I could write a book	我可以写一本书
I didnt know what time it was	我不知道是什么时候
I go to rio	我要去里约
I have always thought of you	我一直想着你
I ll See You in My Dreams	梦中与你相见
I still call australia home	我仍把澳大利亚当作家
I still can t say goodbye	我仍无法说再见
I ve Got My Love to Keep Me Warm	我用爱温暖自己
I ve Grown Accustomed To Her Face	我已习惯她的面容
I ve Had My Moments	我也曾有过得意时光
In A Constant State of Flux	始终在流变中
In A Dream	在梦中
In A Field The Birch Stood	田野里立着白桦树
In A Region of Clouds	在云的国度
In Christ There Is No East Or West	在基督里不分东西
In Dreamland	在梦乡
In My Life	在我的生命里
In Paradisum	在天堂
In Sogno	在梦中
In The Arms Of Mary	在 Mary 的怀抱中
In The Hands of Love	在爱的掌心
In The Mood	兴致正浓
In a Sentimental Mood	在感伤的心情中
In der Heimat	在家乡
In the Enchanted Forest	在魔法森林里
In the Hall of the Mountain King	在山魔王的宫殿中
In the Midst of the Valley	在山谷中央
In the Redwoods	在红杉林中
In the Still of the Night	在寂静的夜里
In the Twilight	在暮色中
In the starlight	在星光下
It Came Upon A Midnight Clear	晴朗午夜降临
It Could Happen To You	这也可能发生在你身上
It Dont Mean A Thing	那没什么意义
It Had to Be You	一定是你
It Might As Well Be Spring	仿佛已是春天
It Never Entered My Mind	我从未想到
It Was A Wonderful Year	那是美好的一年
It Wont Be Long	不会太久
It could have been	本来可能如此
It s Only a Paper Moon	那只是一轮纸月亮
It s never too late	永远为时不晚
Let It Be	顺其自然
Let There be a Day	愿有那么一天
Little Boat	小船
Little Cottage On The Island	岛上的小屋
Little Fantasy	小幻想曲
Little Russian Dance	俄罗斯小舞曲
Little Suite	小组曲
Little Sunbeam	一缕阳光
Little Wing	小翅膀
Little brown jug	棕色小酒壶
Love Affair	恋情
Love Not	莫谈爱情
Love Story	爱情故事
Love Story Theme	爱情故事主题曲
Love Waltz	爱情圆舞曲
Love and Marriage	爱情与婚姻
Love at sundown	日落时的爱
Love in May	五月的爱情
Love is blue	爱情是忧郁的
Love s Melody	爱的旋律
Love s Sweet Song	爱情的甜蜜之歌
Lover Come Back to Me	爱人，回到我身边
Lover Man	情郎
Loves Greetings	爱的问候
My Bonny Boy	我俊俏的男孩
My Dear Boy	我亲爱的男孩
My Favorite Things	我喜爱的事物
My Funny Valentine	我可爱的情人
My Generous Lover	我慷慨的爱人
My Heart Stood Still	我的心不再跳动
My Hope Is Decayed	我的希望已衰败
My Melancholy Baby	我忧郁的爱人
My Old Kentucky Home	我的肯塔基故乡
My Romance	我的恋情
My Serenade	我的小夜曲
My Sweet	我的爱人
My Town	我的小镇
My Way	我的方式
My town, my town	我的小镇，我的小镇
On The Sunny Side Of The Ocean	在大海洒满阳光的一侧
On the Barricades	在街垒上
On the River	在河上
On the Sunny Side of the Street	在街道阳光照耀的一侧
On the Trail	在小径上
One Christmas Night	一个圣诞之夜
One Gentle Valentine	一位温柔的情人
One Mint Julep	一杯薄荷朱利普酒
One Time Blues	一次布鲁斯
One day	有一天
One of Us	我们中的一个
Over The Rainbow	彩虹之上
Over The Waves	在波浪之上
Somewhere Over The Rainbow	彩虹之上的某处
She Stood in the Valley	她站在山谷里
Something	某种事物
Something Stupid	傻事
Sometimes i feel like a motherless child	有时我觉得像个失去母亲的孩子
Somewhere	某处
Take A Look At That Baby	看看那个宝贝
The Adieu	告别
The Ballerina in the Music Box	音乐盒里的芭蕾舞者
The Banjo	班卓琴
The Beach, the Sea and the Little Boat	海滩、大海与小船
The Belle of the Day	今日佳人
The Bells of Paradise	天堂的钟声
The Black Cupid	黑色的丘比特
The Blue Room	蓝色房间
The Breeze And I	微风与我
The Butterfly	蝴蝶
The Butterfly-La Mariposa	蝴蝶
The Casket	小匣子
The Christmas Song	圣诞之歌
The Chrysanthemum	菊花
The Claw	爪
The Clown's	小丑的
The Coo Coo Bird	布谷鸟
The Cossack Rode beyond the Danube	哥萨克骑马越过多瑙河
The Cuckoo	布谷鸟
The Dance of the Waves	波浪之舞
The Dancer	舞者
The Double Dealer	两面派
The Dream Comes	梦降临
The Dream Girl	梦中的姑娘
The Drowned Sailor	溺亡的水手
The Duke	公爵
The End Of The World	世界的尽头
The Entertainer	艺人
The Fall of the Leaf	落叶
The Fiddler	提琴手
The Finger Lakes	五指湖
The First Time Ever I Saw Your Face	第一次看见你的面容
The Fisherman	渔夫
The Flower Of Sweet Erin The Green	美丽翠绿的 Erin 之花
The Forgotten	被遗忘的人
The Four Seasons-Spring	四季：春
The Four Seasons-Summer	四季：夏
The Four Seasons-Winter	四季：冬
The French Retreat	法国撤退曲
The Friend I Never Met	我未曾谋面的朋友
The Gardener	园丁
The Gentle Rain	细雨
The German Retreat	德国撤退曲
The Gondolier	贡多拉船夫
The Great Gate At Kiev	基辅大门
The Green Leaves of Summer	夏日的绿叶
The Guitar Love Song	吉他情歌
The Handing Down	传承
The Happy Couple	幸福的一对
The Happy Farmer	快乐的农夫
The Harlem Rag	哈莱姆拉格泰姆
The Harvesters	收割者
The Hermit	隐士
The Home Town Band	家乡乐队
The Horse	马
The Hunt	狩猎
The Journey	旅程
The Junk Man Rag	拾荒者拉格泰姆
The Last Rose of Summer	夏日最后的玫瑰
The Last Steam Engine Train	最后一列蒸汽机车
The Last Waltz	最后的圆舞曲
The Liberty Bell	自由钟
The Little Aristocrat	小贵族
The Little Drummer Boy	小鼓手
The Lonely Man Theme	孤独者主题曲
The Long And Winding Road	漫长蜿蜒的路
The Maiden s Prayer	少女的祈祷
The Man I Love	我爱的男人
The Man With The Green Thumb	擅长园艺的人
The Merry Hearted	欢快的心
The Minotaur s Dream	弥诺陶洛斯的梦
The Moon Shines Bright	月亮明亮地照耀
The Mountain Girl	山间姑娘
The Mountain Stream	山间溪流
The Mystery	谜
The Nearness of You	与你亲近
The Needle Of Death	死亡之针
The New Mown Hay	新割的干草
The Night	夜
The Night Watch	守夜
The Nightingale	夜莺
The Nine Maidens	九位少女
The Nun	修女
The One Minute Divertimento	一分钟嬉游曲
The Organ Grinder	手摇风琴艺人
The Orient	东方
The Orphan	孤儿
The Pelican	鹈鹕
The Pink Panther	粉红豹
The Power of Music	音乐的力量
The Quiet Joys Of Brotherhood	情谊的宁静喜悦
The River	河流
The Robin	知更鸟
The Robins Return	知更鸟归来
The Royal Visit	王室来访
The Sailors Fate	水手的命运
The Sailors Grave On The Prairie	草原上的水手之墓
The Scolding Wife	唠叨的妻子
The Serenaders	唱小夜曲的人
The Shadow Of Your Smile	你笑容的影子
The Shoemaker's Wife	鞋匠的妻子
The Shoemakers Wife	鞋匠的妻子
The Sick Tune	病中曲调
The Song Is You	你就是这首歌
The Song Of The Swamp	沼泽之歌
The South Wind	南风
The Souvenir	回忆
The Spanish Fandango	西班牙凡丹戈舞曲
The Spanish Retreat	西班牙撤退曲
The Spanish Victory	西班牙的胜利
The Spirit of Musicke	音乐的精神
The Sprig of Thyme	一枝百里香
The Streets Of Laredo	拉雷多的街道
The Sun	太阳
The Sunshine of Your Smile	你笑容中的阳光
The Surprise Symphony	惊愕交响曲
The Swiss Waltz	瑞士圆舞曲
The Sycamore	悬铃木
The Third Man Theme	第三人主题曲
The Thorny One	多刺者
The Three Friends	三位朋友
The Time of Departure	离别之时
The Unexpected Visitor	不速之客
The Water Is Wide	水面宽阔
The Way She Walks	她走路的样子
The Wedding	婚礼
The Willow Tree	柳树
The Wind And The Wheat	风与麦田
The Woods So Wild	荒野树林
The World is Waiting for the Sunrise	世界等待日出
The Wreath	花环
The Wreath of Melody	旋律花环
The Yellow Princess	黄色公主
The Young Mans Song	年轻人的歌
The bug	小虫
The farewell	告别
The good doctor	好医生
The herdman s song	牧人之歌
The hunt	狩猎
The last serenade	最后的小夜曲
The mystery	谜
The search	寻找
The windmills of your mind	心中的风车
This Boy	这个男孩
This Dragon Wont Sleep	这条龙不肯入睡
Time After Time	一次又一次
Time Stands Still	时间停驻
Time Travel	时间旅行
Two Days Old	出生两天
Two Of Us	我们两个
Two little lyrical pieces	两首抒情小品
What A Day For A Daydream	做白日梦的好日子
What A Wonderful World	多么美好的世界
What Child is This	这是哪个孩子
What If A Day	假如有一天
What is This Thing Called Love	这叫作爱的东西是什么
When Day is Done	一天结束时
When Im 64	当我六十四岁时
When Night Falls	夜幕降临时
When She Cries	当她哭泣
When The Saints Go Marching In	圣徒行进时
When Twilight Comes, I Think Of You	暮色降临时，我想起你
With A Little Help From My Friends	朋友们助我一臂之力
Without Landscape	没有风景
You Rascal You	你这个坏家伙
You re Driving Me Crazy	你快让我发疯了
After You ve Gone	在你离开后
Ain t Misbehavin	我可没胡闹
Anniversary Song	周年纪念歌
Appel Indirect	间接呼唤
Are You in the Mood	你有兴致吗
Baby Won t You Please Come Home	宝贝，请你回家吧
Begin the Beguine	开始贝吉讷舞曲
Billets Doux	情书
Coquette	卖俏的姑娘
Danse Norvegienne	挪威舞曲
Django s Blues	Django 的布鲁斯
Django s Tiger	Django 的老虎
Four Seasons	四季
Goldberg Variations	哥德堡变奏曲
Goldberg Variation	哥德堡变奏
Air on a G String	G弦上的咏叹调
Air on the G String	G弦上的咏叹调
Jesu Joy of Mans Desiring	耶稣，人们仰望的喜乐
Jesu, Joy of Man's Desiring	耶稣，人们仰望的喜乐
Recuerdos de la Alhambra	阿尔罕布拉宫的回忆
Capricho Arabe	阿拉伯随想曲
Capricho Español	西班牙随想曲
Capricho Espanol	西班牙随想曲
Danza Mora	摩尔舞曲
Danza Guarani	瓜拉尼舞曲
Danza Paraguaya	巴拉圭舞曲
Diana Guarani	瓜拉尼晨曲
Estilo Argentino	阿根廷风格曲
Estilo Uruguayo	乌拉圭风格曲
El Sueño de la Muñequita	小玩偶的梦
El Sueno de la Munequita	小玩偶的梦
Gavota al estilo antiguo	古风加沃特舞曲
Junto A Tu Corazon	靠近你的心
La Catedral	大教堂
Las Abejas	蜜蜂
Leyenda De España	西班牙传奇
Leyenda De Espana	西班牙传奇
Marcha Paraguaya	巴拉圭进行曲
Mazurka Apasionada	热情的玛祖卡舞曲
Medallon Antiguo	古老的饰章
Oracion Por Todos	为众人祈祷
Invocation a la Luna	向月亮祈求
Confession	忏悔
Contemplacion	沉思
Divagacion	漫想
Armonias de America	美洲的和声
Aires Andaluces	安达卢西亚曲调
Andaluse	安达卢西亚风格曲
Aire de Zamba	赞巴舞曲曲调
Choro De Saudade	思念的肖罗
Saudade	思念
Nostalgia	怀念
Tristeza	悲伤
Solitario	孤独者
Sueño	梦
Sueno	梦
Sueños	梦
Suenos	梦
Lagrima	泪
Lágrima	泪
La Mariposa	蝴蝶
Alborada	晨歌
Gran Jota de Concierto	大型音乐会霍塔舞曲
Gran Vals	大型圆舞曲
Las dos Hermanitas	两个小姐妹
La Filadora	纺线姑娘
El Colibri	蜂鸟
El Colibrí	蜂鸟
La Danza de Fauno	牧神之舞
Pequeña Copla Sefardí	塞法迪小歌谣
Clarines y Trompetas	号角与小号
Choro Teimoso	倔强的肖罗
Sabor a Mí	我的滋味
Garota De Ipanema	伊帕内玛的姑娘
Gente Humilde	平凡的人们
O Que Tinha De Ser	命中注定
A Felicidade	幸福
A Casa	家
A Casinha pequenina	小小的房子
A mi madre	献给母亲
A Mi Madre Sonatina	献给母亲的小奏鸣曲
A mi moreno	献给我黝黑的爱人
A Ella	献给她
A une fleur	献给一朵花
A une Jeune Fille	献给一位少女
A veces	有时
A Paso Lento	缓缓前行
A primera vez	第一次
Alborada de fiesta en la aldea	乡村节日的晨歌
Aquelarre	女巫集会
Atardecer	黄昏
Canción amatoria	情歌
Canción de cuna	摇篮曲
Canto de otoño	秋之歌
Crepúsculo	暮色
Crepusculo	暮色
Le langage du vent	风的语言
El lenguaje del viento	风的语言
Sunstone	太阳石
Saltwater	海水
Plaid	格子纹
Snow Fall	飘雪
Snowfall	飘雪
Summer Storm	夏日暴风雨
Wild Mountain Thyme	野山百里香
Scarborough Fair	斯卡伯勒集市
Greensleeves	绿袖子
Stardust	星尘
Moon River	月亮河
Yesterday	昨日
Michelle	Michelle
Imagine	想象
Blackbird	黑鸟
Let Her Go	让她离去
Morning Has Broken	晨光初现
Love Me Tender	温柔地爱我
Silent Night	平安夜
Happy Birthday	生日快乐
Jingle Bells	铃儿响叮当
White Christmas	白色圣诞节
Amazing Grace	奇异恩典
Hallelujah	哈利路亚
Ave Maria	圣母颂
O Holy Night	圣夜
Feliz Navidad	圣诞快乐
Ode to Joy	欢乐颂
An die Freude	欢乐颂
Für Elise	献给爱丽丝
Fur Elise	献给爱丽丝
Beethoven Fur Elise	贝多芬：献给爱丽丝
Romanza Andaluza	安达卢西亚浪漫曲
Romanza sin palabras	无言浪漫曲
Romance sans paroles	无言浪漫曲
Romance sans parole	无言浪漫曲
Serenata Española	西班牙小夜曲
Serenata Espanola	西班牙小夜曲
Valse Poétique	诗意圆舞曲
Valses Poéticos	诗意圆舞曲
Sonatina Meridional	南国小奏鸣曲
Sonata Romántica	浪漫奏鸣曲
Sonata Heroica	英雄奏鸣曲
Suite Popular Brasileira	巴西民间组曲
Suite populaire brésilienne	巴西民间组曲
Suite Española	西班牙组曲
Suite Espanola	西班牙组曲
Suite Tropical	热带组曲
Suite Americana	美洲组曲
Suite Andina	安第斯组曲
Suite del Recuerdo	回忆组曲
Fuga y Misterio	赋格与神秘
Milonga del Angel	天使米隆加
Milonga del Ángel	天使米隆加
Adios Nonino	再见，Nonino
Adiós Nonino	再见，Nonino
Un dia de noviembre	十一月的一天
Un día de noviembre	十一月的一天
Canción triste	悲伤的歌
Cancion triste	悲伤的歌
Canción del Emperador	皇帝之歌
Cancion del Emperador	皇帝之歌
Villancico de Navidad	圣诞维良西科
Campanas del Alba	黎明的钟声
Pajaros de primavera	春天的鸟儿
Pájaros de primavera	春天的鸟儿
Le Coucou	布谷鸟
Les Barricades Mystérieuses	神秘的街垒
L'Amant Malheureux	不幸的恋人
Charme de la Nuit	夜的魅力
La Tolérance	宽容
La Fidelité	忠诚
La Fidélité	忠诚
La Douceur	温柔
La Constance	坚定
La ruse	计谋
L'excuse	借口
Plainte amoureuse	爱的哀叹
Amor Naciente	初萌的爱情
Recreations	音乐消遣小品
Récréations	音乐消遣小品
Miniatures	微型曲
Studettes	小练习曲
Sans basse	无低音伴奏
Estudio in concluso	未完成的练习曲
Estudio inconcluso	未完成的练习曲
Estudio en forma de minuetto	小步舞曲形式的练习曲
Estudio sobre una fuga de Bach	根据巴赫赋格曲的练习曲
Estudio brillante	华丽练习曲
Estudio de tremolo	轮指练习曲
Fantasía del quinto tono	第五调式幻想曲
Fantasia del Quinto Tono	第五调式幻想曲
Fantasia del Primer Tono	第一调式幻想曲
Fantasía del primer tono	第一调式幻想曲
Fantasía del cuarto tono	第四调式幻想曲
Fantasía del sexto tono	第六调式幻想曲
Fantasía del séptimo tono	第七调式幻想曲
Fantasía del octavo tono	第八调式幻想曲
Fantasia del segundo tono	第二调式幻想曲
Fantasia del tercer tono	第三调式幻想曲
El Testamento de Amelia	阿梅莉亚的遗言
El Noi de la Mare	圣母之子
Canço del Lladre	盗贼之歌
Canco del Lladre	盗贼之歌
Cancion de la Hilandera	纺线姑娘之歌
La Paloma	鸽子
La Cumparsita	小游行队伍
La Bamba	班巴舞曲
Vals criollo	克里奥尔圆舞曲
Estilos Criollos	克里奥尔风格曲
Canciones mexicanas	墨西哥歌曲
Malagueña fácil	简易马拉加风格舞曲
Malaguena facil	简易马拉加风格舞曲
Malagueña y Rondeña	马拉加风格舞曲与龙达风格舞曲
La Serenata	小夜曲
Mi Favorita	我的心爱之曲
Mis recuerdos	我的回忆
Un Recuerdo	一段回忆
Recuerdos	回忆
Recuerdo triste	悲伤的回忆
La Pastorella	牧羊女
Les Favorites	心爱之曲
Le Menuet Affandangado	凡丹戈风格的小步舞曲
Le Menuet Afandangado	凡丹戈风格的小步舞曲
Repertoire de l amateur	爱好者曲目集
Repertoire de l'amateur	爱好者曲目集
Recueil de Contredanses Menuets et Valses	对舞曲、小步舞曲及圆舞曲集
Die Kunst der Fuge	赋格的艺术
Kontrapunktus	对位曲
Brandenburg	勃兰登堡
Le Papillon	蝴蝶
Le Secret	秘密
Les Echos	回声
Les Échos	回声
Les Beaux Yeux	美丽的眼睛
Les beaux Yeux	美丽的眼睛
Hazai Virágok	故乡之花
Souvenir damour	爱情的回忆
Souvenir d'amour	爱情的回忆
Carnaval de Venise	威尼斯狂欢节
Carnaval de Venice	威尼斯狂欢节
Le Carnaval de Venice	威尼斯狂欢节
Le Carnaval de Venise	威尼斯狂欢节
Le carnaval de Venecia	威尼斯狂欢节
In Cerca dell Ideale	寻找理想
Il Trovatore	游吟诗人
Trovatore	游吟诗人
La Traviata	茶花女
Traviata	茶花女
La Cenerentola	灰姑娘
Cenerentola	灰姑娘
La Sonnambula	梦游女
Sonnambula	梦游女
Il Barbiere di Siviglia	塞维利亚的理发师
Barber of Seville	塞维利亚的理发师
William Tell	威廉·退尔
Guglielmo Tell	威廉·退尔
Die Zauberflöte	魔笛
Zauberflöte	魔笛
Die Hochzeit des Figaro	费加罗的婚礼
Le Nozze di Figaro	费加罗的婚礼
Don Giovanni	唐璜
Don Juan	唐璜
Der Freischütz	自由射手
Der Freischutz	自由射手
Der Nordstern	北极星
Die sizilianische Vesper	西西里晚祷
La fille du regiment	军中女郎
La fille du régiment	军中女郎
Die Tochter des Regiments	军中女郎
Marie, die Tochter des Regiments	玛丽，军中女郎
Die weisse Frau	白衣女郎
Die weiße Frau	白衣女郎
La Dame Blanche	白衣女郎
Die Stumme von Portici	波尔蒂契的哑女
Les Huguenots	胡格诺派教徒
I Puritani	清教徒
Norma	诺尔玛
Rigoletto	弄臣
Otello	奥赛罗
Semiramide	塞米拉米德
La Semiramide	塞米拉米德
Anna Bolena	安娜·博莱娜
Lucia di Lammermoor	拉美莫尔的露琪亚
Lucia de Lammermoor	拉美莫尔的露琪亚
Linda di Chamounix	沙莫尼的琳达
Linda von Chamounix	沙莫尼的琳达
Don Pasquale	唐·帕斯夸莱
La Forza del Destino	命运之力
Forza del Destino	命运之力
La Favorita	宠姬
I Montecchi ed i Capuleti	蒙泰基家族与卡普莱特家族
Orfeo ed Euridice	奥菲欧与尤丽狄茜
Mose in Egitto	摩西在埃及
Mosé in Egitto	摩西在埃及
Der Alpen Sänger	阿尔卑斯山歌者
El Pobre Valbuena	可怜的 Valbuena
El Incognito	陌生人
La impetuosa	急性子的姑娘
El delirio	狂想
Eldelirio	狂想
Los panaderos	面包师
La Rubia de los lunares	长着痣的金发姑娘
La Muñequita	小玩偶
Lamentos del viejo gaucho	老高乔人的哀叹
Quejas Amorosas	爱情的哀叹
Quejas de amor	爱情的哀叹
Divagando	漫想
Penas	忧伤
La Negrita	黑肤小姑娘
La Princesa Maya	玛雅公主
Ecos de mi Pampa	我的潘帕斯草原回声
La Querencia Olvidada	被遗忘的故乡
Flor del Valle	山谷之花
Flor del Campo	田野之花
Flor de Tusca	Tusca 花
La Serenata del Adios	告别小夜曲
Serenata do Adeus	告别小夜曲
Manha De Carnaval	狂欢节的早晨
Manhã de Carnaval	狂欢节的早晨
Samba Em Preludio	前奏桑巴
Valsa Sem Nome	无名圆舞曲
Uma valsa e dois amores	一首圆舞曲与两份爱情
Eu sei que vou te amar	我知道我将爱你
Se todos fossem iguais a voce	如果人人都像你
Alem do amor	爱之外
Além do amor	爱之外
El Mar	大海
El Mundo	世界
El Viento	风
El Baile De Los Tontos	愚人之舞
Tres Notas Para Decirte Te Quiero	三枚音符诉说我爱你
Sera di maggio	五月的夜晚
Am See	在湖边
Amore ed Arte	爱情与艺术
Zwei Kinderlieder aus des Knaben Wunderhorn	少年魔号中的两首儿歌
Traeumerei	梦幻曲
Träumerei	梦幻曲
Traumerei	梦幻曲
Tranen	泪水
Tränen	泪水
Dolor	伤痛
Soul	灵魂
Sunny bank	阳光下的河岸
Rustling Leaves	沙沙作响的树叶
Wild Flower	野花
Wildflower	野花
Autumn Leaves	秋叶
Autumn Leaves are Falling	秋叶飘落
Falling Leaves	落叶
Sleepy Time	睡觉时间
Sleepytime	入睡时分
Morning Dew	晨露
Waterfall	瀑布
Waterfalls	瀑布
Watermark	水印
Passage	旅途
Detour	绕路
Reflections	倒影
Reflection	倒影
Return to Love	重回爱情
Call Me	呼唤我
I Saw Mommy Kissing Santa Claus	我看见妈妈亲吻圣诞老人
From A Window	从窗口
Boots Of Spanish Leather	西班牙皮靴
Polka Dots And Moonbeams	波点与月光
Slow Hot Wind	缓缓吹来的热风
Higher Ground	更高之地
Little Saint Nick	小圣诞老人
God Save the King	天佑国王
God bless the Tzar	上帝保佑沙皇
God Rest Ye Merry Gentlemen	愿上帝赐你们喜乐，诸位先生
Have Mercy on Me, O Lord God	主上帝，请怜悯我
All Mankind Fell in Adams Fall	亚当堕落，世人皆随之堕落
O Sacred Head Now Wounded	神圣的头颅，如今受伤
Cristus, der uns selig macht	使我们得救的基督
Jesus Bleibet Meine Freude	耶稣仍是我的喜乐
Nun komm der Heiden Heiland	来吧，外邦人的救主
Wachet auf, ruft uns die Stimme	醒来，声音在呼唤我们
Erbarm dich mein, o Herre Gott	主上帝，请怜悯我
Folies d'Espagne	西班牙福利亚
Folies d Espagne	西班牙福利亚
Folia de España	西班牙福利亚
Folias de Espana	西班牙福利亚
Folias	福利亚
La Folia	福利亚
Les Folies d'Espagne	西班牙福利亚
El Puerto	港口
Recuerdos de Viaje	旅行的回忆
Cantos de España	西班牙之歌
Cantos de Espana	西班牙之歌
España	西班牙
Espana	西班牙
Castillos de España	西班牙城堡
Castillos de Espana	西班牙城堡
Castles Of Spain	西班牙城堡
Guajirita	小瓜希拉舞曲
La Melanconia	忧郁
La Risoluzione	决心
L'Amoroso	多情者
La Armonia	和谐
L'Armonia	和谐
L'Allegria	欢乐
Le Retour	归来
Le Départ	离别
Le Depart	离别
La Plainte	哀叹
L'Espérance	希望
L'Esperance	希望
Le Désir	渴望
Le Desir	渴望
La Fantaisie	幻想曲
Le Calme	平静
Au Son des Cloches	钟声响起
La Promenade	散步
La Chasse	狩猎
La Valse des Fleurs	花之圆舞曲
Valse des Fleurs	花之圆舞曲
Souvenir de Moscou	莫斯科的回忆
Souvenir de Russie	俄罗斯的回忆
Souvenir d'Italie	意大利的回忆
Souvenir de Suisse	瑞士的回忆
Souvenir de Paris	巴黎的回忆
Souvenir de Vienne	维也纳的回忆
La Petite Coquette	卖俏的小姑娘
La Coquette	卖俏的姑娘
La Rêveuse	爱幻想的姑娘
La Reveuse	爱幻想的姑娘
La Viennoise	维也纳姑娘
La Folle	痴狂的姑娘
La Mosaique	拼贴曲
Mosaique	拼贴曲
La Belle	佳人
Belle	佳人
L'Amitié	友谊
L'Amitie	友谊
La Nouvelle	新曲
L'Adieu	告别
Adieu	告别
Au revoir	再见
Le Rêve	梦
Le Reve	梦
La Fontaine	喷泉
La Source	泉源
Une Fleur	一朵花
La Rose	玫瑰
Les Fleurs	花朵
La Nuit	夜
Nuit d'Été	夏夜
Nuit d'Ete	夏夜
Le Matin	早晨
Le Soir	夜晚
La Prière	祈祷
La Priere	祈祷
Prière	祈祷
Priere	祈祷
Oración	祈祷
Oracion	祈祷
Plegaria	祈祷
Confesión	忏悔
Confesion	忏悔
Contemplación	沉思
Meditación	冥想
Meditacion	冥想
Meditation	冥想
Méditation	冥想
Serenata Morisca	摩尔风格小夜曲
Aires Criollos	克里奥尔曲调
Un sueño en la floresta	森林之梦
Un sueno en la floresta	森林之梦
Una limosna por el amor de Dios	看在上帝爱的份上施舍一点吧
Una limosnita por amor de Dios	看在上帝爱的份上施舍一点吧
El Ultimo Tremolo	最后的轮指
El último trémolo	最后的轮指
Madrecita	亲爱的母亲
Invocacion a Mi Madre	向母亲祈求
La Samaritana	撒玛利亚女人
Divagacion en imitacion al violin	模仿小提琴的漫想
Lob der Thränen	泪水赞
Lob der Tränen	泪水赞
Abendlied	晚歌
Unruhe	不安
Elfenreigen	精灵之舞
An die Entfernte	致远方的她
An Malvina	致 Malvina
Kinderszenen	童年情景
Abends	在夜晚
Vogel als Prophet	预言鸟
Des Abends	黄昏
La Guitare	吉他
La Guitaromanie	吉他狂热
The Art of Playing the Guitar or Cittra	吉他或 Cittra 演奏艺术
Méthode pour la guitare	吉他教程
Método para aprender a tocar la guitarra	吉他演奏教程
Metodo para aprender a tocar la guitarra	吉他演奏教程
Aria di Fiorenza & Sua Corrente	佛罗伦萨曲调及其库朗特舞曲
Allemande à 4 temps	四拍阿勒曼德舞曲
After Youve Gone	在你离开后
Blues Clair	明亮的布鲁斯
Blues en Mineur	小调布鲁斯
La Mer	大海
Embraceable You	可拥抱的你
Exactly Like You	恰好像你
Festival Swing	节庆摇摆乐
Festival	节日
Finesse	精妙
Fleche d Or	金箭
Flèche d'Or	金箭
Fleur d Ennui	烦闷之花
Eclats de Cuivre	铜管的光彩
Echoes of France	法国回声
La Marseillaise	马赛曲
Heavy Artillery	重炮
Artillerie Lourde	重炮
Honeysuckle Rose	忍冬玫瑰
Hot Lips	热吻
How High the Moon	月亮有多高
Hungaria	匈牙利
If I Had You	如果我拥有你
Improvisation	即兴曲
Japanese Sandman	日本睡魔
Just One of Those Things	不过如此
Just for Fun	只是玩乐
Keep Cool	保持镇定
Lady Be Good	姑娘，请乖一点
Oh Lady Be Good	哦，姑娘，请乖一点
Lentement Mademoiselle	慢慢来，小姐
Les Yeux Noirs	黑色的眼睛
Dark Eyes	黑色的眼睛
Yeux Noir	黑色的眼睛
Liebesfreud	爱的喜悦
Liebestraum	爱之梦
Low Cotton	稀疏的棉花
Manoir de Mes Reves	我梦中的庄园
Minor Swing	小调摇摆乐
Mixture	混合
Moonglow	月光
New York City	纽约城
Night and Day	夜与昼
Nuages	云
Oiseaux des Iles	岛上的鸟儿
Ol Man River	老河
Oriental Shuffle	东方风格的沙夫尔舞曲
Ou Es-Tu Mon Amour	我的爱人，你在哪里
Oui	是的
Parfum	香气
Peche a la Mouche	飞钓
Petits Mensonges	小谎言
Little White Lies	善意的小谎言
Please Be Kind	请温柔些
Pour Vous	献给你
Rhythm Futur	未来的节奏
Rose Room	玫瑰房间
Runnin Wild	尽情奔跑
Scatterbrain	冒失鬼
Seul ce Soir	今夜独自一人
Si Tu Savais	如果你知道
Smoke Rings	烟圈
Solid Old Man	可靠的老先生
Solitude	孤独
Songe d Automne	秋之梦
Souvenirs	回忆
Sweet Chorus	甜美的合唱
Swing Guitars	摇摆吉他
Swing de Paris	巴黎摇摆乐
Swing from Paris	来自巴黎的摇摆乐
Swingin with Django	与 Django 一起摇摆
Swinging With Django	与 Django 一起摇摆
Swingtime in Springtime	春日摇摆时光
Tea for Two	双人茶
Tears	泪水
Three Little Words	三个小小的字
Twelfth Year	第十二年
Undecided	犹豫未决
Vendredi 13	十三日星期五
Way Down Upon the Swanee River	沿着斯旺尼河
Younger Generation	年轻一代
Yours and Mine	你的与我的
ll Never be the Same	再也不会相同
Georgia On My Mind	我心中的佐治亚
And so it goes	事情就这样继续
Antonella s birthday	Antonella 的生日
Antonellas Birthday	Antonella 的生日
Bella Soave	温柔的佳人
Blood brothers	结拜兄弟
Bye bye blackbird	再见，黑鸟
Cantina senese	锡耶纳的酒馆
Change for good	向好的方向改变
Chaplin In New Shoes	穿新鞋的卓别林
Chet s ramble	Chet 的漫游
Close to you	靠近你
Close-to-you	靠近你
Countrywide	遍及乡野
Cowboy s dream	牛仔的梦
Cowboys Dream	牛仔的梦
Cowboys-dream	牛仔的梦
Day tripper	一日游人
Daytripper	一日游人
Lady madonna	麦当娜女士
Do i ever cross your mind	你可曾想起我
Doc s guitar	Doc 的吉他
Drivetime	驾车时光
El vaquero	牛仔
Endless Road	无尽的路
Eva waits	Eva 在等待
Footprints	足迹
Freight Train	货运列车
Gameshow rag	游戏节目拉格泰姆
Cannonball rag	炮弹拉格泰姆
Guitar boogie	吉他布吉舞曲
Halfway home	回家路上
Happy hour	欢乐时光
House of the rising sun	日出之屋
Ive Always Thought Of You	我一直想着你
Keep It Simple	保持简单
Livin On A Prayer	靠祈祷生活
Morning Aire	晨风
Mountains of illinois	伊利诺伊的群山
Nine Pound Hammer	九磅铁锤
Old town	老镇
Precious Time	珍贵的时光
Questions	疑问
Rachel s lullaby	Rachel 的摇篮曲
Ruby s eyes	Ruby 的眼睛
Rubys Eyes	Ruby 的眼睛
Sanitarium shuffle	疗养院沙夫尔舞曲
Saturday night shuffle	周六夜晚的沙夫尔舞曲
Secret love	秘密的爱情
Since We Met	自从我们相遇
Smokey mountain lullaby	烟雾山的摇篮曲
Stay close to me	留在我身边
Sunset	日落
Tahitian skies	塔希提的天空
Tall Fiddler	高个子的提琴手
Thats The Spirit	就是这种精神
The jolly swagman	快乐的流浪汉
The welsh tornado	威尔士龙卷风
Those Who Wait	等待的人们
Together alone	相伴却孤独
Train To Dusseldorf	开往杜塞尔多夫的列车
Travelling clothes	旅行装
Waiting For A Plane	等飞机
Waltzing matilda	流浪行囊
Windy And Warm	风暖和煦
Winnie the pooh	小熊维尼
Wonderful baby	可爱的宝贝
Wonderful land	美好的大地
Abismo de rosas	玫瑰的深渊
Apelo	呼唤
As flores	花朵
Asa branca	白翼
Asa delta	滑翔翼
Brisa do mar	海风
Cancao do amor ausente	远方爱人之歌
Cântico nordestino	东北之歌
Cantico nordestino	东北之歌
Carinhoso	深情
Chanson de ladieu	告别之歌
Chanson hiver	冬之歌
Chao de estrelas	星光铺地
Chão de estrelas	星光铺地
Consolacao	安慰
Consolação	安慰
Das Rosas	玫瑰之歌
Deixa	随它去
El Dia Que Me Quieras	你爱我的那一天
Falei e Disse	我已说了
Filho	儿子
Fim Da Linha	路的尽头
Fluido de Saudade	流动的思念
Horizon	地平线
Ingenuo	天真的人
Insonia	失眠
Lembrancas	回忆
Lotus	莲花
Marcha Escocesa	苏格兰进行曲
Naquele tempo	在那时
O Astronauta	宇航员
O Mar	海
Pastorinhas	牧羊姑娘们
Pausa para meditacao	冥想小憩
Por causa de voce	因为你
Pra Dizer Adeus	为了说再见
Preludio ao coracao	心的前奏曲
Retrato Brasileiro	巴西肖像
Retrato Brasiliero	巴西肖像
Revendo O Passado	回望过去
Samba Do Aviao	飞机桑巴
Samba Triste	悲伤的桑巴
Sentimentos	情感
Sermao	布道
Simplesmente	简简单单
So por amor	只为爱
Sons De Carrilhoes	钟琴之声
Swimming Bossa Nova	游泳波萨诺瓦
Tema Triste	悲伤的主题
Tempo Feliz	快乐时光
Tributo A Um Amigo	致敬一位朋友
Tristeza E Solidao	悲伤与孤独
Ultimo Porto	最后的港口
Velho Amigo	老朋友
Velhos natais	昔日圣诞
Vento Vadio	游荡的风
Viagem	旅程
Violao	吉他
Waltzing	跳圆舞
Eu e Você	我和你
Eu e Voce	我和你
La Cajita de Musica	小音乐盒
Voyageur Solitaire	孤独的旅人
Flor de Pasion	热情之花
Perpetual motion	无穷动
Colibri	蜂鸟
Dulces Cadenas	甜蜜的枷锁
Miradas y Sonrisas	目光与微笑
El Inspirado	灵感之人
La Marcial	雄壮之曲
Pensando en ella	想着她
Miniatura	微型曲
Arrulos	轻声哄唱
Arrullos	轻声哄唱
El Pimpollito	小花蕾
Rimas	诗韵
Reminiscencias	回忆
Danza de las horas	时辰之舞
El Melodioso	旋律之人
La Aristocratica	贵族姑娘
La aristocrática	贵族姑娘
La Bailable	可起舞之曲
La Espiritual	灵性的姑娘
La espiritual	灵性的姑娘
La ideal	理想的她
La elegante	优雅的姑娘
La Gioconda	欢乐的姑娘
Espontanea	自然流露
Espontánea	自然流露
Filigrana	精巧的饰纹
Mis aspiraciones	我的憧憬
Nenufar	睡莲
Nenúfar	睡莲
El Zorzal	鸫鸟
Andante Tranquilo	宁静的行板
El escandaloso	喧闹之人
El andalúz	安达卢西亚人
El andaluz	安达卢西亚人
Zamba y vidalita oriental	赞巴舞曲与东部风格维达莉塔小歌
El mestre	老师
El Testament d Amelia	阿梅莉亚的遗言
El Testament d'Amelia	阿梅莉亚的遗言
El Testament d’Amelia	阿梅莉亚的遗言
El Testament De Amelia	阿梅莉亚的遗言
El Noi de Mare	圣母之子
El Noy De La Mare	圣母之子
La Pastoreta	小牧羊女
La Filla del Marxant	商人的女儿
La Fila del Marxant	商人的女儿
La Nit de Nadal	圣诞之夜
Lo Fill del Rei	国王之子
Lo Rossinyol	夜莺
Plany	哀叹
Respuesta	回应
Estilo Popular Argentino	阿根廷民间风格曲
Estilo Popular Criollo	克里奥尔民间风格曲
Canco De Lladre	盗贼之歌
Canciones Populares Catalanas	加泰罗尼亚民歌
L Hereu Riera	Riera 家的继承人
LHereu Riera	Riera 家的继承人
Les Adieux	告别
Harmonie du soir	夜晚的和谐
Pensee fugitive	一闪而过的念头
Pensée fugitive	一闪而过的念头
Pianto dell amante	恋人的哭泣
Le Gondolier	贡多拉船夫
Le Romantique	浪漫之人
La Rimembranza	回忆
Der Prophet	先知
Die Nachtwandlerin	梦游女
Die Zigeunerin	吉卜赛姑娘
Die lustigen Weiber von Windsor	温莎的风流娘儿们
Der fliegende Hollander	漂泊的荷兰人
Der fliegende Holländer	漂泊的荷兰人
Russisches Zigeunerlied	俄罗斯吉卜赛歌曲
Thüringer Volkslied	图林根民歌
Schule für die Gitarre	吉他教程
Spanische Nationaltänze	西班牙民族舞曲
Fantasie Hongroise	匈牙利幻想曲
Fantaisie hongroise	匈牙利幻想曲
Restlessness	不安
Night Violets	夜紫罗兰
Nachtviolen	夜紫罗兰
L Étoile du Nord	北极星
Original Steyrer Tänze	原创施蒂尔舞曲
Originelle Ungarische	原创匈牙利风格曲
Le repertoire du guitarriste	吉他演奏者曲目
Morceaux modernes et non difficiles	现代简易乐曲
Le guitariste au salon	沙龙中的吉他演奏者
Fleurs du Bal	舞会之花
Collection de Quadrilles Valses Polkas etc themes des Operas italiens	四对舞、圆舞曲、波尔卡等意大利歌剧主题曲集
Le Delizie dell Italia	意大利佳曲
Le Delizie dell'Italia	意大利佳曲
La Lyre Amoureuse	多情的里拉琴
La Lyre Harmonieuse	和谐的里拉琴
La Nouvelle Lyre	新里拉琴
Bouquet musical	音乐花束
Pieces choisies des operas Modernes	现代歌剧精选乐曲
Pièces choisies des opéras modernes	现代歌剧精选乐曲
Amusement pour les Dames	献给女士们的消遣曲
Morceaux de l'Opera	歌剧选曲
Souvenir du Hazey	Hazey 的回忆
Home sweet home	家，甜蜜的家
Guitar Compositions from Yugoslavia	南斯拉夫吉他作品
Sonata for two guitars	双吉他奏鸣曲
Suite for two guitars	双吉他组曲
Variations brillantes sur un theme original	原创主题华丽变奏曲
Variations brillantes sur un thème original	原创主题华丽变奏曲
Fantaisie et variations sur un air ecossais	苏格兰曲调幻想曲与变奏
Fantaisie et variations sur un air écossais	苏格兰曲调幻想曲与变奏
Original Theme with Variations	原创主题与变奏
Air favori avec variations	心爱曲调与变奏
Their songs Melodies by guitar pupils, grades 1 – 3, with accompaniment for the teacher. Arr. S. Eythorsson	他们的歌：吉他学生的旋律，第1至3级，附教师伴奏；原题编改署名 S. Eythorsson
Introduction Variations on a Favorite Air by Count Gallemberg, No. 6 of a series of duets for the Guitar Piano Forte . Op. 19	引子与心爱曲调变奏，原题曲调署名 Count Gallemberg；吉他与钢琴二重奏系列第6号，作品19
Three Themes with Variations for the Spanish Guitar	西班牙吉他的三首主题与变奏
24 Thêmes Choisis parmi les plus beaux Airs nationaux des divers peuples de l Europe et les Motifs favoris des Compositeurs Français, Allemands et Italien	24首主题精选：欧洲各民族优美曲调及法国、德国、意大利作曲家的心爱主题
Choro para Metronomo	为节拍器而作的肖罗
Choro Para Metronomo	为节拍器而作的肖罗
Canaries 2 guitares	双吉他卡纳里舞曲
El Gato (Baile Popular Argentino)	加托舞曲（阿根廷民间舞）
Lecon de Guitare	吉他课题
Lessons for Guitar	吉他课题
30 Progressive Lessons	30首渐进课题
Accents d Amor	爱的声调
Flores de Primavera	春花
Primavera	春天
Primavera Porteña	港城之春
Invierno Porteño	港城之冬
Otoño Porteño	港城之秋
Verano Porteño	港城之夏
Otono Porteno	港城之秋
Invierno Porteno	港城之冬
Verano Porteno	港城之夏
Primavera Portena	港城之春
La Muerte del Angel	天使之死
La Muerte del Ángel	天使之死
La Resurreccion del Angel	天使的复活
La Resurrección del Ángel	天使的复活
La muerte del Angel Tango	天使之死探戈
La Vida Breve	短暂的人生
Danza del Molinero	磨坊主之舞
Dance of the Miller	磨坊主之舞
Soleares	索莱阿雷斯
Garrotin	加罗廷舞曲
Garrotín	加罗廷舞曲
Rondeña	龙达风格舞曲
Rondena	龙达风格舞曲
Aire Criollo	克里奥尔曲调
El Choclo	玉米棒
El dia que me quieras	你爱我的那一天
Por Una Cabeza	一步之遥
Volver	归来
Adiós	再见
Adios	再见
Adios Muchachos	再见，朋友们
Alfonsina y el mar	阿尔丰西娜与大海
Balada para un loco	给疯子的叙事歌
La Fiesta	节日
Se ela perguntar	如果她问起
Se Ela Perguntar	如果她问起
Promessa	承诺
Sei Ela Pergundar	如果她问起
Dedilhando	拨弦
Sons de Carrilhoes	钟琴之声
Lua Branca	白月亮
Noite de Lua	月夜
Noite Feliz	幸福的夜晚
Saudades de Infância	童年的怀念
Saudades de Infancia	童年的怀念
Saudade de Infância	童年的怀念
Saudade de Infancia	童年的怀念
Magoado	受伤的心
Sonho de Amor	爱情之梦
Um Sonho	一个梦
Despertar	醒来
Despertando	正在醒来
Esperança	希望
Esperanza	希望
Esperanca	希望
Eterna Saudade	永恒的思念
Luar	月光
Ternura	温柔
Carinho	爱意
Amor	爱
Flor de Amor	爱情之花
Sonata del Sol	太阳奏鸣曲
Vals de los Sueños	梦的圆舞曲
Vals de los Suenos	梦的圆舞曲
Suite d amour	爱情组曲
Suite d'amour	爱情组曲
Guitarre Etuden	吉他练习曲
Gitarren Etuden	吉他练习曲
Gitarre Etuden	吉他练习曲
Studies in Style	风格练习曲
Free association	自由联想
The Frog Galliard	青蛙加利亚德舞曲
The King Of Denmark's Galliard	丹麦国王加利亚德舞曲
The Queen's Almain	女王阿勒曼德舞曲
Lachrimae Pavan	泪之帕凡舞曲
Lachrimae Pavane	泪之帕凡舞曲
Lachrimae	泪
Fancy	幻想曲
Fantasia del Tercer Tono	第三调式幻想曲
Fantasia del Cuarto Tono	第四调式幻想曲
Fantasia del Sexto Tono	第六调式幻想曲
Fantasia del Septimo Tono	第七调式幻想曲
Fantasia del Octavo Tono	第八调式幻想曲
Fabordones del octavo tono	第八调式法布尔东
Fantasia Del Primer Tono Sobre Fa Mi Ut Re	第一调式幻想曲，主题为 Fa Mi Ut Re
Fantasia Del Primer Tono Sobre Fa Ut Mi Fa	第一调式幻想曲，主题为 Fa Ut Mi Fa
El beso	吻
El Joven Simpatico	讨人喜欢的年轻人
Elves at Play	嬉戏的精灵
Dolci Rimembranze	甜蜜的回忆
La Vedova Allegra	快乐的寡妇
Sconforto	灰心
Sposi Felici	幸福的夫妻
El Reportaje	报道
Entre Amigos	朋友之间
Primi albori	初现的曙光
Sorpresa	惊喜
Flores Silvestres	野花
Solitudine	孤独
Non dimenticarmi	不要忘记我
Ultime Lagrime	最后的泪水
La Rondinella	小燕子
La Bella Veneziana	美丽的威尼斯女子
Tiempos Viejos	旧日时光
Gotas de Rocio	露珠
Todo es Engano	一切都是骗局
Amor Maternal	母爱
Adoracion	爱慕
Il Sogno del Pastore	牧人的梦
De mi epoca	我的年代
Tambien Mi Rancho se Llueve	我的小屋也漏雨
La Caprichosa	任性
Primo Bacio	初吻
Caricia	抚慰
Sonrisas	笑容
Brisas Campestres	乡野微风
Penas Secretas	隐秘的悲伤
El Viaje Eterno	永恒的旅程
Al Fin Solos	终于独处
Entre dos Luces	两道光之间
La Visita	来访
La Prometida	未婚妻
Lejos de Ti	远离你
La mia Cara	我的亲爱之人
Polish Fantasy	波兰幻想曲
Un Ballo in Maschera	假面舞会
La Stella d’Italia	意大利之星
Dopo Mezzanotte	午夜之后
Danza dei Seleniti	月球居民之舞
El elegante	优雅
El veloz	疾速
El último adios	最后的告别
La simpatía	亲切
Die Ufer des Rheins	莱茵河岸
Les clochettes	小铃铛
La ballerina	女舞者
Les Chrysanthèmes	菊花
Les Chrysanthèmes Petite Mazurka	菊花：小玛祖卡舞曲
Air Orchestral Suite No. 3	第3号管弦乐组曲中的咏叹调
Sarabande – French Suite 1 duets	第1号法国组曲中的萨拉班德舞曲：二重奏
German Song	德国歌曲
Spanish Fantasy	西班牙幻想曲
Spanish Valse	西班牙圆舞曲
Spanish Mazurka	西班牙玛祖卡舞曲
Spanish March	西班牙进行曲
Irish Suite	爱尔兰组曲
Irish March	爱尔兰进行曲
Danish March	丹麦进行曲
Military March	军队进行曲
Wedding March	婚礼进行曲
Funeral March	葬礼进行曲
Pizzicato Polka	拨弦波尔卡
Radetzky March	拉德茨基进行曲
Autumn song	秋之歌
Neapolitan melody	那不勒斯旋律
Slow waltz	慢速圆舞曲
Microscopic Waltz	微型圆舞曲
Miniature Waltz	小型圆舞曲
West Coast Blues	西海岸布鲁斯
September Song	九月之歌
Spanish Fantasy	西班牙幻想曲
Just An Old Fashioned Love Song	不过是一首老式情歌
Telephone Song	电话之歌
Cuban Love Song	古巴情歌
Papagenos Song	帕帕盖诺之歌
Humming Song	哼唱曲
Sorceress Song	女巫之歌
River Boat Song	河船之歌
White House Blues	白宫布鲁斯
Basin street blues	Basin Street 布鲁斯
Limehouse Blues	Limehouse 布鲁斯
Basin Street	Basin Street
Tiger Rag	老虎拉格泰姆
Water Sprite Waltz	水精灵圆舞曲
Wide Awake Schottische	清醒的肖蒂什舞曲
Wide Awake Polka	清醒的波尔卡
Happy Heart Polka	快乐的心：波尔卡
Happy Memories Waltz	快乐的回忆：圆舞曲
Happy Dream Waltz	幸福之梦：圆舞曲
Happy Hours March	快乐时光进行曲
Chiming Bells Serenade	铃声小夜曲
The Phonograph Waltz	留声机圆舞曲
Constellation March	星座进行曲
Delight Polka	喜悦波尔卡
Elfin Gavotte	精灵加沃特舞曲
Unique Gavotte	独特的加沃特舞曲
Cheerful Schottische	欢快的肖蒂什舞曲
Christmas Bells March	圣诞钟声进行曲
College Songs Polka	学院歌曲波尔卡
Highland Lassie Waltz	高地姑娘圆舞曲
Maiden s Blush Waltz	少女的羞红：圆舞曲
Silver Chimes Waltz	银铃圆舞曲
Silvery Moonlight Waltz	银色月光圆舞曲
Spanish Students Waltz	西班牙学生圆舞曲
Swedish Soldiers March	瑞典士兵进行曲
White Moss-Rose March	白色苔藓玫瑰进行曲
White Rose Polka	白玫瑰波尔卡
Woodland Mazurka	林地玛祖卡舞曲
Favorite Russian Melody with Introduction and Variations	俄罗斯旋律选曲：引子与变奏
Cupid s Dream Waltz	丘比特之梦：圆舞曲
Evening Breezes Waltz	晚风圆舞曲
Garden Waltz	花园圆舞曲
Norwegian Melody	挪威旋律
Slumber Song	安睡之歌
Tyrolese Mazurka	蒂罗尔玛祖卡舞曲
Dewdrop Mazurka	露珠玛祖卡舞曲
Ever the same Waltz	始终如一：圆舞曲
Crown Waltz	王冠圆舞曲
Crystal Schottische	水晶肖蒂什舞曲
Dahlia Schottische	大丽花肖蒂什舞曲
Fascination Mazurka	魅力玛祖卡舞曲
Shady Dell Polka	幽暗山谷波尔卡
Sleigh Bell Schottische	雪橇铃肖蒂什舞曲
Radiance Polka	光辉波尔卡
Violet Schottische	紫罗兰肖蒂什舞曲
Awful Cute Schottische	可爱极了：肖蒂什舞曲
Amaranth Waltz	苋花圆舞曲
Farewell Gavotte	告别加沃特舞曲
Folk waltz	民间圆舞曲
Première Fantaisie	第1号幻想曲
Premier Nocturne	第1号夜曲
Quatrieme Serenade	第4号小夜曲
Second Suite	第2号组曲
Quasi una Sonata	如同奏鸣曲
Pequeña romanza	小浪漫曲
Etude from the new 1 Part of the guitar school	新吉他教程第1部分中的练习曲
Souvenir d amitie	友谊的回忆
Fete Villageoise rondo caprice	乡村节庆：回旋随想曲
Invitation à la Gavotte	加沃特舞曲之邀
Choro Para Bordoes	低音弦肖罗
Afro Cuban Lullaby	非洲古巴摇篮曲
Un Sueno en la Floresta	林中的梦
Sueno en la Floresta	林中的梦
Un Sueno En La Floresta1	林中的梦（原题标记：1）
Sleep of the little doll	小娃娃的梦
Un Sueno En La Floresta	林中的梦
Hilandera	纺纱女
Romanza En Imitacion Al Violoncello	模仿大提琴的浪漫曲
Romanza En Imitacion Al Violincello	模仿大提琴的浪漫曲
Pais De Abanico	扇子之国
Arabescos	阿拉伯风格曲
Alegro Sinfonico	交响风格快板
Junto A Tu Corazn	靠近你的心
Cueca (Danza de Chile)	库埃卡舞曲（智利舞蹈）
Las Abejas (The Bees)	蜜蜂
Madrecita (Little Mother)	亲爱的妈妈
Suite Andina (Aconquija)	安第斯组曲（Aconquija）
Lagrima (Variations On A Theme Of Tarrega)	泪（塔雷加主题变奏曲）
26 Studies. (Collection Metodo Sor – Coste)	26首练习曲（《Sor–Coste 教程》选集）
L Encouragement	鼓励
marche religieuse	宗教进行曲
Pièce de chasse – Hunting Piece	狩猎小品
12 etudes (suite de l’oeuvre 6)	12首练习曲（作品6的续篇）
24 leçons progressives	24首渐进课题
Studien	练习曲
Cinquième divertissement, très facile	第5号嬉游曲，极简易
Cinquieme divertissement tres facile pour la guitare	第5号吉他嬉游曲，极简易
Huite Petite Pieces	八首小品
Douze etudes pour la guitare (Second Book)	十二首吉他练习曲（第2册）
Six valses arrangees poour deux guitar	为双吉他改编的六首圆舞曲
Troisieme fantaisie composee pour la guitare	为吉他而作的第3号幻想曲
Vingt Quatre Petites peces progressives pour servir de lecons aux Eleves tout a fait commencants	供初学者练习的二十四首渐进小品
Voyons si c est ca six pieces faciles	看看是不是这样：六首简易小品
Fantaisies, guitar	吉他幻想曲
Six airs de Mozart	六首 Mozart 曲调
Vingt quatre exercices très faciles et doigtées	二十四首标有指法的极简易练习
Etudes instructives faciles et agreables	教学性、简易且悦耳的练习曲
Potpourri Nazionale Romano	罗马民族旋律集成曲
Variazioni concertanti	协奏性变奏曲
Introduction et Variations on Gentil houssard	《英俊的骠骑兵》引子与变奏
Introduction et variations sur l’air, Gentil houssard	《英俊的骠骑兵》曲调的引子与变奏
Introduction et variations sur l’air, Malbrough s’en va-t-en guerre	《马尔布鲁出征》曲调的引子与变奏
Introduction et Variations on Marlbrough s en va-t-en guerre	《马尔布鲁出征》引子与变奏
Introduction et variations sur l’air, Que ne suis-je la fougère	《但愿我是蕨草》曲调的引子与变奏
12 Ländler op. 23 12 Monferine op. 12	12首兰德勒舞曲（作品23）；12首蒙费里纳舞曲（作品12）
1er pot-pourri pour la guitarre	第1号吉他集成曲
4me potpourri pour la guitarre	第4号吉他集成曲
Recueil de pièces faciles agréables pour la guitarre	简易悦耳的吉他乐曲集
Etudes instructives, faciles et agréables pour la guitarre	教学性、简易且悦耳的吉他练习曲
Six variations sur un theme original	六首原创主题变奏曲
Esercizio per la chitarra contenente 24 pezzi della maggiore difficoltá, diversi preludi, passagi ed assolo	吉他练习：24首高难度乐曲及若干前奏曲、经过句和独奏段
BWV 565 Toccata and Fugue in D minor for Organ	D小调管风琴托卡塔与赋格，BWV 565
Chromatic Fantasy and Fugue	半音阶幻想曲与赋格
Orchestral Suite	管弦乐组曲
Two and Three Part Inventions	二声部与三声部创意曲
English Suite	英国组曲
Franzosische Suiten	法国组曲
Franzosische Suite	法国组曲
Cembalo	羽管键琴
Sheep may safely graze	羊群可以安然吃草
Ich ruf’ zu dir, Herr Jesu Christ	我向你呼求，主耶稣基督
Lass mein Herz die Munze sein	让我的心成为那枚硬币
Romanza EnImitacion Al Violoncello	模仿大提琴的浪漫曲
Preludio número 1 para guitarra Preludio número 2 para guitarra	吉他前奏曲第1号与第2号
Endecha-Oremus preludios	悲歌与祈祷：前奏曲
Las dos hermanitas dos valses para guitarra	两姐妹：两首吉他圆舞曲
Brazil	巴西
Brazil 1953	巴西（1953）
Chicago	芝加哥
Charleston	查尔斯顿舞曲
Fantasie Sur une Danse Norvegienne	挪威舞曲主题幻想曲
In a Sentimental Mood	感伤的情绪
Folie a Amphion	Amphion 的迷狂
I m Coming Virginia	我来了，弗吉尼亚
Duke and Dukie	Duke 与 Dukie
Miyazaki s dream	Miyazaki 的梦
Saudades de Marcia	思念 Marcia
Estorias de Alcantara	Alcantara 的故事
Berceuse a jussara	献给 Jussara 的摇篮曲
A lenda do abaete	Abaete 的传说
Alo ernesto	你好，Ernesto
Bom de dedo	灵巧的手指
Pour Clo	献给 Clo
Pour Sonia	献给 Sonia
Jongo	琼戈舞曲
Spinning Song	纺纱歌
La Preso De Lleida	莱里达的监狱
Biancas Midnight Lullaby	Bianca 的午夜摇篮曲
Heathers Song	Heather 的歌
Jimbos lullaby	Jimbo 的摇篮曲
Mistletoe Waltz	槲寄生圆舞曲
Pensées du Soir	晚间思绪
Slow Blues	慢速布鲁斯
Choro de Saudade (Nostalgic Song)	思念的肖罗（怀旧之歌）
Red plume polka	红羽波尔卡
In the deep ocean floor Old Song	深深的海底：古老歌曲
Estudios Poeticos Serenata	诗意练习曲：小夜曲
Capitol March	国会大厦进行曲
Capitol	国会大厦
Paganini Sonata	帕格尼尼奏鸣曲
Marches de l opera Trajano in Dacia	《Trajano in Dacia》歌剧进行曲
Lettre a soi meme	给自己的信
A Vóz do Violão	吉他的声音
Alma Nortista	北方人的灵魂
Luar de Maio	五月的月光
Pintassilgo Apaixonada	热恋的金翅雀
Terno Olhar	温柔的目光
Uma Noite em Haifa	海法的一夜
Esperanca perdida	失落的希望
Esperanca Perdida	失落的希望
Girl from ipanema	伊帕内玛的姑娘
Solidao	孤独
Noite de luna	月夜
Aint Cha Got Tired	你还没累吗
Away In A Manger	在马槽中
Blowin In The Wind	答案在风中飘
Both Sides Now	如今从两面看
Cheek To Cheek	脸贴脸
Chinatown My Chinatown	唐人街，我的唐人街
Cindy Oh Cindy	Cindy，啊 Cindy
Copper Kettle	铜壶
Country Champagne	乡村香槟
Country Gentlemen	乡村绅士
Drown In My Own Tears	淹没在自己的泪水中
Entertainer	艺人
Give The World A Smile	给世界一个微笑
Gotta Travel On	必须继续前行
Happy Again	再次快乐
Hark The Herald Angels	听，天使报信
Hello My Baby	你好，我的宝贝
I Aint Gonna Work Tomorrow	明天我不干活
I Will Say She Does	我会说她确实如此
Just As I Am	就照我的本来模样
Lil Red Riding Hood	小红帽
Me And Bobby Mcgee	我和 Bobby McGee
Mister Sandman	睡魔先生
Mr guitar	吉他先生
Nut Sundae	坚果圣代
Sails	风帆
Solace	慰藉
Understand Your Man	理解你的男人
Waiting For Susie B	等待 Susie B
Were You There	你当时在场吗
Wheels	车轮
Whispering	轻声细语
Yes Maam	是的，女士
Yesterdays	往日
bluebell	风铃草
Impressions Of Susan	Susan 的印象
Requiem For John Hurt	献给 John Hurt 的安魂曲
America	美洲
Episcopal Hymn	圣公会赞美诗
Im Gonna Do All I Can For My Lord	我要为我的主竭尽所能
Last Steam Engine Train	最后一列蒸汽火车
Poor Boy Long Ways From Home	远离家乡的可怜男孩
Red Pony	红色小马
Sea Of Love	爱的海洋
Steel Guitar Rag	钢棒吉他拉格泰姆
Stomping Tonight On The Pennsylvania Alabama Border	今夜在宾夕法尼亚与阿拉巴马交界处踏步舞动
The Assassination Of Stephan Grossman	对 Stephan Grossman 的刺杀
Uncloudy Day	晴朗的一天
Agua de Beber	饮水
Chega De Saudade	不再思念
Desafinado	跑调
Engano	欺骗
Favela	贫民区
How Insensitive	多么冷漠
Inutil Paisagem	徒然的景色
Meditacao (Meditation)	沉思
Once I Loved	我曾爱过
Samba De Una Nota	单音桑巴
Samba de Aviao	飞机桑巴
So Danco Samba	我只跳桑巴
Vivo Sonhando	我总在做梦
Wave	波浪
Chanson Pour Delphine	献给 Delphine 的歌
Elephant	大象
Five Crotchets	五个四分音符
Snowflakes	雪花
The Princes Toys	王子的玩具
Clockwork Monkey	发条猴子
Doll With Closing Eyes	会闭眼的娃娃
Playing With Soldiers	玩士兵玩具
The Prince Is Being Capricious	王子在任性
The Carriage	马车
Morning Rain	晨雨
Once Upon A Rainy Day	某个雨天
Dr. Sabe-Todo	万事通博士
Dr.Sabe Tudo	万事通博士
Ve se te agrada See if it pleases you	看看你喜不喜欢
Velha Seresta	古老小夜曲
Africa	非洲
All Laid Back And Stuff	轻松自在之类的事
Common Ground	共同点
Wonderful baby (don mclean)	可爱的宝贝（原题括注：Don McLean）
House of the rising sun – fragment	日升之屋（片段）
Imagine (live on youtube)	想象（YouTube 现场版）
Mountains-of-illinois-extract	伊利诺伊的群山（节选）
Papa George	George 爸爸
Villa De Martin	Martin 的别墅
Sweet Georgia Brown	可爱的 Georgia Brown
Sweet Sue, Just You	亲爱的 Sue，只有你
To Each His Own Symphonie	每个人有自己的交响曲
Tons d Ebene	乌木音色
Viper s Dream	毒蛇之梦
Studio 24	24号录音室
Tornerai (J Attendrai)	你会回来（我会等待）
Miss Annabelle Lee	Annabelle Lee 小姐
Blue Lou	忧郁的 Lou
Bach, Double Violin Concerto	Bach 双小提琴协奏曲
