cglib:15935	D大调随想曲（此处题录归于Placide Marie Pichler；Haslemere稿本）
cglib:15943	降B大调魏斯组曲（Haslemere稿本）
cglib:15944	A大调《Madimosella Tieroliena》（WeissSW；Wroclaw稿本）
cglib:15945	A大调组曲（WeissSW；Haslemere稿本）
cglib:15952	降B大调小步舞曲，Junior Weis署名（WeissSW10、SW83；Wroclaw稿本）
cglib:15967	D小调组曲第6号，SL Weiss署名（WeissSW11；德累斯顿稿本）
cglib:15970	悼念Cajetan Baron d’Hartig之逝，降E小调（WeissSW11；伦敦稿本）
cglib:15973	A大调组曲第17号，题录署名Sigism. Weiss的奏鸣曲（WeissSW12；德累斯顿稿本）
cglib:15985	爱抱怨的小姐：小步舞曲（WeissSW16；维也纳稿本）
cglib:15991	A大调活泼曲，Weiss署名（WeissSW16；Haslemere稿本）
cglib:15992	降E大调前奏曲，Silvio Leopold Weis署名（WeissSW17；伦敦稿本）
cglib:16002	D大调组曲第2号：前奏曲与组曲（WeissSW2、SW18；维也纳稿本）
cglib:16007	悼念Logÿ伯爵于1721年逝世，降B小调（WeissSW20；伦敦稿本）
cglib:16008	D小调二重奏组曲，Parte第6号（WeissSW20+SW5；伦敦稿本）
cglib:16009	C大调魏斯前奏曲（WeissSW21；伦敦稿本）
cglib:16017	C大调加沃特舞曲（WeissSW23；伦敦稿本）
cglib:16033	F大调组曲第XXII号：著名的海盗（WeissSW28；伦敦稿本）
cglib:16034	D大调《Paisane》（WeissSW28；华沙稿本）
cglib:16036	A小调组曲第XXIII号：不忠者（WeissSW29；伦敦稿本）
cglib:16061	降B大调组曲第24号，Sylv. Leop. Weiss署名的奏鸣曲（WeissSW4、SW31；德累斯顿稿本）
cglib:16062	C大调组曲第12号，献给Lobkowit公爵殿下（WeissSW40；德累斯顿稿本）
cglib:16063	D小调阿勒曼德舞曲（WeissSW41；Harrach稿本）
cglib:16067	A小调组曲第6号（WeissSW41SW29；华沙稿本）
cglib:16068	F大调随想曲，M Weis署名（WeissSW42；Harrach稿本）
cglib:16076	A大调琉特琴、小提琴与低音组曲，Sigre Weiss署名（WeissSW44；Harrach稿本）
cglib:16090	D小调组曲（WeissSW51、SW11、SW13、SW93、SW3；华沙稿本）
cglib:16095	降B大调琉特琴与横笛合奏曲，Sig.re Weis署名（WeissSW6；伦敦稿本）
cglib:16103	A大调库朗特舞曲，Ct Logi署名（WeissSW66；Haslemere稿本）
cglib:16104	A大调前奏曲与同一作者的吉格舞曲，Mr. Weise署名（WeissSW66；Harrach稿本）
cglib:16105	A大调组曲第2号：意大利精神，Mr Weis署名（WeissSW66；维也纳稿本）
cglib:16110	F小调雅致小品（WeissSW69；莫斯科稿本）
cglib:16115	D大调阿勒曼德舞曲，题录归于Wolff Jacob Lauffensteiner（WeissSW71；Haslemere稿本）
cglib:16118	D小调《Alternatti》（WeissSW73；莫斯科稿本）
cglib:16119	D小调《Alternatti》（WeissSW73；华沙稿本）
cglib:16120	降B大调阿勒曼德舞曲（WeissSW73、SW83；布尔诺稿本）
cglib:16125	C大调与A小调二重奏，Weiss S署名（WeissSW78；Harrach稿本）
cglib:16127	C小调组曲第4号，Sylv. Weis署名（WeissSW79、SW7；Harrach稿本）
cglib:16128	降B大调琉特琴与横笛合奏曲，Sig.re Weis署名（WeissSW8；伦敦稿本）
cglib:16131	D小调组曲第5号，M Weis署名（WeissSW80、SW15、SW61；Harrach稿本）
cglib:16133	C大调库朗特舞曲（WeissSW81、SW88；Whberg署名；Göttweig稿本）
cglib:16135	C大调与C小调组曲第6号，Sig Weiß署名（WeissSW81、SW88；Harrach稿本）
cglib:16137	D小调组曲第7号，Sigre Sylv. Weis署名（WeissSW82；Harrach稿本）
cglib:16139	Johann Georg Weichenberger组曲中的库朗特舞曲（WeissSW83；华沙稿本）
cglib:16140	降B大调组曲中的库朗特舞曲，题录归于Johann Georg Weichenberger（WeissSW83；Haslemere稿本）
cglib:16142	降B大调组曲第8号，Sig.re Sylv. Weis署名（WeissSW83、SW73、SW10；Harrach稿本）
cglib:16157	D大调小品两首：前奏曲与加沃特舞曲（WeissSW92；Wroclaw稿本）
cglib:16169	A大调库朗特舞曲，题录记为同一作者（WeissSW99；华沙稿本）
cglib:16170	A大调库朗特舞曲，题录记为同一作者（WeissSW99；华沙稿本）
cglib:16171	小品两首：引子与阿勒曼德舞曲（华沙稿本）
