# Complete source readings in frozen first 1800 retained pool; Latin quotation is deliberate.
cglib:1100	retained	Aus Schulle中的Schulle拼写及所指不明，未把它擅改为Schule。
cglib:1102	retained	Wuzerl为方言词，当前原题不足以确定具体指称。
cglib:1104	retained	Lok’re缩写或方言拼写不明，无法确定完整题义。
cglib:1106	retained	Batenke所指或拼写不明，未按相似普通词猜译。
cglib:1122	reference	谁想出了爱情
cglib:1159	reference	Hérold歌剧〈Zampa〉主题幻想曲或集成曲
cglib:1160	reference	Cordobesa：哈巴涅拉舞曲（曼陀林与吉他，第二曼陀林可选；原题标二重奏）
cglib:1161	reference	Sensitiva：第4首哈巴涅拉舞曲（曼陀林与吉他，第二曼陀林可选；原题标二重奏）
cglib:1162	reference	Zaragoza：快步进行曲（曼陀林与钢琴，第二曼陀林可选；原题标二重奏）
cglib:1177	reference	索尔主题变奏曲（第1系列第3号）
cglib:1182	reference	Manuelito（第1系列第7号）
cglib:1187	reference	Gaëtana（第2系列第11号）
cglib:1192	reference	Fausto（第2系列第16号）
cglib:1197	reference	Guayabito（第2系列第20号）
cglib:1204	reference	〈El paño〉，又名〈Punto de La Habana〉主题幻想曲（第2系列第5号）
cglib:1223	retained	Gaetana为专名，原题未给出可可靠对应的中文名。
cglib:1224	retained	Güayabito的具体指称未确认，保留原拼写。
cglib:1235	retained	Manuelito为人名形式，未确认所指及通行中文名。
cglib:1237	retained	Marina可指人名或海滨景象，原题无法区分。
cglib:1238	reference	Flotow的〈Marta〉
cglib:1248	reference	哈瓦那的蓬托曲
cglib:12521	retained	Alcantara为地名或专名，原题未明确所指。
cglib:12527	retained	Aria morrer组合的语法或源拼写不明，不补写缺词。
cglib:12531	reference	Baixo de pau（低音声部）
cglib:12532	retained	Baixo de pau可涉及乐器或专名用法，原题无法确认具体题义。
cglib:12535	retained	Bluesette为创作题名，未拆成普通单词臆造译名。
cglib:12537	retained	Branca可为人名或形容词，原题未说明所指。
cglib:12538	reference	巴西风情
cglib:12547	retained	Cego aderaldo含人物称谓与专名，未确认标准姓名及源拼写。
cglib:12553	retained	Chara的语言和具体指称未确认。
cglib:12559	retained	Dindi为专名题名，未确认对应的中文名称。
cglib:12560	retained	Dora为人名，未确认所指及通行中文名称。
cglib:12561	retained	E Dei Lei的词形或语境不明，不推测缺词或语言。
cglib:12563	reference	圣灵（Oxala）
cglib:12566	reference	欧律狄刻（1964）
cglib:12567	reference	欧律狄刻（1967）
cglib:12568	reference	欧律狄刻（1975）
cglib:1257	reference	索尔主题变奏曲
cglib:12573	reference	Furinha之子（诙谐）
cglib:12583	reference	〈眼睛之诗…〉的引子
cglib:12584	reference	五木摇篮曲（1970）
cglib:12585	reference	五木摇篮曲（1971）
cglib:1259	reference	化装舞会
cglib:12591	retained	Linda可能为人物名或形容词，原题不足以确定。
cglib:12599	reference	在Baixa do Sapateiro（Bahia）
cglib:1261	reference	吻：华丽圆舞曲（Aldighieri作词，F Castelli吉他改编；第二吉他可选，原题标二重奏）
cglib:1262	reference	吻：华丽圆舞曲（Aldighieri作词）
cglib:12636	retained	Tapiilraiauara的源拼写及所指未确认，不按近似词猜译。
cglib:12653	retained	开头t was疑似缺字，无法确认完整原句。
cglib:1269	reference	萨尔苏埃拉〈Marina〉中的探戈
cglib:1271	retained	Fra Diavolo为专名题名，保留原词，不在缺少上下文时按普通词义定名。
cglib:1272	retained	Hence disconten中的disconten疑似截断，保留完整来源文字。
cglib:1274	retained	Though far from the的主句与引用关系残缺，未补写缺失歌词。
cglib:12799	reference	Auber歌剧〈波尔蒂契的哑女〉主题吉他集成曲，作品13
cglib:12801	reference	V. Bellini歌剧〈诺尔玛〉主题幻想曲，作品23
cglib:12803	reference	六首三重奏，作品31（横笛或加弱音器的小提琴与两把吉他）
cglib:12805	reference	〈Steh mur auf du Schweizerbub〉主题吉他变奏曲，作品9
cglib:1291	reference	鲁特琴组曲第4号，BWV1006A（源调性标记E-Durl保留）
cglib:12979	reference	杜姆卡
cglib:12987	reference	七弦吉他理论与实践教程
cglib:12988	reference	〈Gdy zza Lasa, Laseczka〉主题变奏曲：流行波尔卡
cglib:1305	reference	D小调管风琴托卡塔与赋格，BWV565
cglib:13068	reference	Carlitos（埃斯蒂洛曲）与Maria（比达利塔曲），作品44
cglib:13073	reference	Emilia：哈巴涅拉舞曲，作品13第1号
cglib:13075	retained	La Abuielita疑似源拼写错误，未未经证据改为其他词形。
cglib:13078	reference	六月四日：巴拉圭波尔卡歌曲
cglib:13079	reference	Cerro Leon与Fortin Vanguardia
cglib:13080	reference	Lauth：萨尔塔风格赞巴舞曲
cglib:13081	reference	Lalita（为Juan Alais的〈Maria〉配写的第二吉他声部）
cglib:13083	reference	Egle：玛祖卡（1或2把曼陀林与吉他）
cglib:13091	reference	故事（原题括注Scharwenka）
cglib:13093	reference	树之米隆加（原题括注Williams）
cglib:13098	retained	Rulito为专名或昵称，Brignolo为源括注，不能据此确定题名含义。
cglib:13099	reference	运货（原题括注Greco）
cglib:13101	reference	思想（原题括注Martinez）
cglib:13116	reference	西班牙进行曲（1或2把曼陀林、响板、铃鼓与吉他）
cglib:13134	reference	塔兰泰拉舞曲
cglib:1314	reference	走私者的波洛曲（新版编配，钢琴与吉他伴奏；原题标二重奏）
cglib:13143	reference	北方微风第1号：La Chalchalera—La Guayaquera
cglib:13149	reference	塔兰泰拉舞曲（Uocchie d e Femmena）
cglib:1315	reference	七弦吉他幻想曲（威尼斯，1549；指法谱影印本）
cglib:13154	reference	Pamplona（包含吉他）
cglib:1316	reference	萨尔苏埃拉〈环游世界〉中的驴之歌
cglib:13170	reference	潘帕与天空：韦利亚曲
cglib:13171	reference	Zampa de Vargas（简易版；源词Zampa保留）
cglib:1318	retained	faitiguiya的词形或方言含义未确认。
cglib:13180	reference	歌剧〈诺尔玛〉引子（曼陀林、曼多拉琴与吉他；原题括注Bellini）
cglib:1319	reference	三幕萨尔苏埃拉〈Robinson Crusoe〉第18曲：Tiburón船长之歌
cglib:13195	reference	El Carreton：克里奥尔风格（原题括注Servidio）
cglib:13205	retained	Querencia具有故乡、依恋或归属等不同用法，Zarate括注未能消除具体题义歧义。
cglib:1320	reference	三幕萨尔苏埃拉〈Robinson Crusoe〉第5曲：小三重唱
cglib:1321	reference	三幕萨尔苏埃拉〈Robinson〉第3曲：Robinson之歌〈我是个英俊的年轻人〉
cglib:13215	reference	春之花：玛祖卡（曼陀林或小提琴与吉他）
cglib:13216	reference	Foggia的骑兵：军队进行曲（曼陀林或小提琴与吉他）
cglib:1322	reference	萨尔苏埃拉〈环游世界〉中的探戈
cglib:13227	reference	Yinga：埃斯蒂洛曲（吉他，或声乐与吉他）
cglib:13232	reference	斗牛士的告别：歌曲（Toreador）
cglib:13233	reference	轻歌剧〈Dall Ago al Milione〉中的水手船歌（声乐或曼陀林与吉他）
cglib:13234	reference	轻歌剧〈Dall Ago al Milione〉中的水手船歌（Edoardo Daniele吉他改编）
cglib:13235	reference	意大利歌曲〈未知的美〉（原题括注A.Ristori），选自轻歌剧〈Dall Ago al Milione〉（声乐或曼陀林与吉他）
cglib:13236	reference	Fri-Free-Froom（选自轻歌剧〈Dall Ago al Milione〉）
cglib:13239	retained	Parrocchia La Sorgente del Po中的题名层次及La Sorgis所指不明，保留完整原文。
cglib:13240	reference	轻歌剧〈Dall Ago al Milione〉中的斗牛士小夜曲（Edoardo Daniele吉他改编）
cglib:13241	reference	轻歌剧〈Dall Ago al Milione〉中的斗牛士小夜曲（声乐或曼陀林与吉他）
cglib:13242	reference	Strauss玛祖卡与波尔卡（选自轻歌剧〈Primavera Scapigliata〉）
cglib:13244	reference	轻歌剧〈Dall Ago al Milione〉中的全景圆舞曲（Enrico Viarizio吉他编配）
cglib:13259	reference	Rosita：大型圆舞曲，第一部分
cglib:13260	reference	Rosita：大型圆舞曲，第二部分
cglib:1326	retained	Aconquija为地理专名，原题未给出通行中文对应。
cglib:13264	reference	Chopi：巴拉圭舞曲
cglib:13268	reference	Tuya：赞巴舞曲
cglib:13269	reference	萨尔塔之恋：流行赞巴舞曲
cglib:13274	reference	Pinina：旋律
cglib:13276	reference	逝去的时间不会重来：进行曲（曼陀林或小提琴与吉他）
cglib:13277	reference	白马王子：加沃特舞曲（双吉他；原题括注Chassain）
cglib:13278	reference	快乐的农夫（选自〈青少年曲集〉，作品68；原题括注Schumann）
cglib:13282	reference	El Cuando：圣地亚哥舞曲
cglib:13283	reference	轻风嬉戏：民歌（声乐与钢琴或吉他）
cglib:13284	reference	Garibaldi颂歌：民歌（声乐与钢琴或吉他）
cglib:13285	reference	随波漂流的小船：民歌（声乐与钢琴或吉他）
cglib:13286	reference	威尼斯水手歌：民歌（声乐与钢琴或吉他）
cglib:13287	reference	来吧，来小船上：民歌（声乐与钢琴或吉他）
cglib:13295	reference	舞会中的美人：肖蒂什舞曲（1或2把曼陀林与吉他或钢琴）
cglib:13296	reference	纪念册页与浪漫曲第2号（源词Albym保留）
cglib:13298	reference	前奏曲第3号〈Diego〉
cglib:13302	reference	跺脚：巴图克舞曲
cglib:13306	reference	El Mistrol：地方埃斯蒂洛曲（1或2把吉他；第二吉他由Pablo Escobar编配）
cglib:13319	reference	〈当我不欠你任何东西时〉：拜莱西托舞曲（原题括注Baile）
cglib:1332	retained	Ayayay为感叹语式创作题名，保留原语音与拼写。
cglib:1333	retained	Caazape为专名，未确认来源拼写及中文对应。
cglib:13339	reference	加沃特舞曲（1或2把吉他）
cglib:13364	reference	啊，会多么美好：赞巴曲调（原题括注Cabrera）
cglib:13385	reference	〈The Coon and the Moon〉双步舞曲（原题括注Serpieri；引用词义不擅改）
cglib:13387	reference	无情的鸽子：库约歌曲（原题括注Forte）
cglib:13392	reference	我可怜的姑娘：比达拉曲（原题括注Gomez Carrillo）
cglib:13393	reference	Tabare：雅拉维曲（原题括注Schiuma）
cglib:13395	reference	Tusca之花：拉里奥哈风格赞巴舞曲
cglib:13396	reference	谷中之花：查卡雷拉舞曲（吉他独奏，或声乐与吉他）
cglib:13401	reference	潘帕前奏曲与E大调练习曲
cglib:13406	reference	一步接一步：拜莱西托舞曲
cglib:13407	reference	如歌的慢板（选自〈悲怆奏鸣曲〉，作品13；原题括注Beethoven）
cglib:13413	reference	两把吉他：乌克兰传统曲
cglib:13414	reference	黎明
cglib:13418	reference	峡谷中的赶牲口人：安第斯主题曲
cglib:13421	reference	卡农形式小曲（双吉他；原题括注Schumann）
cglib:13422	reference	北方之歌、变奏圣咏、新年前夕之歌（原题括注Schumann）
cglib:13423	reference	仆人Ruperto、食人魔（双吉他；原题括注Schumann）
cglib:13424	reference	意大利水手之歌、航海之歌、冬天（原题括注Schumann）
cglib:13425	reference	亲爱的五月，快回来、小练习曲、春之歌、第一次离别、清晨的小行路人、收割者小曲（原题括注Schumann）
cglib:13426	reference	小赋格（双吉他；原题括注Schumann）
cglib:13427	reference	回忆、陌生人、战歌（原题括注Schumann）
cglib:13428	reference	Sheherazade、收获欢乐时光、主题、Mignon（原题括注Schumann）
cglib:13429	retained	多曲题名含Girotondon/Cavalcatan/ricolton等粘连或损坏字尾，曲目边界不能可靠恢复。
cglib:13430	reference	青少年曲集，作品68（Margherita Mancinelli吉他改编）
cglib:13435	reference	我的船长：探戈改编（原题括注Campoamor）
cglib:13436	reference	Don Justo：探戈改编（原题括注Fracassi）
cglib:13439	reference	〈Voce e notte〉：那不勒斯歌曲（原题括注DeCurtis）
cglib:13441	retained	cygnee的拼写及所指不明，未擅改为cygne再翻译。
cglib:13442	reference	小船上的金发姑娘（原题括注Mayr）
cglib:13445	reference	Marechiare：那不勒斯歌曲（原题括注Tosti）
cglib:13446	reference	佚名的著名玛祖卡〈Spa〉
cglib:13455	reference	克里奥尔姑娘：简易米隆加
cglib:13456	reference	乡野微风：赞巴舞曲（1或2把吉他）
cglib:13458	reference	Baby：娃娃的拜莱西托舞曲
cglib:1346	retained	Dinora为人名形式，未确认人物所指及通行中文名。
cglib:13474	reference	No Juan Carlos：特里斯特曲（三把吉他；未改源词No）
cglib:13476	reference	帕凡舞曲第二吉他声部（与Don Francisco Tarrega的〈帕凡舞曲〉合奏；Antigua Casa Nunez）
cglib:1348	retained	Don Perez Freire为人物称谓题名，保留原姓名避免错认人物。
cglib:13483	reference	Amancay之花：赞巴舞曲（1或2把吉他）
cglib:13484	reference	〈Manon Lescaut〉中Des Grieux之歌〈Tra voi belle brune e bionde〉（原题括注Puccini）
cglib:13485	reference	Pastori：〈La Boheme〉中Musetta圆舞曲〈Quando me n vo soletta per la via〉（原题括注Puccini）
cglib:13486	reference	〈托斯卡〉中Cavaradossi独唱〈Oh dolci baci o languide carezze〉（原题括注Puccini）
cglib:13487	reference	〈托斯卡〉中Tosca独唱〈Non la sospiri la nostra casetta〉（原题括注Puccini）
cglib:13488	reference	醒来吧（曼陀林或声乐与吉他；原题括注Tosti）
cglib:13489	reference	Cornago bacio：死去的吻，旋律（曼陀林或声乐）
cglib:13490	reference	如果你爱我（曼陀林或声乐与吉他；原题署名Denza Morlacchi）
cglib:1350	retained	DiosLimosna粘连使副标题关系不明，不从已知作品补写该来源的缺字。
cglib:13503	reference	西西里黎明：练习曲，作品30第1号
cglib:13504	reference	Silfide：练习曲，作品30第2号（源词bguizzante保留）
cglib:1351	reference	攀登与前奏曲
cglib:13510	reference	Ayacucho：原住民歌曲，手稿
cglib:13511	reference	Chen Baracà：阿根廷主题曲第1号
cglib:13513	reference	灵感：阿根廷主题曲第2号
cglib:13523	reference	E小调前奏曲（行板与流动的快板）
cglib:13524	reference	安达卢西亚：波莱罗舞曲
cglib:13530	reference	Bickford幻想随想曲
cglib:13534	reference	慢板（〈L Arte Chitarristica〉杂志增刊；原题括注Marcello）
cglib:13541	reference	波洛奈兹舞曲
cglib:13548	reference	三位被囚公主的舞曲：Doña Mencia
cglib:13549	reference	Corazon Partidos：奎卡舞曲（原题括注Salinas）
cglib:13553	reference	拨奏（原题括注Delibes）
cglib:13555	reference	托纳迪亚〈La Maya Goyesca〉（原题括注Yust）
cglib:13558	reference	萨帕特阿多舞曲（桑布拉；原题署名Ross）
cglib:13560	reference	〈Platee〉小步舞曲（原题括注Rameau）
cglib:13569	reference	小路：布宜诺斯艾利斯歌曲（原题括注De Dios）
cglib:13583	reference	Mi nata：赞巴舞曲（吉他，或声乐与吉他）
cglib:13589	reference	张扬（原题括注Nazareth）
cglib:13590	reference	诗意绍罗：巴西民间舞曲（Alcantara）
cglib:13594	reference	北方合唱：智利赞巴舞曲第1号，作品29
cglib:13596	reference	水滴：圣地亚哥查卡雷拉舞曲，作品18
cglib:1360	reference	A调连奏练习曲（原题未注明大小调）
cglib:13600	reference	瓜拉尼竖琴：滨海歌曲
cglib:13608	reference	少年曲第1号（基础作品）
cglib:13612	reference	曾经明亮如今不亮的窗
cglib:13613	reference	金婚：古风曲调（原题括注Gabriel-Marie）
cglib:13614	reference	Verdi歌剧〈游吟诗人〉中的〈Miserere〉
cglib:13616	reference	佩特内拉斯曲：西班牙民间曲调
cglib:13621	reference	Moraima：性格随想曲
cglib:13637	reference	Mimosa的回忆（1或2把曼陀林与吉他）
cglib:13645	reference	流动的行板（双吉他）
cglib:13648	reference	歌剧歌曲（鲁特琴或吉他；原题括注Richard Wagner）
cglib:1366	retained	Fabiniana为专名形式，源拼写及中文对应未确认。
cglib:13660	reference	热情的Cabocla：马希谢舞曲（双吉他改编；原题括注Tupynamba）
cglib:13663	reference	La Guardia：〈La Hueya〉主题萨帕特阿多舞曲
cglib:13673	reference	田野之花：赞巴风格（声乐与吉他伴奏，或吉他独奏）
cglib:13677	reference	回忆：前奏曲第1号，作品19
cglib:13696	reference	冥想：夜曲（Antigua Casa Nunez）
cglib:1371	retained	Jha Che Valle为瓜拉尼语式题名，源拼写及确切语义未确认。
cglib:13713	reference	Poca Ropa：民间旋律
cglib:13716	reference	Marechiare：那不勒斯旋律（原题括注Tosti）
cglib:13717	reference	再见，格拉纳达：格拉纳达风格曲，著名安达卢西亚歌曲和声编配版
cglib:13719	reference	El arroyito e plata：赞巴舞曲（吉他、声乐与吉他，或合奏）
cglib:1372	retained	Julia为人名，原题未确认所指及通行中文名称。
cglib:1377	retained	London Carape含瓜拉尼语式词形，完整题义未确认。
cglib:1379	retained	Mabelita为人名或昵称，未确认具体所指。
cglib:1404	reference	林中梦境（源序号1）
cglib:1405	reference	林中梦境
cglib:1415	reference	Charitable吉他教程：依最新方法学习演奏的完整指导，附歌唱入门（1）
cglib:1416	reference	Charitable吉他教程：依最新方法学习演奏的完整指导，附歌唱入门（2）
cglib:1417	reference	Charitable吉他教程：依最新方法学习演奏的完整指导，附歌唱入门（3）
cglib:1418	reference	Charitable吉他教程：依最新方法学习演奏的完整指导，附歌唱入门（4）
cglib:1425	reference	沙龙吉他手第15册：Verdi歌剧〈I due Foscari〉与〈Ernani〉中的圆舞曲
cglib:1426	reference	沙龙吉他手第16册：Fr Vollmer莱茵波尔卡，作品3
cglib:1427	reference	沙龙吉他手第17册：Jenny Lind的回忆，Bayer大型圆舞曲
cglib:1428	reference	吉他手曲目集：现代简易曲集第1册，Stigelli的〈美丽的眼睛〉
cglib:1429	reference	吉他手曲目集：现代简易曲集第3册，Bellini的〈诺尔玛〉
cglib:1430	reference	吉他手曲目集：现代简易曲集第4册，Krebs的〈故乡〉
cglib:1450	reference	行板变奏与回旋曲（选自降A大调奏鸣曲，作品26；Ferd. Carulli双吉他改编）
cglib:1461	reference	两首主题曲（Giuliani吉他独奏改编，I—II）
cglib:1466	reference	Haga：Fredman歌曲第64号
cglib:1467	reference	〈Fredmanns Epistler〉中的六首旋律（Tellefsen改编）
cglib:1471	reference	17世纪〈The Staines Morris〉（Fr. Birket-Smith改编）
cglib:1473	reference	三首小回旋曲第1号（小提琴与长笛，钢琴或吉他伴奏；原题标二重奏）
cglib:1474	reference	三首小回旋曲第2号（小提琴与长笛，钢琴或吉他伴奏；原题标二重奏）
cglib:1475	reference	三首小回旋曲第3号（小提琴与长笛，钢琴或吉他伴奏；原题标二重奏）
cglib:1494	retained	Smb缩写未解释，不能确定作品10与Pettoletti作品6的关系。
cglib:1497	reference	消遣：华丽简易吉他独奏回旋曲，作品17
cglib:1498	reference	流行圆舞曲主题吉他独奏变奏曲，作品18
cglib:1501	reference	F. Herold的回忆：歌剧〈Zampa〉又名〈La fiancee de marbre〉主题大型吉他集成曲，作品37
cglib:15197	reference	王室公主
cglib:15198	reference	十首Flash：第4与第5号
cglib:15199	reference	Gusty的米隆加
cglib:15246	reference	夏日卡利普索曲
cglib:15248	reference	橘子
cglib:15249	retained	Valssencillo为合成创作题名，未拆词生成无依据的中文名。
cglib:1525	reference	Mozart小夜曲〈可爱的姑娘，听我说〉主题变奏曲，作品130（吉他、长笛与小提琴；原题标二重奏）
cglib:1533	reference	Celia：霍塔圆舞曲，作品13
cglib:1536	reference	西班牙退营号，作品16
cglib:15368	reference	Fulton：肖蒂什舞曲
cglib:15370	retained	Mountian疑似拼写错误，未擅改为Mountain恢复题义。
cglib:15383	reference	希腊进行曲（原题署名Classen, E）
cglib:15387	reference	军中女郎（原题署名Donizetti）
cglib:15388	reference	Fra Diavolo（Justin Holland改编）
cglib:15390	reference	Lucia di Lamermoor（原题署名Donizetti）
cglib:15392	reference	诺尔玛（原题署名Bellini）
cglib:15393	reference	奥伯龙（原题署名Carl Maria von Weber）
cglib:15394	reference	弄臣（原题署名Verdi）
cglib:15395	reference	罗密欧与朱丽叶（原题署名Gounod）
cglib:15396	reference	梦游女（原题署名Bellini）
cglib:15397	reference	茶花女（原题署名Verdi）
cglib:15398	reference	游吟诗人（原题署名Verdi）
cglib:15400	reference	威廉·退尔（原题署名Rossini）
cglib:15401	reference	Zampa（原题署名Herold）
cglib:15470	reference	霍恩派普舞曲（双吉他）
cglib:15474	reference	Bacheler先生的固定低音曲
cglib:15479	reference	加利亚德舞曲（Burgers08）
cglib:15480	reference	加利亚德舞曲（Burgers23）
cglib:15481	reference	加利亚德舞曲（Burgers27）
cglib:15482	reference	加利亚德舞曲（Burgers32）
cglib:15483	reference	加利亚德舞曲（Burgers56）
cglib:15484	reference	Quadro帕凡舞曲（Burgers52）
cglib:1548	reference	奥地利连德勒主题变奏曲，作品40
cglib:15490	reference	命运（Poulton62）
cglib:15493	reference	前奏曲（Poulton98）
cglib:15494	reference	前奏曲（Poulton98；A小调版）
cglib:15500	reference	Lullere先生的选择（双吉他）
cglib:15503	reference	恰空
cglib:15511	reference	三件事
cglib:15515	reference	Princes阿勒曼德舞曲（双吉他；Princes所指按原文保留）
cglib:15519	reference	贝尔加马斯卡舞曲
cglib:1552	reference	摇篮曲，作品49第4号（Fr. Birket-Smith改编）
cglib:15521	retained	Kapsberger为姓名式题名，未把标题姓名视为新的作曲署名证据。
cglib:15527	reference	Mercury：萨拉班德舞曲
cglib:15528	reference	萨拉班德舞曲（D小调鲁特琴版）
cglib:15529	reference	萨拉班德舞曲（E小调鲁特琴版）
cglib:15530	reference	萨拉班德舞曲（Mercury）
cglib:15532	retained	Payssanos的源词形及所指不明，保留原词而不猜舞种。
cglib:15534	reference	恰空（三把吉他）
cglib:15536	reference	阿勒曼德舞曲
cglib:15537	retained	BallettoEGtr含粘连编制缩写，不能确定EGtr的完整含义。
cglib:1554	reference	主题与变奏
cglib:15553	reference	C大调奏鸣曲（吉他与中音竖笛）
cglib:15555	retained	Panatalons可能涉及专名或旧舞种词形，源词未可靠确认。
cglib:15556	retained	Mal Simmes的旧语词形与所指未确认。
cglib:15563	reference	Arthur的沉思（Dump曲）
cglib:15669	reference	曲调
cglib:1567	reference	三首夜曲（小提琴与吉他，字母A；二重奏）
cglib:15671	reference	Corrientes 1368（原数字保留）
cglib:15676	reference	喘息
cglib:1568	reference	三首夜曲（大提琴与吉他，字母A；二重奏）
cglib:15685	reference	断折
cglib:15694	reference	Catêretê舞曲（1943）
cglib:1572	reference	虽残酷：小歌曲（Fr Birket-Smith改编）
cglib:1573	reference	〈瑞士家庭〉主题〈谁曾听过我的抱怨〉简易变奏曲
cglib:1574	reference	〈瑞士家庭〉主题〈谁曾听过我的抱怨〉简易变奏曲，作品10
cglib:15739	reference	降B大调组曲（原题署名Weiss）
cglib:15750	retained	调性写作LDo majeur，LDo源词损坏，未自行补正。
cglib:15755	reference	Ragazada（D大调）
cglib:15780	retained	La Gallote为命名题名，未确认人物或词义所指。
cglib:15782	retained	原题标4 pieces但分列多个可能独立或合并的乐章，作品层次不明，保留完整原题。
cglib:15790	reference	咏叙调
cglib:1581	reference	简易奏鸣曲，作品103（长笛与吉他；二重奏）
cglib:15815	reference	帕蒂塔组曲
cglib:15816	retained	Sinfonia在早期音乐中可指序曲或合奏曲，原题缺少可判定的上下文。
cglib:15819	reference	Virtus与快板
cglib:15825	retained	Fabricana为未确认专名或源词形，不按近似词猜译。
cglib:15832	reference	恰空
cglib:15846	reference	田园曲
cglib:15848	retained	Sinfonia在早期音乐中的具体曲式含义未确认。
cglib:1589	reference	吉他独奏小夜曲，作品23
cglib:15908	reference	Paisan（D大调）
cglib:15914	reference	巡游
cglib:15926	retained	Rondon为专名或非标准回旋曲词形，原题不足以区分。
cglib:1595	reference	小夜曲第1册（吉他与小提琴；二重奏）
cglib:1596	reference	小夜曲第2册（吉他与小提琴；二重奏）
cglib:1600	reference	吉他新发现：采用八种不同定弦的多套组曲（指法谱影印本）
cglib:1602	reference	萨尔苏埃拉〈环游世界〉中的驴之歌
cglib:1607	retained	标题止于y sin，说明条款截断，不自行补写教程内容。
cglib:1608	reference	塞吉迪亚曲（两把曼陀林与吉他；三重奏）
cglib:1612	reference	第二吉他曲集：六首作品〈狂想〉〈回声〉〈庄重的行板〉〈威尼斯曲〉〈如歌的行板〉（原题只列五个曲名）
cglib:1621	reference	Barbieri音乐会第1号：Beethoven F调Sinfonia中的谐谑小快板（原题未注明大小调）
cglib:1626	reference	民族曲调集成曲（源序号1）
cglib:1634	reference	吉他独奏探戈
cglib:1639	reference	吉他独奏嬉游曲第1号
cglib:1658	reference	八首嬉游曲，作品25（定弦E大调）
cglib:16580	reference	A小调练习曲（选自〈吉他新教程〉）
cglib:16598	reference	C大调组曲前奏曲，BWV997（调性照录来源）
cglib:16599	reference	C小调鲁特琴组曲，BWV997（移为A小调）
cglib:16601	reference	G调小步舞曲，BWV Anh.114（源尾标a保留）
cglib:16602	reference	G调小步舞曲，BWV Anh.114（原题未注明大小调）
cglib:1666	reference	Fra Diavolo幻想曲第5号，作品37
cglib:1669	reference	歌剧〈Zampa〉主题幻想曲，作品40
cglib:16728	reference	各国民族曲调六十首第13号〈John Anderson, My Jo〉
cglib:16733	reference	各国民族曲调六十首第18号〈Kelvin Grove〉
cglib:16750	reference	各国民族曲调六十首第33号〈Scots Wha Hae Wi’ Wallace Bled〉
cglib:16766	reference	各国民族曲调六十首第48号〈An Alexis〉
cglib:16770	reference	各国民族曲调六十首第51号：苏格兰曲调〈Kelso〉
cglib:1682	reference	歌剧〈La Capricciosa Corretta〉二重唱主题变奏曲，作品6
cglib:16824	reference	缓慢的行板，第13号（源目录标记O 29）
cglib:1696	retained	Currillo为昵称或专名形式，具体所指未确认。
cglib:1697	retained	caramba为感叹语式题名，原题不能确定作品中的具体语气。
cglib:1698	retained	chairo的历史或方言用义不明，未按现代近似词推定。
cglib:1699	retained	nuebo serení含非标准词形，完整题义未确认。
cglib:1702	reference	歌剧〈塞维利亚的理发师〉中的Carnicer Sinfonía（体裁词按原文保留）
cglib:1705	retained	Carpriccio为疑似错拼词，未直接改作Capriccio。
cglib:1706	retained	Sckule为疑似错拼词，未直接补为Schule。
cglib:1707	reference	吉他学校
cglib:17212	reference	西班牙组曲〈格拉纳达〉，作品47第1号（A大调版）
cglib:17213	reference	西班牙组曲〈格拉纳达〉，作品47第1号（D大调版）
cglib:17215	reference	慢板（小提琴或长笛与吉他改编，短版）
cglib:17228	reference	Bray帕凡舞曲
cglib:17233	reference	Gray’s Inn第一曲
cglib:17244	retained	Riserrectione为历史非标准词形，标题意义未充分确认。
cglib:17246	reference	帕凡舞曲
cglib:17248	reference	Lullere先生的选择
cglib:17249	reference	Southcote先生的加利亚德舞曲
cglib:17250	reference	Southcote先生的帕凡舞曲
cglib:17262	reference	曲调（吉他1）
cglib:17263	reference	曲调（吉他2）
cglib:17264	reference	曲调
cglib:17265	reference	歌曲与舞曲（选自〈Ain schone kunstliche vnderweisung〉，1523）
cglib:17271	reference	利切卡尔曲（第1册第3号）
cglib:17272	reference	帕凡舞曲
cglib:17277	reference	Po de Mico：绍罗（吉他四重奏）
cglib:17308	reference	广板（选自双大提琴协奏曲，第61卷）
cglib:17472	reference	富于节奏的
cglib:17486	reference	随想：双吉他
cglib:17488	reference	拖步舞曲（三把吉他）
cglib:17497	reference	慢板片段（选自羽管键琴协奏曲第二乐章）
cglib:17498	reference	第三管弦乐组曲中的曲调
cglib:17499	reference	第三管弦乐组曲中的曲调
cglib:17506	reference	柔情的第二乐章（第五Brandenbrg协奏曲，BWV1050；源拼写保留）
cglib:17513	reference	康塔塔BWV198咏叹调—BWV247马可受难曲
cglib:17519	reference	A小调协奏曲，BWV593
cglib:17521	reference	Schubler圣咏第1号，BWV645
cglib:17522	reference	创意曲第1—5号，BWV787—791（三吉他改编）
cglib:17523	reference	创意曲第6—10号，BWV792—796（三吉他改编）
cglib:17535	reference	〈Ist Eine Vorstellung〉，BWV992（二重奏）
cglib:17537	reference	D大调协奏曲（源目录标记BWV1042—1054）
cglib:17542	reference	第147康塔塔：耶稣，世人渴望的喜悦
cglib:17546	reference	英国组曲第3号：快板
cglib:17547	reference	〈Et in Spiritum〉二重奏
cglib:17549	reference	法国组曲第6号：阿勒曼德舞曲（双吉他）
cglib:17550	reference	法国组曲第2号：库朗特舞曲
cglib:17551	reference	赋格（原题标Violin S.4—Organ S.149）
cglib:17553	reference	创意曲第8与第10号（三吉他改编）
cglib:17558	reference	B小调弥撒：〈Confiteor〉（三重奏）
cglib:17560	reference	前奏曲（源目录标记NBWV928）
cglib:17567	reference	沉睡者，醒来吧
cglib:17591	reference	Mounsier的阿勒曼德舞曲
cglib:17592	reference	典型绍罗第2号
cglib:17594	retained	Aconquija为地理专名，原题未给出通行中文对应。
cglib:17599	reference	五首吉他小品：娃娃的梦、C调小步舞曲、A调小步舞曲、古风加沃特舞曲、Mabelita（未注明大小调）
cglib:17606	reference	林中梦境
cglib:17613	retained	Fork Dances疑似误写，未未经证据改为Folk Dances。
cglib:17614	reference	悲怆奏鸣曲第二乐章：慢板，作品13
cglib:17616	reference	G调小奏鸣曲，Anh.5第1号（原题未注明大小调）
cglib:17618	reference	娃娃（选自钢琴四手联弹组曲〈儿童游戏〉）
cglib:17619	retained	Pastel可指粉彩画或食品，原题无法确定题义。
cglib:17620	retained	Abba-labba-la为语音式命名，保留完整原语拼写。
cglib:17624	reference	山地瓜拉尼亚曲，第3号
cglib:17625	reference	〈Studies for Division〉练习曲，作品4第55号（源重复书名保留于原题）
cglib:17626	reference	山地男孩：瓜拉尼亚曲第4号
cglib:17628	reference	ZININHO DA ILHA：桑巴第6号
cglib:17632	reference	巴西风情
cglib:17646	reference	行板、小广板、回旋曲、灰姑娘、瑞士歌曲
cglib:17690	reference	羽管键琴组曲第3号：C小调固定低音曲
cglib:17696	reference	墨西哥风格：绍罗
cglib:17698	reference	Darcie的精神
cglib:17703	reference	爱的礼赞
cglib:17707	reference	十九首初步练习曲（前四根弦，附教师伴奏）
cglib:17720	reference	吉他第一里程碑：初学者教程（Jean Antoine Posocco绘图）
cglib:17726	retained	Cuartelera的具体人物或地方用义不明，未按单一现代词义猜译。
cglib:17730	reference	五月
cglib:17733	reference	Dolly：摇篮曲，作品56第1号（双吉他）
cglib:17737	retained	Anita为人名，未确认人物所指及通行中文名称。
cglib:17739	reference	音乐会快板，作品11
cglib:17743	reference	塞维利亚民间舞曲
cglib:17747	reference	名为〈Balletto〉的曲调
cglib:17751	reference	山丘的哀歌
cglib:17752	reference	Jorge do Fusa（原专名保留）
cglib:17755	reference	波希米亚之魂
cglib:17756	reference	阿根廷舞曲：优雅少女之舞，作品3第2号
cglib:17757	reference	三首钢琴小品（1940）：库约风格曲
cglib:17767	reference	幸福精灵之舞
cglib:17774	reference	序曲，作品15
cglib:17790	reference	Puck，作品71第3号
cglib:17792	retained	Ponteio可指特定巴西音乐术语，原题没有说明具体体裁用法。
cglib:17793	retained	Monteria可指狩猎或地名，原题无法区分。
cglib:17794	reference	为何如此；我们走同一条路
cglib:17803	reference	竖琴协奏曲，作品4第6号（二重奏）
cglib:17804	reference	大协奏曲作品6第4号：小广板与快板
cglib:17805	reference	大协奏曲作品6第5号：小步舞曲
cglib:17814	reference	纪念册页，作品26
cglib:17818	reference	阿根廷之恋
cglib:17819	retained	Brasilerita为缩小称呼式题名，具体所指及规范源词形未确认。
cglib:17820	reference	随想
cglib:17823	retained	Niterói为地理专名，未确认项目采用的中文对应。
cglib:17825	reference	悲伤的狂欢节
cglib:17826	reference	午后的宁静，作品17第7号
cglib:17827	retained	Corcovado为地理专名，未确认此题的通行中文名称。
cglib:17828	reference	阿勒曼德舞曲
cglib:17829	reference	来自阿拉巴马的微风—Pecherine拉格泰姆曲
cglib:17832	reference	原创拉格泰姆曲集
cglib:17833	reference	拉格泰姆舞曲（三把吉他）
cglib:17835	reference	艺人（源尾标m保留）
cglib:17839	reference	天芥菜花束（双吉他）
cglib:17840	retained	Capona为历史曲名或舞种词形，确切用义未确认。
cglib:17842	reference	湖岸之夜，作品34第1号
cglib:17843	reference	前奏曲〈pankakosi〉，作品48第1号
cglib:17844	reference	暂歇Carcassi练习：I.奶油草莓
cglib:17845	reference	十首音乐练习曲（1995）：巴洛克练习曲
cglib:17848	reference	春归，作品41bis第2号
cglib:17849	reference	渔夫之歌，作品61d第4号
cglib:17851	reference	圆舞曲（选自〈南斯拉夫吉他作品〉第III卷：斯洛文尼亚）
cglib:17854	reference	婚礼进行曲，作品3第2号
cglib:17855	retained	Angostura为地名或专名，原题不能确定指称。
cglib:17858	reference	阿拉瓜风格帕萨赫曲
cglib:17859	reference	克里奥尔圆舞曲
cglib:17860	reference	可爱又动听
cglib:17861	reference	心情愉快
cglib:17862	reference	铃声颂歌（四重奏）
cglib:17863	reference	令人心痛的思念
cglib:17867	reference	母亲的孩子
cglib:17873	reference	祢真伟大
cglib:17878	reference	阴郁
cglib:17881	reference	清晨
cglib:17883	reference	格拉纳伊纳曲
cglib:17885	reference	米内拉曲
cglib:17886	reference	PACO DE LUCIA（按Joe Pass录音版）
cglib:17888	reference	塞拉纳斯曲
cglib:17889	reference	西吉里亚斯曲
cglib:17890	reference	索莱阿曲〈天知道，我没有骗你〉
cglib:17891	reference	索莱阿曲〈任何事〉（卡尼亚）
cglib:17892	reference	索莱阿曲〈我的失望〉
cglib:17893	reference	索莱阿曲（por medio调式位置）
cglib:17894	reference	索莱阿曲〈你想要什么〉
cglib:17896	reference	塔兰塔曲
cglib:17897	reference	韦尔迪亚莱斯曲
cglib:17898	reference	五个突发的想法（源序号1）
cglib:17902	reference	我朝爱情走去
cglib:17906	reference	小原住民姑娘
cglib:17907	reference	索莱阿曲（por arriba调式位置）
cglib:17908	reference	索莱阿曲（por medio调式位置）
cglib:17920	reference	十二首性格小品
cglib:17922	reference	第四调式幻想曲—协和与装饰音幻想曲
cglib:17927	reference	第五幻想曲
cglib:1793	reference	我的诺曼底：Berat浪漫曲，作品364（另一副本）
cglib:17932	reference	橡树、明亮的夜晚、拉曼恰塞吉迪亚舞曲
cglib:17938	reference	Thirsis，请动恻隐之心
cglib:17940	reference	地狱的复仇在我心中沸腾：夜后咏叹调
cglib:17952	reference	小型管风琴机械滚筒行板，KV616
cglib:17954	reference	〈费加罗的婚礼〉中Cherubino之歌
cglib:17955	reference	第四十交响曲第三乐章：小步舞曲（源拼写Mnuetto保留于原题）
cglib:17960	retained	Cavantina疑似错拼，未未经证据自动改为Cavatina。
cglib:17964	reference	小孩
cglib:17965	reference	巴图克舞曲（双吉他）
cglib:17966	retained	Marietta为人名，未确认所指及通行中文名称。
cglib:17967	reference	Odeon：绍罗
cglib:17968	reference	巴西探戈〈Odeon〉
cglib:17972	reference	歌曲
cglib:17977	reference	Mafuá：绍罗
cglib:17979	reference	哀泣的绍罗
cglib:17980	reference	瑞典圣诞颂歌
cglib:17983	reference	Flamengo：小绍罗
cglib:17991	reference	给您
cglib:17994	retained	Í birkilaut为冰岛语题名，当前未可靠确认完整语义。
cglib:17997	reference	D小调绍罗
cglib:17998	retained	Graúna可指鸟名或专名，原题不足以确定。
cglib:18001	reference	无论我到哪里
cglib:18006	reference	Saint Nicholas布朗斯勒舞曲（二重奏）
cglib:18010	reference	即兴曲第15号：致敬Edith Piaf
cglib:18011	retained	Chamins疑似非标准词形，未自动补为Chemins定名。
cglib:18012	retained	Chará为专名或葡语多义词，题义未确认。
cglib:18014	reference	〈Terpsichore〉中的四首小品
cglib:18018	reference	钢琴小品〈街道苏醒〉，作品64之2第2号（〈罗密欧与朱丽叶〉场景）
cglib:18019	reference	固定低音曲
cglib:18020	reference	无词练习曲，作品34第14号
cglib:18021	reference	Polichinelle，作品3第4号
cglib:18026	reference	星期五的奇想
cglib:18029	reference	星期三的奇想
cglib:18030	reference	为何不呢
cglib:18032	reference	古风小步舞曲
cglib:18035	reference	无伴奏大提琴组曲第1号：前奏曲与赋格，作品131c之1
cglib:18038	retained	Iracema为人物或文学专名，未确认本曲的具体指称。
cglib:18042	retained	Sandrinha为人名或昵称，未确认所指及中文名。
cglib:18046	reference	祖母讲故事
cglib:1805	reference	六首卡德里尔式对舞曲，附舞步，简易，作品58
cglib:18051	reference	归家途中（选自〈南斯拉夫吉他作品〉第III卷：斯洛文尼亚）
cglib:18058	reference	横向的舞
cglib:1806	reference	三首独奏变奏曲，作品60（约1812）
cglib:18062	reference	我要你（源尾标m保留）
cglib:18063	reference	我要你
cglib:18065	reference	巴西探戈
cglib:1808	reference	小夜曲，作品7（哥本哈根）
cglib:18081	reference	A大调圣母颂（二重奏）
cglib:18083	reference	音乐瞬间第3号，作品94第3号
cglib:18086	reference	升F小调前奏曲，作品87第8号
cglib:18090	reference	Spruce Pine（选自五首小品；两种树名按原文保留）
cglib:18091	reference	Yeye：绍罗
cglib:18119	reference	〈Malbroug〉曲调引子与变奏，作品28
cglib:18127	reference	Mozart〈魔笛〉主题变奏曲，作品9
cglib:1814	reference	三首独奏曲，献给Lhoyer先生，作品76（约1814）
cglib:18146	reference	Chopin玛祖卡，作品67第4号
cglib:18148	retained	Rosita为人名或昵称，未确认人物所指及通行中文名。
cglib:1815	reference	〈Charmante Gabrielle〉与〈Vive Henri IV〉主题幻想曲，作品82（约1814）
cglib:18150	reference	Strauss主题圆舞曲、两姐妹、A大调圆舞曲、D大调圆舞曲
cglib:18151	reference	〈四季〉中的秋之歌
cglib:18152	reference	六月：船歌
cglib:18153	reference	〈四季〉：船歌，作品37b第6号
cglib:18154	reference	儿童音乐：在教堂里，作品39
cglib:18155	reference	儿童音乐：晨祷，作品39
cglib:18156	reference	儿童音乐：古老的法国歌曲，作品39
cglib:18157	reference	儿童音乐：娃娃的葬礼，作品39
cglib:18158	reference	儿童音乐：新娃娃，作品39
cglib:18159	reference	儿童音乐：病娃娃，作品39
cglib:18161	reference	戈雅随想曲，作品195
cglib:18165	reference	十二首初学者吉他三重奏
cglib:18176	reference	Felanitx之路（吉他四重奏）
cglib:18177	reference	Cartama（吉他四重奏）
cglib:1818	reference	三首圆舞曲，作品9（约1809）
cglib:18197	reference	吉他曲调：各地歌曲七十六首，初学者简易改编（冰岛语文字；源词olk保留于原文）
cglib:18204	retained	Lola为人名，未确认具体人物及通行中文名。
cglib:18213	retained	Montparnasse为地理专名，未确认本题采用的中文对应。
cglib:18223	retained	Rhimes的词形或专名用法未确认，未按近似Rimes补写。
cglib:18225	reference	音阶与琶音（Eythor Thorlaksson编集与标注指法，第1—8级）
cglib:18226	reference	视奏范例（第1—8级）
cglib:18233	reference	吉他第一课：初学者教程，附伴奏（冰岛语文字）
cglib:18245	reference	西班牙城堡：Alcañiz
cglib:18246	reference	西班牙城堡：Sigüenza
cglib:18247	reference	西班牙城堡：Torija
cglib:18248	reference	西班牙城堡：Turegano
cglib:18249	retained	Jaranera可指女性、喧闹性格或地方用法，原题无法确定所指。
cglib:1825	reference	C. M. v. Weber曲调三首
cglib:18251	reference	草莓树
cglib:18262	reference	Imperial：绍罗
cglib:18265	reference	肖蒂什绍罗
cglib:18268	reference	〈和谐的灵感〉大协奏曲，作品3第11号：快板与赋格
cglib:18269	reference	A小调奏鸣曲（大提琴与通奏低音）
cglib:18270	reference	四季：F小调第四协奏曲〈冬〉，作品8，RV297（第二乐章主题）
cglib:1828	reference	Garibaldi颂歌，又名阿尔卑斯猎兵战歌〈坟墓被揭开，死者起身〉
cglib:18283	reference	〈L’infidele〉组曲中的乡村舞曲
cglib:18289	reference	第二奏鸣曲，作品27，第二乐章：忧郁
cglib:1829	reference	〈梦游女〉中〈Ah perchè non posso odiarti〉主题变奏曲（九弦或六弦吉他，可选钢琴伴奏；源词temacv保留于原文）
cglib:18290	reference	第二奏鸣曲，作品27，第三乐章：幽灵之舞（萨拉班德）
cglib:18291	reference	第二奏鸣曲，作品27，第四乐章：复仇女神
cglib:1834	reference	鸟舍：致敬Polack女士
cglib:1841	reference	军队颂歌
cglib:1842	reference	萨尔苏埃拉〈Mefistófeles〉中的哈巴涅拉歌曲
cglib:1843	reference	〈La estudiantina〉抒情选段中的大型霍塔曲
cglib:1846	reference	A大调玛祖卡（原题署名Mertz J.K）
cglib:1847	reference	A大调玛祖卡（双吉他，二重奏；原题署名Mertz J.K）
cglib:1849	reference	吉他音乐（原题署名Mas, Miguel）
cglib:1885	reference	钢琴玛祖卡四首（原题署名Bobrowicz）
cglib:1889	reference	简易渐进吉他教程
cglib:1890	reference	无需教师的指法谱吉他教程
cglib:1891	reference	以五线谱学习的吉他理论与实践新教程，含西班牙舞曲与曲调，以及优秀作曲家古典作品集
cglib:1892	reference	歌剧〈秘密婚礼〉序曲（Carulli改编，吉他与长笛）
cglib:1893	reference	Garrido博士的万灵药：两分钟治愈疑病症的波尔卡（按原题戏谑标题翻译）
cglib:1894	reference	美丽的智利姑娘
cglib:1896	reference	皇家吉他：献给英国国王（巴黎，1671；指法谱影印本）
cglib:1899	reference	Durutte：简易华丽小行板圆舞曲
cglib:1902	reference	Rossini歌剧〈灰姑娘〉主题吉他独奏变奏曲，作品6
cglib:1903	reference	两首卡德里尔舞曲（题录称与Napoléon Coste作品3十分接近）
cglib:1906	reference	大型二重奏（两把吉他等同协奏）
cglib:1907	reference	歌剧〈海盗〉主题引子与变奏（1）
cglib:1908	reference	歌剧〈海盗〉主题引子与变奏（2）
cglib:1909	reference	歌剧〈海盗〉主题引子与变奏（3）
cglib:1910	reference	歌剧〈海盗〉主题引子与变奏
cglib:1911	reference	Ferdinand Sor吉他教程（Napoléon Coste修订增补，Schonenberger出版；1）
cglib:1912	reference	Ferdinand Sor吉他教程（Napoléon Coste修订增补，Schonenberger出版；2）
cglib:1913	reference	谐谑曲与田园圆舞曲，作品10（双吉他，华丽的）
cglib:1919	reference	Bellini〈诺尔玛〉双主题幻想曲，作品16
cglib:1920	reference	Ornans山谷、莱茵河畔、Delfzil，作品17、18与19
cglib:1922	reference	Weigl〈瑞士家庭〉主题变奏曲，作品2
cglib:1925	reference	Meulan，作品22
cglib:1926	reference	Auteuil的夜晚，作品23
cglib:1928	reference	两首抒情曲，作品25（双簧管与钢琴）
cglib:19304	reference	吟游诗人对他的骏马：选自〈La Corte d Apollo〉流行歌曲选集第1号（原题署名Barnett）
cglib:19305	reference	〈Mosé in Egitto〉中的祈祷曲〈Dal Tuo Stellato Soglio〉
cglib:19306	reference	Bellini歌剧〈诺尔玛〉主题〈Deh Con Te〉
cglib:19307	reference	Bellini歌剧〈诺尔玛〉主题〈Mira O Norma〉
cglib:19308	reference	Bellini歌剧〈诺尔玛〉主题〈Mira O Norma〉
cglib:19311	reference	爱情将扮演主角（H. Phillips先生于科文特花园皇家剧院演唱）
cglib:19312	reference	Ma Zétulbé：意法文回旋曲（原题署名Martini，选自〈Calife de Bagdad〉）
cglib:19313	reference	〈Masaniello〉市场合唱（吉他与钢琴改编）
cglib:19314	reference	我亲爱的故乡（H. Phillips先生于科文特花园皇家剧院演唱）
cglib:19315	reference	啊，温柔的爱情（Wilson先生于科文特花园皇家剧院演唱）
cglib:19316	reference	倚在那块岩石上（选自歌剧〈Fra Diavolo〉）
cglib:19317	reference	〈Masaniello〉六首曲调（选自〈歌剧回忆〉七十二首吉他与钢琴曲调）
cglib:19318	reference	你眼中的蓝色（Cawse小姐于科文特花园皇家剧院演唱）
cglib:19319	reference	歌剧〈Gustavus the Third〉，又名〈化装舞会〉中的著名加洛普舞曲
cglib:19326	reference	来吧，爱情归于我（选自Balfe歌剧〈Aymon城堡〉，吉他伴奏改编）
cglib:19327	reference	黑夜的阴影（Balfe歌剧〈圣马可之女〉中的叙事歌）
cglib:19328	reference	亲爱的故乡（根据流行法国浪漫曲编配，吉他伴奏）
cglib:19329	reference	船夫（Balfe歌剧〈圣马可之女〉中的叙事歌）
cglib:1933	reference	两首对舞卡德里尔舞曲，作品3（1）
cglib:19330	reference	小山民（选自〈La Corte d Apollo〉第3号；原题列Barnett、Arnold、W. Ball）
cglib:19331	reference	我们仍可幸福（Balfe歌剧〈圣马可之女〉中的叙事歌）
cglib:19332	reference	当我们沿途尽是凄凉（Balfe歌剧〈圣马可之女〉中的叙事歌）
cglib:19337	reference	我的必是无声的泪：大歌剧〈Fair Rosamond〉中的歌曲（吉他伴奏改编）
cglib:19339	reference	我的吟游诗人爱人（西班牙吉他伴奏改编，选自〈La Nymphe Musicale〉第5号）
cglib:1934	reference	两首对舞卡德里尔舞曲，作品3
cglib:19340	reference	John Barnett流行歌曲集（西班牙吉他伴奏）
cglib:19346	reference	十二首圆舞曲，附尾声，作品4（吉他，可选第二吉他伴奏）
cglib:19356	reference	〈费德里奥〉十二首曲调，第二册（选自〈歌剧回忆〉七十二首吉他与钢琴曲调）
cglib:19357	reference	〈费德里奥〉六首曲调（选自〈歌剧回忆〉七十二首吉他与钢琴曲调）
cglib:19359	reference	〈海盗〉：〈Tu vedrai〉（钢琴与吉他改编）
cglib:19371	reference	〈我的心叹息〉：第九首主题变奏曲，作品56（长笛与吉他；T. Berbiguier与L. A. Carpentras）
cglib:19372	reference	〈溪畔〉：第六首主题变奏曲，作品41（长笛与吉他；T. Berbiguier与Louis Ange Carpentras）
cglib:19379	reference	到这里来，小侍从：二重唱等
cglib:19384	reference	我可爱的侍从，眺望远方：二重唱等
cglib:19388	reference	太阳在山巅（Sheriff小姐演唱）
cglib:1939	reference	遗憾：抒情曲，作品36（双簧管与钢琴）
cglib:19390	reference	〈Don Juan〉二重唱主题大型变奏曲，作品6（吉他独奏）
cglib:19391	reference	Carafa主题〈Oh cara memoria〉吉他独奏炫技变奏曲，作品28
cglib:19392	reference	歌剧〈I Montecchi e Capuleti〉二重唱主题变奏曲与波洛奈兹，作品30（吉他独奏）
cglib:19393	reference	亲爱的，白昼缓缓消逝：流行歌曲（西班牙吉他伴奏改编）
cglib:19394	reference	小红帽：浪漫曲（Théaulon作词，Ponchard演唱，吉他伴奏）
cglib:19396	reference	邻村的节日，第10号：卡瓦蒂纳（Martin演唱，Sewrin作词，吉他改编）
cglib:19397	reference	独幕歌剧〈新村庄领主〉第3号：分节歌（源词作者MM***；Regnault小姐与Martin先生演唱，吉他或里拉琴改编）
cglib:19398	reference	〈新村庄领主〉第7号：二重唱（Regnault小姐与Martin先生演唱，源词作者MM***；吉他或里拉琴改编）
cglib:19399	reference	〈Jean de Paris〉第8号：浪漫曲（Regnaud、Gavaudan女士与Elleviou先生演唱，里拉琴或吉他伴奏）
cglib:1940	reference	Cavantine，作品37（双簧管与钢琴；源曲式拼写保留）
cglib:19423	reference	六首D调嬉游曲（含天然泛音新体系与解释音阶；原题未注明大小调）
cglib:19424	reference	瑞士少年：简易悦耳变奏曲，附引子与尾声（以吉他家Ferdinando Sor的风格写成）
cglib:19426	reference	狩猎：Méhul〈青年Henri〉序曲，作品9
cglib:19427	reference	六个主题与变奏，作品12
cglib:19428	reference	吉他独奏奏鸣曲，作品8
cglib:19429	reference	吉他独奏主题变奏曲三首，作品7
cglib:1943	reference	芭蕾〈Armide〉主题幻想曲，作品4
cglib:19435	reference	简易奏鸣曲，作品104（小提琴与吉他）
cglib:19436	reference	二重奏小夜曲，作品19（吉他与单簧管或长笛）
cglib:19438	reference	小夜曲，作品21（选自〈西班牙吉他与长笛或小提琴十二首小夜曲〉，第1册第1号）
cglib:19439	reference	小夜曲，作品92（两支长笛，或长笛与小提琴，以及吉他）
cglib:1944	reference	秋叶，作品41
cglib:19443	reference	蒂罗尔曲调主题变奏曲，作品67（吉他与长笛或小提琴）
cglib:19446	reference	二十四个精选主题：欧洲各国民族曲调，以及法国、德国与意大利作曲家主题
cglib:19450	reference	Adolphe Adam〈Longjumeau驿车夫〉主题吉他幻想曲，作品64
cglib:19451	reference	歌剧〈Fra Diavolo〉主题吉他幻想曲，作品37
cglib:19452	reference	歌剧〈Le Domino Noire〉主题吉他拼曲，作品67
cglib:19453	retained	书目止于parmi les plus，精选主题的说明截断，不补写失落余文。
cglib:19454	reference	向你倾诉一切感受也徒劳：〈Der Abscheid〉瑞士曲调（Stockhausen夫人演唱，西班牙吉他伴奏改编；源拼写保留于原题）
cglib:19457	reference	当白昼泛起玫瑰色：〈快乐的阿尔卑斯牧人〉瑞士曲调（Stockhausen夫人演唱，西班牙吉他伴奏改编）
cglib:19459	reference	Beethoven行板变奏与回旋曲，作品155（双吉他改编）
cglib:19460	reference	Mozart行板与回旋曲，作品167（双吉他改编）
cglib:19462	reference	浪漫曲〈Les plus jolis mots〉与〈Fleuve du Tage〉主题嬉游曲两首，作品257（小提琴与吉他；原题分别署名N. Gilles、Pollet）
cglib:19463	reference	吉他与小提琴二重奏两首，作品244第1册（引用H. Berton〈Maris Garçons〉曲调〈Dieux des Baeux-Arts〉及Bochsa〈Lettre de change〉分节歌〈Un homme aura femme jolie〉）
cglib:19464	reference	吉他与小提琴二重奏两首，作品244第2册（引用H. Berton〈Maris Garçons〉二重唱〈Partout on vante a.〉与〈Quand une Belle〉；原歌词缩略保留）
cglib:19465	reference	Rossini主题钢琴与吉他二重奏两首，作品233第1册（Ferdinando与Gustavo Carulli）
cglib:19466	reference	Rossini主题钢琴与吉他二重奏两首，作品233第2册（Ferdinando与Gustavo Carulli）
cglib:19468	reference	Auber〈Fiorella〉三个主题嬉游曲，作品304（小提琴与吉他）
cglib:19471	reference	献给美惠三女神的新年礼物：吉他独奏曲集，作品93（10首前奏曲、6首附舞步的卡德里尔对舞曲、6首圆舞曲、3首主题变奏曲，细标指法）
cglib:19472	reference	幻想曲，作品201（选自〈简易与悦耳〉，分三部作品）
cglib:19473	reference	Auber〈Fiorella〉主题吉他独奏幻想曲，作品303
cglib:19474	reference	Carl Maria von Weber最后的音乐构思主题吉他幻想曲，作品323
cglib:19475	reference	Rossini歌剧〈Mathilde di Shabran〉多主题吉他幻想曲，作品322
cglib:19476	reference	威尼斯歌曲〈O Pescator dell Onda〉主题幻想曲，作品123（该歌曲插用于歌剧〈Sérénade〉；长笛、小提琴与吉他）
cglib:19479	reference	大型钢琴与吉他协奏二重奏，作品65（另附单独、简易且标指法的第二吉他声部，供初学者使用）
cglib:19482	reference	Agthe大型进行曲，作品161（吉他与钢琴改编）
cglib:19484	retained	十二首性格小品的书目尾句Formant une seule截断，不补写缺失的合组关系。
cglib:19485	reference	铃铛：Paganini主题吉他幻想曲，作品325
cglib:19488	reference	巴黎之歌：民族进行曲变奏，附引子与终曲，作品332
cglib:19490	reference	Mozart小广板与变奏曲，作品164（双吉他改编）
cglib:19491	reference	三日：对应1830年7月27、28、29日事件的小品，作品331
cglib:19494	reference	吉他完整教程：以简易方法学习弹奏，附44首渐进小品、六首练习曲等，第六版，作品241
cglib:19498	reference	Rossini歌剧〈Otello〉改编，作品240第2号（长笛、小提琴与吉他，采用适合乐器的华丽简易调性）
cglib:19499	reference	Rossini歌剧〈Otello〉改编，作品240第3号（长笛、小提琴与吉他，采用适合乐器的华丽简易调性）
cglib:19500	reference	Rossini歌剧〈Otello〉改编，作品240第4号（长笛、小提琴与吉他，采用适合乐器的华丽简易调性）
cglib:19502	reference	〈Charmante Gabrielle〉与〈Vive Henri Quatre〉主题吉他小幻想曲，作品82
cglib:19506	reference	学生曲目集：渐进且细标指法的吉他独奏小品集，作品124
cglib:19507	reference	初学者曲目集第5号，作品177（吉他与小提琴，简易且细标指法）
cglib:19508	reference	初学者曲目集第6号，作品178（吉他与小提琴，简易且细标指法）
cglib:19509	reference	初学者曲目集第4号，作品176（吉他与小提琴二重奏两首，简易且细标指法）
cglib:19510	reference	Auber〈Fiorella〉船歌主题双吉他回旋曲，作品302
cglib:19512	reference	意大利曲调六首第2册第4号：〈Ah Come Rapida Fuggi La Speme〉卡瓦蒂纳（源歌剧名dels Crociato、署名Mayerberr sic保留；源标opéra42，长笛与吉他改编，吉他Carulli、长笛Tulou）
cglib:19513	reference	意大利曲调六首第2册第6号：Mercadante歌剧〈Elisa e Claudio〉二重唱〈Se Un Istante〉（源标opéra42，长笛与吉他改编，吉他F. Carulli、长笛Tulou）
cglib:19514	reference	意大利曲调六首第1号：Rossini〈Barbier〉卡瓦蒂纳〈Ecco ridente il Cielo〉（长笛与吉他改编，吉他Carulli、长笛Tulou）
cglib:19515	reference	意大利曲调六首第2号：Rossini歌剧〈La Gazza Ladra〉卡瓦蒂纳〈Vieni tra Queste Braccia〉（长笛与吉他改编，吉他Carulli、长笛Tulou）
cglib:19516	reference	意大利曲调六首第3号：Rossini〈Una Voce Poco Fa〉（长笛与吉他改编，吉他Carulli、长笛Tulou）
cglib:19521	reference	Rossini意大利曲调三首第2号：〈Tancrède〉波洛奈兹〈Fra Que Soavi Palpiti〉（源标opéra32，长笛与吉他改编，吉他Carulli、长笛Tulou）
cglib:19522	reference	Rossini意大利曲调三首第2号：〈Tancrède〉波洛奈兹〈Fra Quei Soavi Palpiti〉（源标opéra32，长笛与吉他改编，吉他Carulli、长笛Tulou）
cglib:19523	reference	Rossini意大利曲调三首第3号：〈Tancrède〉卡瓦蒂纳〈Come dolce all alma mia〉（源标opéra32，长笛与吉他改编，吉他Carulli、长笛Tulou）
cglib:19526	reference	二重奏三首，作品48（两把吉他或里拉琴）
cglib:19533	reference	对话式双吉他小二重奏三首，作品57（简易且细标指法）
cglib:19535	reference	双吉他小二重奏三首，作品146（极简易且细标指法）
cglib:19541	reference	吉他独奏变奏曲三首，作品60（引用〈Partant pour la Syrie〉〈Malborouck〉〈La Biondina〉〈J aime les Fillettes〉与〈Ah vous dirai-je Maman〉）
cglib:19548	reference	第三集初学者简易吉他独奏小品，作品35
cglib:1955	reference	吉他手金册，作品52
cglib:19550	reference	吉他幻想曲与变奏，作品47（源拼写Fanatasie保留于原题）
cglib:19551	reference	小歌曲〈O dolce concento〉主题大型幻想曲，作品101（钢琴与吉他）
cglib:19552	reference	引子与波莱罗，续以泛音回旋曲，作品46（吉他）
cglib:19565	reference	选取西班牙等作曲家作品的吉他音乐期刊（源尾注autres s保留于原题）
cglib:19580	reference	〈L Auberge de Bagnères〉曲调（Martin演唱，Jalabert作词）
cglib:19582	reference	双吉他协奏二重奏：〈Semiramide〉中的五重唱与合唱
cglib:19583	reference	Auber歌剧〈La Fiancée〉法国曲调主题西班牙吉他幻想曲
cglib:19584	reference	法国歌曲〈La Normandie〉主题西班牙吉他幻想曲
cglib:19585	reference	法国歌曲〈La Normandie〉主题西班牙吉他幻想曲
cglib:1961	reference	晨曲与爱情之歌
cglib:1962	reference	切尔克斯叙事曲（手稿）
cglib:19621	reference	Alfred圆舞曲，附三声中部与尾声（采用W. Robert van Gallenberg伯爵同名芭蕾主题，Anton Diabelli双吉他改编）
cglib:19622	reference	二十首西班牙吉他与钢琴小二重奏（A. Diabelli作曲，Eulenstein选编与标注指法；第一册第1—12号，数量照录来源）
cglib:19623	reference	二十首西班牙吉他与钢琴小二重奏（A. Diabelli作曲，Eulenstein选编与标注指法；第二册第13—24号，数量照录来源）
cglib:19624	reference	P. V. Winter的Caraffa主题〈O cara memoria〉变奏曲（Metzger小姐演唱，Anton Diabelli省去歌词的双吉他改编）
cglib:19625	reference	Meve的叙事歌〈Rosabelle〉，又名〈离开这些仙境何等伤感〉（Leigh Cliffe作词，西班牙吉他伴奏改编）
cglib:19627	reference	第一步：〈Petit Courier〉曲调（Moreau与Boully作词，里拉琴或吉他伴奏）
cglib:19628	reference	〈Deux Edmon〉回旋曲集
cglib:19647	reference	施蒂里亚旋律〈阿尔卑斯歌者〉（军乐队演奏曲，西班牙吉他与钢琴协奏二重奏改编）
cglib:19649	reference	当我在一个夏日：德国曲调（钢琴或吉他伴奏改编）
cglib:19650	reference	当我在一个夏日：德国曲调（钢琴或吉他伴奏改编）
cglib:19655	reference	亲爱的故乡（William Ball按法国浪漫曲编配，吉他伴奏）
cglib:19661	reference	假如我的心惯于虚伪：歌曲
cglib:19663	reference	Beethoven圆舞曲主题吉他引子与变奏
cglib:19665	reference	Reichstadt公爵圆舞曲主题引子与变奏（吉他与钢琴）
cglib:19666	reference	〈瑞士少年〉主题吉他引子与变奏
cglib:19670	reference	〈L Espagnole〉歌曲选集第2号〈轻快的响板〉（西班牙吉他改编）
cglib:19671	reference	〈L Espagnole〉歌曲选集第5号〈再唱那旋律〉（西班牙吉他改编）
cglib:19687	reference	H. R. Bishop曲调〈哦，不，我们从不提及她〉主题吉他变奏曲
cglib:19689	reference	指引明日的希望（选自Eulenstein吉他曲调集）
cglib:1083	reference	西班牙组曲第1号，作品47，第1曲：格拉纳达（小夜曲；Eythor Thorlaksson版）
cglib:1084	reference	西班牙组曲第1号，作品47，第1曲：格拉纳达（小夜曲；Rafael Andia版）
cglib:1095	reference	十二首性格小品：红塔小夜曲，作品92（Garcia Fortea版；源原题重复红塔）
cglib:1096	reference	十二首性格小品：红塔小夜曲，作品92（Rafael Andia版；源原题重复红塔）
cglib:1097	reference	十二首性格小品：红塔小夜曲，作品92（源原题重复红塔）
cglib:1137	reference	练习曲与前奏曲第1号（七弦吉他；调性说明Diferante Ton保留原文）
cglib:1138	reference	练习曲与前奏曲第2号（七弦吉他；调性说明Diferante Ton保留原文）
cglib:1194	reference	吉他小步舞曲（源调性mi nenor保留；第2系列第18号）
cglib:12520	reference	祖母们的摇篮曲（原题附体裁注berceuse）
cglib:12644	reference	一位porteño里约人（porteño地域所指按原词保留）
cglib:13064	reference	Erodiade：狐步舞曲（两把曼陀林、曼多拉琴与吉他）
cglib:13087	reference	慵懒的目光：踌躇圆舞曲（曼陀林乐队）
cglib:13112	reference	想念你：特里斯特曲
cglib:13150	reference	Lulu：Black-Bottom舞曲
cglib:13156	reference	爱情与艺术：圆舞曲（曼陀林）
cglib:13160	reference	Della Carson：前奏曲，作品58（曼陀林乐队）
cglib:13168	reference	故乡；休憩时刻：田园练习曲
cglib:13169	reference	分心者：加托舞曲（吉他改编；原题括注Cornejo）
cglib:13179	reference	轻歌剧〈公主的童话〉中的〈Il Solletico Ghiri Ghiri〉（曼陀林、曼多拉琴与吉他；原题括注Amadei）
cglib:13184	reference	歌剧〈Mignon〉中的〈Non conosci il bel suol〉（两把曼陀林与吉他；原题括注Thomas）
cglib:13185	reference	〈茶花女〉中的〈告别过去〉（曼陀林改编）
cglib:1323	reference	四首吉他即兴曲
cglib:13254	reference	Mazorquero的告别：布宜诺斯艾利斯歌曲（声乐与吉他改编）
cglib:13293	reference	芳香的嘴唇：圆舞曲（两把曼陀林与吉他）
cglib:13348	reference	El Montaraz（〈阿根廷气息〉第15号；双吉他）
cglib:13419	reference	〈Io Bailo el Gato con el Canto del Gaio〉：加托舞曲（源混合词形保留）
cglib:13420	reference	晚上好：狐步舞曲（两把曼陀林、曼多拉琴与吉他）
cglib:13462	reference	阿根廷舞曲：加托舞曲
cglib:13494	reference	练习曲第1号、浪漫曲、练习曲第2号
cglib:13495	reference	安达卢西亚波莱罗舞曲（曼陀林与吉他）
cglib:13537	reference	赞巴与加托舞曲（选自〈阿根廷歌曲与舞曲〉）
cglib:13640	reference	守夜人的巡行：西班牙幻想曲
cglib:13649	reference	春日消遣：圆舞曲（两把曼陀林、曼多拉琴与吉他）
cglib:13687	reference	Verolanoz：西班牙进行曲（曼陀林乐队）
cglib:13712	reference	意大利血脉：进行曲（曼陀林乐队）
cglib:13714	reference	国际Klausen赛车：进行曲（曼陀林乐队）
cglib:13723	reference	Priaha：歌曲变奏（六弦吉他改编）
cglib:1443	reference	爱情回忆：华丽幻想曲，作品22（十弦或六弦吉他独奏；源词brillande保留于原题）
cglib:1444	reference	Ems的回忆：连德勒六首，作品23（双吉他）
cglib:1451	reference	〈月光奏鸣曲〉中的慢板，作品27第2号（Josefina Robledo吉他改编）
cglib:1459	reference	大七重奏中的主题变奏曲（Vincenz Schuster双吉他改编；二重奏）
cglib:1553	reference	十二首双吉他圆舞曲
cglib:15526	reference	作者的〈Mistress〉（选自〈Musick’s Monument〉的二重奏；双吉他）
cglib:1610	reference	第二吉他曲集：六首作品
cglib:16653	reference	〈Dolly〉中的摇篮曲，作品56（长笛与吉他）
cglib:17216	reference	慢板（小提琴或长笛与吉他改编）
cglib:1741	reference	Beethoven行板变奏曲，作品155（双吉他）
cglib:1742	reference	Beethoven幻想曲，作品157（双吉他）
cglib:1746	reference	Mozart行板，作品167（双吉他改编）
cglib:17489	reference	Brasileirinho：绍罗（双吉他）
cglib:17496	reference	第156康塔塔中的慢板（双吉他改编）
cglib:17578	reference	平均律键盘曲集第1册：赋格第13号（二重奏）
cglib:17579	reference	平均律键盘曲集第1册：前奏曲第11号（二重奏）
cglib:17580	reference	平均律键盘曲集第1册：前奏曲第13号
cglib:17581	reference	平均律键盘曲集第1册：前奏曲第19号
cglib:17582	reference	平均律键盘曲集第1册：前奏曲第21号
cglib:17583	reference	平均律键盘曲集第1册：前奏曲第23号
cglib:17584	reference	平均律键盘曲集第1册：前奏曲第9号
cglib:17585	reference	平均律键盘曲集第2册：赋格第V号（吉他二重奏）
cglib:17586	reference	平均律键盘曲集第2册：前奏曲第12号
cglib:17587	reference	平均律键盘曲集第2册：前奏曲第15号（二重奏）
cglib:17588	reference	平均律键盘曲集第2册：前奏曲第24号
cglib:1763	reference	Rossini回旋曲五首，作品237（双吉他）
cglib:17697	reference	Charlama：科洛舞曲（双吉他）
cglib:17801	reference	羽管键琴组曲第8号：库朗特舞曲，HWV441
cglib:17821	reference	狂欢日：绍罗（双吉他）
cglib:17857	reference	Maria Luisa：委内瑞拉圆舞曲（双吉他）
cglib:17900	reference	Candieiro之舞：兰切拉曲（双吉他）
cglib:17934	reference	Bamba的小绍罗（双吉他）
cglib:17935	reference	Malemá do Meio：绍罗（双吉他）
cglib:17949	reference	KV332第一乐章（双吉他）
cglib:17950	reference	KV332第二乐章（双吉他）
cglib:17962	reference	〈Apanhei-te cavaquinho〉：绍罗（双吉他）
cglib:17976	reference	Mafuá：绍罗（三吉他）
cglib:18023	reference	日间远足（双吉他）
cglib:18122	reference	完整教程（Eythor Thorlaksson修订与标注指法）
cglib:18203	reference	L’Hereu Riera（四吉他改编）
cglib:1821	reference	三首吉他幻想曲与变奏，作品95
cglib:18211	reference	Margarideta（四吉他改编）
cglib:18215	reference	Olaf Lilacrose（双吉他改编）
cglib:18243	reference	Budarvisur（双吉他改编）
cglib:18256	reference	吉卜赛舞曲第IV号，作品55：Generalife（三吉他改编）
cglib:18257	reference	吉卜赛舞曲第V号，作品55：Sacromonte（三吉他改编）
cglib:1839	retained	Pierrot与Colombine为戏剧角色名，未确认本题通行中文对应，不译为普通动作或物名。
cglib:1844	reference	Cherubini歌剧〈Les deux journées〉进行曲主题吉他变奏曲，作品110
cglib:1930	reference	穿越阿尔卑斯山，作品27、28与40
cglib:19322	reference	瓜拉恰曲（选自Auber的〈Masaniello〉，钢琴与吉他协奏二重奏改编）
cglib:19342	reference	欢乐的山地风笛（选自〈La Corte d Apollo〉第2号，西班牙吉他伴奏）
cglib:19362	reference	意大利之乐第9曲〈Ah Tuo fallo〉（吉他与钢琴；源作者署名Bellini, Vincenzo, 1801—1835）
cglib:19365	reference	精选歌剧旋律吉他集成曲第2号：Bellini〈诺尔玛〉（原题署名Philipp Süssmann）
cglib:19366	reference	精选歌剧旋律吉他集成曲第4号：Bellini〈梦游女〉（原题署名Philipp Süssmann）
cglib:19370	reference	〈Mystéres d Isis〉曲调：第七首主题变奏曲，作品9（长笛与吉他）
cglib:19375	reference	第二集六首流行歌曲（西班牙吉他伴奏改编）
cglib:19430	reference	悦耳二重奏，作品105（钢琴与吉他）
cglib:19431	reference	简易二重奏，作品87（长笛与吉他）
cglib:19447	reference	Rossini歌剧〈Moïse〉芭蕾曲调两首第1号，作品28（钢琴与吉他改编）
cglib:19448	reference	Rossini歌剧〈Moïse〉芭蕾曲调两首第2号，作品28（钢琴与吉他改编）
cglib:19456	reference	Reichstadt公爵圆舞曲主题吉他变奏曲，作品52
cglib:19458	reference	Rossini〈灰姑娘〉浪漫曲：第八首主题变奏曲，作品23（长笛与吉他）
cglib:19461	reference	两首俄罗斯曲调变奏曲，附引子与终曲，作品110（双吉他）
cglib:19477	reference	Beethoven作品主题幻想曲，作品157（双吉他改编）
cglib:19483	reference	M. Paër的〈Agnese〉嬉游曲改编，作品132（双吉他）
cglib:19492	reference	我的诺曼底：Fréderic Bérat浪漫曲主题吉他变奏曲，作品364
cglib:19493	retained	小品集体裁清单止于逗号后的a，尾部疑似截断，不补写余文。
cglib:19537	reference	小夜曲三首或三重奏，作品24第4—6号（长笛、小提琴与Lyre Guitare；末器名组合按原文保留）
cglib:19538	reference	小夜曲三首或三重奏，作品24第1—3号（长笛、小提琴与里拉琴或吉他）
cglib:19539	reference	小夜曲三首或三重奏，作品24第4—6号（长笛、小提琴与里拉琴或吉他）
cglib:19540	reference	简易小奏鸣曲三首，作品23（吉他或里拉琴，可选小提琴伴奏）
cglib:19542	reference	吉他独奏曲三首，作品76
cglib:19543	reference	细标指法的奏鸣曲三首，作品47（吉他或里拉琴，可选小提琴伴奏）
cglib:19547	reference	圆舞曲三首，作品32（钢琴与吉他）
cglib:19555	reference	掷弹兵的离别主题吉他变奏曲，作品40
cglib:19556	reference	听，听：新蒂罗尔曲主题吉他变奏曲，作品41
cglib:19557	reference	〈Ah se tu fossi o Nina〉：威尼斯船歌（选自〈西班牙等作曲家吉他作品期刊〉）
cglib:19568	reference	鼓手小步舞曲与回旋曲（选自〈西班牙等作曲家吉他作品期刊〉）
cglib:19571	reference	塞吉迪亚曲（选自〈西班牙等作曲家吉他作品期刊〉）
cglib:19574	reference	六首吉他主题曲（选自〈西班牙等作曲家吉他作品期刊〉）
cglib:19578	reference	圆舞曲（选自〈西班牙等作曲家吉他作品期刊〉）
cglib:19590	reference	吉他和声幻想曲
cglib:19597	reference	升起吧，白昼灿烂的金星…（吉他伴奏改编）
cglib:19608	reference	芭蕾〈Alfred〉中的大型进行曲（钢琴与吉他改编）
cglib:19642	reference	精选歌剧旋律吉他集成曲第3号：Donizetti〈军中女郎〉（源缩略名Fille du R.保留于原题；原题署名Philipp Süssmann）
cglib:19658	reference	引入德国流行曲调的西班牙吉他幻想曲
cglib:19659	reference	引入德国流行曲调的西班牙吉他幻想曲
cglib:19667	reference	Jullien原创波尔卡（选自〈西班牙吉他精选波尔卡、玛祖卡与加洛普〉）
cglib:19683	reference	Bath的回忆：吉他圆舞曲六首与加洛普舞曲两首
cglib:19686	reference	流行曲调〈爱情的里托尔内洛〉二重奏改编，作品18（吉他与钢琴）
cglib:19688	reference	德国退营号（吉他）
cglib:1772	reference	Auber〈Fiorella〉主题双吉他回旋曲，作品302
cglib:19487	reference	马赛曲主题吉他变奏曲，作品330
cglib:13256	reference	Ronda Cinese，作品6（Ronda的具体舞曲或巡游用法保留原文）
cglib:13593	reference	Ronda Paulista，作品213（Ronda的具体舞曲或巡游用法保留原文）
cglib:1125	reference	告别：忧郁的圆舞曲（七弦吉他）
cglib:1609	reference	歌剧〈Lucrecia Borgia〉主题吉他幻想曲（源编号2）
