# Complete musical title readings and mature terms, no cross-source identities.
Rialto Ripples	Rialto涟漪
60 National Airs of Different Nations	各国六十首民族曲调
Scotch Air	苏格兰曲调
12-tone blues	十二音布鲁斯
3 Airs suisses varies	三首瑞士曲调变奏曲
Fantasie Sur le Serment de D.F.E. Auber	D.F.E. Auber的〈Le Serment〉主题幻想曲
Fantasie Sur le Pre aux Cleres de F. Herlod	F. Herlod的〈Le Pre aux Cleres〉主题幻想曲
Fantasie Sur le Bal masque de D.F.E. Auber	D.F.E. Auber的〈Le Bal masque〉主题幻想曲
Fantasie sur Gustave ou le Bal masque de D.F.E. Auber	D.F.E. Auber的〈Gustave，或假面舞会〉主题幻想曲
Valse favorite du Duc de Reichstadt	Reichstadt公爵钟爱的圆舞曲
Deux Quadrilles de Contredanse	两首卡德里尔对舞曲
Fantasie Sur le Cheval de Bronze de D.F.E. Auber	D.F.E. Auber的〈Le Cheval de Bronze〉主题幻想曲
Variations sur le Duo de la Capricciosa Corretta	〈La Capricciosa Corretta〉二重唱主题变奏曲
Melange sur Sarah	〈Sarah〉主题集锦
Fantaisie sur l Opera Le postillon de Lonjumeau	歌剧〈Lonjumeau的驿车夫〉主题幻想曲
Melange les Airs de Zanetta de D.F.E. Auber	D.F.E. Auber的〈Zanetta〉曲调集锦
Fantaisie sur les Diamans de la Couronne de D.F.E. Auber	D.F.E. Auber的〈Diamans de la Couronne〉主题幻想曲
Fantaisie sur La part du diablede D.F.E. Auber	D.F.E. Auber的〈La part du diable〉主题幻想曲（保留來源转录边界）
Melange sur des Themes de La sirene de D.F.E. Auber	D.F.E. Auber的〈La sirene〉主题集锦
El poder de las mujeres	女人的力量
La criada	女仆
Sinfonía del maestro Carnicer en la ópera El barbero de Sevilla	Carnicer的歌剧〈塞维利亚的理发师〉序曲
L Harmonie Appliquee a la guitare	吉他和声应用
Morceaux de l’Opéra les Huguenots de G. Meyerbeer	G. Meyerbeer歌剧〈Les Huguenots〉选曲
Mosaique de morceaux de l’opéra Les huguenots de G. Meyerbeer	G. Meyerbeer歌剧〈Les Huguenots〉曲调集锦
Cantique de Noel – O Holy Night – O, helga natt. solo	圣夜颂歌（独奏）
Summerchoral from Sweden	瑞典夏日圣咏
edition in A Major	A大调版
edition in D Major	D大调版
short version	短版
Pavan ‘Belle Qui Tiens Ma Vie’	帕凡舞曲〈Belle Qui Tiens Ma Vie〉
Fuga Autentica in Arie Francese	法国曲调中的正格赋格
Des pas sur la neige	雪上足迹
Come Again Sweet Love Doth Now Invite	再来吧，甜蜜的爱如今在召唤
Come, Heavy Sleep	来吧，沉沉的睡眠
Fine Knacks For Ladies	献给女士们的精巧小物
Go Crystal Tears	流吧，晶莹的泪珠
Go From My Window	离开我的窗边
Mr. Langton’s Galliard	Langton先生的加利亚德舞曲
Piper’s Pavan	风笛手的帕凡舞曲
Rest Awhile You Cruel Cares	暂时安歇吧，残酷的忧虑
A Pill to Purge Melancholy	驱除忧郁的一剂药
Aria detta la Frescobalda	名为〈Frescobalda〉的曲调
Canzon Terza	第三坎佐纳
Zwei katalanische Volkslieder	两首加泰罗尼亚民歌
Vier Fantasias	四首幻想曲
3 Pieces for two Lutes	两把鲁特琴的三首小品
Fantasia facil	简易幻想曲
Menuet aus dem Notenbüchlein für Anna Magdalena Bach	〈Anna Magdalena Bach小曲集〉中的小步舞曲
Chaconne Two In One Upon A Ground	固定低音上的二声合一恰空
Duet (Witches)	女巫二重奏
Prelude For The Witches	女巫前奏曲
The Queen’s Funeral March And Canzona	女王葬礼进行曲与坎佐纳
Pavanas por la D, con partidas al Aire español, una Jiga inglesa y Bailete frances	按D标记的帕凡舞曲，与西班牙曲调变奏、英国吉格及法国小舞曲
Morceau Lyrique	抒情小品
The Gnomes	地精
Aria From Der Neumodische Liebhaber Damon	〈Der Neumodische Liebhaber Damon〉中的曲调
Ouverture de la Grotte de Versailles Jean-Baptiste Lully	Jean-Baptiste Lully的〈Grotte de Versailles〉序曲
Largo From Concerto for Two Cellos	双大提琴协奏曲中的广板
L Agnese, de M. Paer, arrangee pour Guitares	M. Paer的〈Agnese〉吉他改编版
Andante Varie de Beethoven, pour deux Guitares	Beethoven行板主题变奏曲（两把吉他）
Fantasie de Beethoven, pour Deux Guitares	Beethoven幻想曲（两把吉他）
Grande Marche, par Agthe arrangée pour Guitare et Piano	Agthe大进行曲的吉他与钢琴改编
Larghetto et Variations de Mozart, pour Guitares	Mozart小广板与变奏曲（吉他）
Andante de Mozart, arranges pour Deux Guitares	Mozart行板（两把吉他改编）
Recuerdo Pampeano	潘帕斯回忆
Amando sobre o mar	海上恋爱
Não me toques	别碰我
Sururú na Cidade	城中的喧闹
Tico Tico No Fubá	玉米粉中的Tico Tico鸟
Revised and fingered by Eythor Thorlaksson	Eythor Thorlaksson修订并标注指法
Den gula rosen	黄玫瑰
Não Faz Assim	别这样做
Pedacinhos do Céu	天堂的小片段
Jesus Christus, Unser Heiland	耶稣基督，我们的救主
Arrangement for two guitars	两把吉他改编版
Arrangement for three guitars	三把吉他改编版
Air Orchestral Suite	管弦乐组曲中的曲调
Aria Sheep may safely graze Cantata	康塔塔咏叹调〈羊儿可以安心吃草〉
Aria Ich will bei meinen Jesu wachen Matthaus Passion	〈马太受难曲〉中的咏叹调〈我愿守在耶稣身旁〉
Aria Cantata – BWV 247 Markus Passion	康塔塔咏叹调——BWV247〈马可受难曲〉
Sinfonia Partita 2 for Cembalo	羽管键琴第二帕蒂塔中的Sinfonia
Italienishes Konzert 1st Mov	意大利协奏曲第一乐章
Aria del Postiglione Capriccio	〈随想曲〉中的驿车夫曲调
Arioso Capriccio	如歌随想曲
English Suite	英国组曲
French Suite	法国组曲
Solfèges et vocalises avec accompagnement	附伴奏的视唱与发声练习
Fantaisie de Rossini pour guitare et violon ou flute	Rossini幻想曲（吉他与小提琴或长笛）
L orage, sonate sentimentale	暴风雨：抒情奏鸣曲
Fantaisie Le Facile et L Agreable	简易与悦耳幻想曲
Douze petits morceaux caracteristiques formant une seule Fantasie	十二首性格小品组成的一首幻想曲
Trois divertissements à l espagnole	三首西班牙风格嬉游曲
Well Tempered Clavier	平均律键盘曲集
Well-Tempered Clavier	平均律键盘曲集
Five guitar pieces El sueño de la muñeca, Minueto en Do, Minueto en La, Gavotta al estilo antiguo and Mabelita	五首吉他小品：玩偶之梦、C调小步舞曲、A调小步舞曲、古风加沃特与Mabelita
Adagio 2nd mov. Sonata	奏鸣曲第二乐章柔板
La Poupée	玩偶
from the suite Jeux d’enfants for piano 4 hands	选自钢琴四手联弹组曲〈儿童游戏〉
Deux Duos pour Piano et Guitare sur les Themes de Rossinie	Rossinie主题的两首钢琴与吉他二重奏
Air – Sailing	曲调〈Sailing〉
Chorinho Siderúrgico	冶金小肖罗曲
Choro para Denise	献给Denise的肖罗曲
Guarania Serrana	山地瓜拉尼亚曲
Lord Willobies Welcome Home	欢迎Willobie勋爵归来
Sing Joyfully	快乐歌唱
3 Guitar pieces Un recuerdo, El Eco, Andante Grave.	三首吉他小品：回忆、回声、庄重的行板
Ricordo di Lugano	Lugano回忆
Apaisement	平静
Jeune Age	年少时光
Souvenir de Rocquencourt	Rocquencourt回忆
Mysterious Barricades	神秘的障碍
Harpsichord Suite	羽管键琴组曲
Prelude in Suite Bergamasque	〈贝加莫组曲〉中的前奏曲
Hommage à Debussy	向Debussy致敬
Apres un Reve	梦醒之后
Le Plus Doux Chemin	最甜美的道路
Au bord de L’eau	水边
Milonga del Ayer	昨日的米隆加
Allegro de Concierto	音乐会快板
Methode Complete pour parvenir a pincer la Guitare	吉他拨弦完整教程
Morceaux progressifs a l usage des commencants	初学者渐进小品
Methode complete pour le decacorde	十弦琴完整教程
Rondeau pour Deux Guitares sur Fiorella de Auber	Auber的〈Fiorella〉主题回旋曲（两把吉他）
Fantaisie pour Guitare sur un Motif de Fiorella de Auber	Auber的〈Fiorella〉主题吉他幻想曲
Divertissement pour Violon et Guitare sur Fiorella de Auber	Auber的〈Fiorella〉主题嬉游曲（小提琴与吉他）
Trois Walzes pour le Piano et Guitare	三首钢琴与吉他圆舞曲
Six Andantes	六首行板
Fantaisie sur l Opera Mathilde di Shabran de Rossini	Rossini歌剧〈Mathilde di Shabran〉主题幻想曲
Fantaisie sur la dernière pensee musicale de Weber	Weber的最后音乐思绪主题幻想曲
La Clochette Fantaisie sur un theme de Paganini	小钟：Paganini主题幻想曲
La Prise D Alger. Piece Heroique	Alger的攻占：英雄小品
La Marseillaise Variee	马赛曲变奏曲
Autre edition	另一版
Les trois jours 27, 28 et 29 juillet 1830	1830年七月27、28、29日的三天
La Parisienne, Marche nationale variee	巴黎女子：民族进行曲变奏
Fantaisie pour flute et guitare sur deux motifs de Bellini	Bellini两个主题的长笛与吉他幻想曲
La Folle. Romance d Albert Grisar, arrangee en Fantaisie	疯狂女子：Albert Grisar浪漫曲的幻想曲改编
Ma Normandie Romance de Berat	我的诺曼底：Berat浪漫曲
Ma Normandie. Romance de Frederic Berat	我的诺曼底：Frederic Berat浪漫曲
Trois duos pour guitare et violon	三首吉他与小提琴二重奏
Six Airs Italiens	六首意大利曲调
Phantasie über Steyerische national Tänze	施蒂里亚民族舞曲主题幻想曲
Variationen für ein Guitarre	一把吉他变奏曲
El reloj de cuco	布谷鸟钟
Le guitariste au salon	沙龙吉他手
Le repertoire du guitarriste	吉他手曲目集
Morceaux modernes et non difficiles	现代易奏小品
Escuela completa de guitarra	吉他完整教程
Jysk Dans	日德兰舞曲
Andante favorit tiré d’un quatuor	选自四重奏的精选行板
Andante varié et Rondeau aus der Sonate in As dur	降A大调奏鸣曲中的行板变奏与回旋曲
Claro de luna adagio de la sonata	〈月光奏鸣曲〉中的柔板
Claro de luna adagio sostenuto de la sonata	〈月光奏鸣曲〉中持续的柔板
Largo de la Sonata de Beethoven	Beethoven奏鸣曲中的广板
Marcha funebre de la sonate	奏鸣曲中的葬礼进行曲
Marche funèbre sur la mort d’un héros	为英雄逝世而作的葬礼进行曲
Quatre walzes	四首圆舞曲
Scherzo de la sonata	奏鸣曲中的谐谑曲
Variations favorites pour deux guitarres tirées du grand septuor	选自大七重奏的两把吉他主题变奏曲
Variations tirées d’un quatuor	选自四重奏的变奏曲
Cavatina Casta Diva che inargenti nell opera Norma M. Paturzo	歌剧〈诺尔玛〉中的卡瓦蒂纳〈Casta Diva che inargenti〉（原题署名M. Paturzo）
Cavatina Come per me sereno nell opera La sonnambula dal Antonio Padiglione	歌剧〈梦游女〉中的卡瓦蒂纳〈Come per me sereno〉（Antonio Padiglione改编）
Potpourri del’ Opera Il Puritani	歌剧〈Il Puritani〉主题集成曲（歌剧名保留来源字形）
Sinfonía de La Norma	歌剧〈诺尔玛〉序曲
Marche tirée de l’opera d’Aline de Berton	Berton歌剧〈Aline〉中的进行曲
I Partita im alten Stil für die Laute	鲁特琴古风帕蒂塔I
Der Freischutz von Carl Maria von Weber	Carl Maria von Weber的〈自由射手〉
Der Schiffskapitain oder Die Unbefangenen	船长，或无拘无束的人们
Divertissements progressifs pour la guitare soigneusement doigtes	精心标注指法的吉他渐进嬉游曲
Marche danse et marmotte des Savoyards divertissement pour la guitare	萨瓦人的进行曲、舞蹈与旱獭歌：吉他嬉游曲
Nuits a Naples trois serenades pour flute violon et guitare	那不勒斯之夜：长笛、小提琴与吉他的三首小夜曲
Studien fur die Guitarre mit hinzugefugter Fingersetzung fur die linke und rechte Hand	附左右手指法的吉他练习曲
Le bouquet trois nocturnes pour flute violon et guitarre	花束：长笛、小提琴与吉他的三首夜曲
Grand potpourri brillant de lOpera la Muette de Portici par Auber	Auber歌剧〈La Muette de Portici〉主题的大华丽集成曲
pour la guitarre seule dune difficulte mediocre	吉他独奏，中等难度
Marche Louis XVI	Louis XVI进行曲
Marscher	进行曲集
Variations pour la guitare seule sur la cavatine favorite Sorte secondami de lopera Zelmira de Rossini	Rossini歌剧〈Zelmira〉中卡瓦蒂纳〈Sorte secondami〉主题的吉他独奏变奏曲
Introduction et variations sur lair polonais Ja ciebie nie zapomne pour la guitare seule composees	波兰曲调〈Ja ciebie nie zapomne〉主题的吉他独奏引子与变奏曲
Premiere grande polonaise pour la guitare composee	第一首吉他大波兰舞曲
Grandes variations sur un duo de lopera Don Juan pour la guitare seule	歌剧〈Don Juan〉二重唱主题的吉他独奏大变奏曲
Air dUkraine varie	乌克兰曲调变奏曲
Souvenir de la Pologne grand pot-pourri pour guitare ou piano et violoncelle	波兰回忆：吉他或钢琴与大提琴的大集成曲
Menuet Celebre	著名小步舞曲
Comme une reve	如梦一般
Douce amere	甜中带苦
Litle clown ragtime	Litle clown：拉格泰姆（Litle保留来源字形）
Lady and the Harp	女士与竖琴
La moda canción andaluza	时尚：安达卢西亚歌曲
Trois themes variees pour guitarre, flute et alto	吉他、长笛与中提琴的三首主题变奏曲
Trois themes variees pour la guitarre, flute et alto	吉他、长笛与中提琴的三首主题变奏曲
Valces Los románticos	浪漫者圆舞曲
Duettino	小二重奏
Etoiles et Fleurs	星星与花朵
Jota-valse	霍塔圆舞曲
Fantaisie dramatique	戏剧幻想曲
Souvenir de Barcelone	巴塞罗那回忆
Debutante’s gavotte	初登舞会者的加沃特舞曲
Silver cloud schottisch	银云：肖蒂什舞曲
Le Secret	秘密
Cupid waltzes	爱神圆舞曲
Silver star	银星
Christmas bells march	圣诞钟声进行曲
Greek march	希腊进行曲
Monastery bells	修道院钟声
When the leaves begin to fall	当树叶开始飘落
When the leaves begin to turn	当树叶开始变色
Webster’s funeral march	Webster葬礼进行曲
Linger while our hearts are gay	当我们心情愉快时留下吧
The reaper on the plain	平原上的收割者
Cottage by the sea	海边小屋
Lied aus Preciosa	选自〈Preciosa〉的歌曲
Plainte Moresque	摩尔哀歌
L amazone	女战士
Venise	威尼斯
Donna Crudel	残酷的女子
Entrée de Luth	鲁特琴入场曲
Quatrieme Sonate	第四奏鸣曲
Gravement	庄重地
Divisions upon an Italian Ground	意大利固定低音上的分奏变奏
Pavana alla Ferrarese	费拉拉风格帕凡舞曲
Mistress Ann Green her Leaves be Green	Ann Green夫人，她的树叶是绿的
Come Away	离开吧
La Mia Barbara	我的Barbara
Fain would I wed	我愿结婚
Mr Southcote’s Galliard	Southcote先生的加利亚德舞曲
Mr Southcote’s Pavan	Southcote先生的帕凡舞曲
Bandora Pavan	班多拉琴帕凡舞曲
The Countess of Pembroke’s Paradise	Pembroke伯爵夫人的乐园
A Jigge for Ladies	为女士们而作的吉格舞曲
Deep Thoughts Revived	深沉思绪再现
Music and Mirth	音乐与欢乐
The Duke of Holstones Delight	Holstone公爵的喜悦
Touch me Sweetly	温柔地触碰我
Toccata Arpeggiata	琶音托卡塔
Fantasye from Harp Consort	竖琴合奏中的幻想曲
The Author’s Mistress – Duet from Musick’s Monument	作曲者的爱人——〈Musick’s Monument〉中的二重奏
Lute version in D minor	D小调鲁特琴版
Lute version in E minor	E小调鲁特琴版
Aria di Saravanda in Varie Partite	萨拉班德曲调与多段变奏
Chiaccona Mariona alla vera Spagnola	Mariona恰空：真正的西班牙风格
Chiaccona in Partite Variate	多段变奏的恰空
Corrente Prima	第一库朗特舞曲
Allegez moy	减轻我的痛苦
Tombeau de M. François Ginter	François Ginter先生悼念曲
Arthur’s Reverie	Arthur的遐想
Albores tres valses compuestos	黎明：三首圆舞曲
Crepúsculos tres valses	暮色：三首圆舞曲
El cortesano schotisch	廷臣：肖蒂什舞曲
El destino fantasía	命运幻想曲
El último canto fantasía con variaciones	最后的歌：幻想曲与变奏
Recuerdos juveniles tres valses compuestos para guitarra	青春回忆：三首吉他圆舞曲
Tres piezas fáciles	三首简易小品
Dos Polkas del Paraguay	两首巴拉圭波尔卡
Coloquio en un sueño austral	南方梦中的交谈
Floresta del Plata	拉普拉塔的森林
Huayno de Chachapoyas	Chachapoyas的Huayno舞曲
La Siesta de Gualeguay	Gualeguay的午睡
Melodía fluente	流动的旋律
Miniaturas	微型小品
Momentos	时刻
Poemas	诗篇
Primer Otoño	第一个秋天
Pájaros	鸟儿
Serenata salteña	Salta小夜曲
Tres Piezas	三首小品
Aires Comarcanos	地方曲调
Milonga del Viento	风之米隆加
Silencio con lluvia	雨中的寂静
milonga Cuando crece el fuego	火焰升腾时的米隆加
Ocho Minuets	八首小步舞曲
Suite Colonial	殖民时代组曲
Auswahl der beliebtesten Stücke aus verschiedenen Opern eingerichtet für Violine und Guitarre	各歌剧精选曲（小提琴与吉他改编）
Variazioni per Chitarra sola sopra il Duetto di Mozart La ci darem la mano	Mozart二重唱〈La ci darem la mano〉主题的吉他独奏变奏曲
Deux themes Tyroliens avec Variations	两首蒂罗尔主题与变奏
Tre notturnini e dodici walzer progressivi	三首小夜曲与十二首渐进圆舞曲
La chasse ouverture de Jeune Henri	歌剧〈Jeune Henri〉中的〈狩猎〉序曲
Concerto à liuto obligato, violino e basso	鲁特琴主奏、小提琴与低音乐器协奏曲
Duetto à liuto e traverso	鲁特琴与横笛二重奏
Gigue del Sigre Schauer	Schauer先生的吉格舞曲
Menuet del Sigre Baron	Baron先生的小步舞曲
Carillon de village	村庄钟声
2 pièces Rejouissance Menuet	两首小品：欢庆曲与小步舞曲
Menuet et variatio	小步舞曲与变奏
Balet polonois	波兰舞曲
Gavote du vieux Gallot de paris	巴黎Gallot长者的加沃特舞曲
La Lucresse du v. Gallot de paris Alemande	巴黎Gallot长者的〈La Lucresse〉阿勒曼德舞曲
La Royalle du v. Gallot de paris Sarabande	巴黎Gallot长者的〈La Royalle〉萨拉班德舞曲
3 pièces Tombeau de Mad. J Les soupirs Adagio	三首小品：J夫人悼念曲、叹息、柔板
14 Courantes	十四首库朗特舞曲
14 Sarabandes	十四首萨拉班德舞曲
3 Gavottes	三首加沃特舞曲
7 Allemandes	七首阿勒曼德舞曲
Pièces pour deux luths	两把鲁特琴小品
4 Arias Se troppo crede al cigli Digli che io son fedele Appena Amor senasce Se possono tanto	四首咏叹调：〈Se troppo crede al cigli〉、〈Digli che io son fedele〉、〈Appena Amor senasce〉、〈Se possono tanto〉
Menuet Ariosa	如歌的小步舞曲
Tempo di Menuet	小步舞曲速度
Suite pour luth solo	鲁特琴独奏组曲
Campanella	小钟
8 pièces mises en sonate	编成奏鸣曲的八首小品
Le Postillon	驿车夫
Menuet La bonne nuit	小步舞曲〈晚安〉
2 bourées	两首布列舞曲
3 pièces d’une Suite	组曲中的三首小品
Suite De Monsieur Lauffenstein	Lauffenstein先生的组曲
Suite pour flûtte traversière, violino, liuto et basso	横笛、小提琴、鲁特琴与低音乐器组曲
2 pièces Allemande Paisane	两首小品：阿勒曼德舞曲与Paisane
4 pièces Alla Breve Intrada Andante Tournée Menuet	四首小品：二二拍序曲、行板、Tournée、小步舞曲
Suite pour luth, violon et basse	鲁特琴、小提琴与低音乐器组曲
Ouvertures à liuto solo	鲁特琴独奏序曲集
Gammes dans toutes les tonalités	各调音阶
Pièce sans titre Courante	无题小品：库朗特舞曲
Præsto	急板
Prelludium	前奏曲（Prelludium）
Prellud	前奏曲（Prellud）
Prælude	前奏曲
Paisaňe	Paisane舞曲
Partitta	帕蒂塔
Courente	库朗特舞曲
Courente Royale	皇家库朗特舞曲
Menuet alternativ	交替小步舞曲
Menuet 2do	第二小步舞曲
Galantarie	加兰特风格小品
Arlequinade	丑角滑稽曲
Breve método para guitarra estractado de las obras de los más célebres autores	选取名家作品的吉他简明教程
Nuevo método para tocar la guitarra de seis cuerdas por cifra y sin maestro	无需教师的六弦吉他指法谱新教程
Nuevo método en cifra para guitarra doble, octavilla, bandurria ó cítara de seis órdenes	用于guitarra doble、octavilla、bandurria或六弦组cítara的指法谱新教程（器名按原文保留）
2 fantasía sobre motivos de la ópera Lucrecia Borgia para guitarra	歌剧〈Lucrecia Borgia〉主题的两首吉他幻想曲
2 Album of six compositions for guitar	吉他六首作品曲集2
Album 6 composiciones de mediana difficultad	六首中等难度作品曲集
Colección de diez piezas escogidas de las últimas óperas de Verdi	选自Verdi近期歌剧的十首曲集
La gallegada fantasía	加利西亚幻想曲
La gratitud nocturno	感恩夜曲
Las caricias melodía espresiva para guitarra	爱抚：吉他抒情旋律
Las delicias de mi patria fantasía característica para guitarra	故乡的喜悦：吉他性格幻想曲
Metodo abreviado de guitarra	吉他简明教程
Método completo de guitarra con un tratado de armonía aplicada a este instrumento	吉他完整教程，附吉他和声应用论
Pot pourri de aires nacionales	各国曲调集成曲
Un pensamiento	一个思绪
Capricho melódico	旋律随想曲
El reloj de cuco	布谷鸟钟
La zambra	桑布拉舞曲
Sonate di chitarra spagnola con intavolatura franzese	使用法国指法谱的西班牙吉他奏鸣曲
Amusement ou Choix de 12 Morceaux faciles	消遣曲，或十二首简易小品选集
4 Potpourris des plus jolis Airs de operas de Rossini	Rossini歌剧优美曲调的四首集成曲
Tra la la. Air Varie	Tra la la曲调变奏曲
6 Airs variés d’une exécution brillante et facile	六首华丽易奏的曲调变奏曲
Fantaisie sur les plus jolis Airs de l’opéra Robin des bois	歌剧〈Robin des bois〉优美曲调主题的幻想曲
Les Recreations des Commancans, 24 Pieces tres faciles	初学者消遣曲：二十四首极简易小品
Air des Mystères d Isis	歌剧〈Mystères d’Isis〉中的曲调
2me Recueil de 8 Divertissements	第二集八首嬉游曲
Huit Divertissemens Accordee en Mi majeur	E大调定弦的八首嬉游曲
Study in A Minor An Exercise from Nuevo Metodo para Guittare	A小调练习曲，选自〈Nuevo Metodo para Guittare〉
Prelude to Suite in C Major	C大调组曲前奏曲
Suite in C Minor for Lute	C小调鲁特琴组曲
trans. to A minor	移调至A小调
2 Ballet Airs from Rossini s Mose in Egitto Guitar et Piano	Rossini歌剧〈Mose in Egitto〉中的两首芭蕾曲调（吉他与钢琴）
Cancion de Cuna for Recorder, Guitar	摇篮曲（竖笛与吉他）
Oriental	东方风格曲
Sous le palmier	棕榈树下
Cordoba	科尔多瓦
Piezas características	性格小品
Die liebe Hahnemann	亲爱的Hahnemann
Mei Schätzle ist fein	我的心上人真美
Zamacueca	扎马库埃卡舞曲
Zamba	赞巴舞曲
Gato	加托舞曲
Ranchera	兰切拉曲
Rancherita	小兰切拉曲
Pericon	佩里孔舞曲
Vidala	比达拉曲
Yaravi	雅拉维曲
Carnavalito	小狂欢节舞曲
Candombe	坎东贝曲
Chacarera	查卡雷拉舞曲
Maxixe	马希谢舞曲
Two step	两步舞曲
Fox Trot	狐步舞曲
Black-Bottom	黑底舞曲
Valsesito criollo	克里奥尔小圆舞曲
Aire Argentino	阿根廷曲调
Aire Criollo	克里奥尔曲调
Auras Argentinas	阿根廷气息
Melodia popular catalana	加泰罗尼亚民间曲调
Amor trionfa	爱得胜了
Le Tango du Rêve	梦之探戈
Napoli Bella	美丽的那不勒斯
Onde armoniose	和谐的波浪
Il Fior di Primavera	春花
La Cavalleria di Foggia	Foggia骑兵队
Marcia militare	军队进行曲
Marche Louis XVI	Louis XVI进行曲
Le Clavecin de Gran Mere	祖母的羽管键琴
Frammento dalla Forza del Destino	歌剧〈命运之力〉片段
Addio del Torero	斗牛士的告别
Barcarola del Marinaro dall operetta Dall Ago al Milione	轻歌剧〈Dall Ago al Milione〉中的水手船歌
Canzone Italiana Incognita Bellezza	意大利歌曲〈未知的美〉
Serenata del Torero dall operetta Dall Ago al Milione	轻歌剧〈Dall Ago al Milione〉中的斗牛士小夜曲
Valzer dall operetta Dall Ago al Milione	轻歌剧〈Dall Ago al Milione〉中的圆舞曲
Valzer del Panorama dall operetta Dall Ago al Milione	轻歌剧〈Dall Ago al Milione〉中的〈Panorama〉圆舞曲
Lucevan le stelle	星光灿烂
Verso Ignoti Lidi	驶向未知的岸边
Gavotta della Bambola	玩偶加沃特舞曲
Abri La Puerta Mi China	打开门，我的China
Cancion campera	乡村歌曲
Cancion portena	港口城市歌曲
composicion de estilo facil	简易风格作品
Ronda Cinese	中国回旋曲
Bambuco Colombiano	哥伦比亚班布科舞曲
Gli Zampognari	风笛手们
Parte prima	第一部分
Parte seconda	第二部分
Los Ecos de mi Caja	我的Caja鼓回声
Palomita Viajera	旅行的小鸽子
Amor Salteno	Salta之爱
Dos Valses	两首圆舞曲
Irresistibile	无法抗拒
Leggenda Cinese	中国传奇
Tramonto	日落
Tempo Perduto non si acquista piu	逝去的时光不再回来
Le Prince Charmant	白马王子
Il Contadino allegro from Album per la Gioventu Op.68	〈青少年曲集〉作品68中的〈快乐的农夫〉
Andante sentimentale	抒情行板
La Ausencia	离别
Brezze leggiere scherzano	轻柔微风嬉戏
canto popolare	民歌
Inno di Garibaldi	Garibaldi颂歌
La barchetta che scorre sull onde	随波而行的小船
Marinaresca Veneziana	威尼斯水手歌
Vieni vieni alla barchetta	来吧，来小船旁
Italia	意大利
Polka-marcia	波尔卡进行曲
Serenade Espagnole	西班牙小夜曲
Bocca Profumata	芬芳的双唇
La Bellezza dal Ballo	舞会佳人
Recordacao de Agustin Barrios	纪念Agustin Barrios
Homenagem Posthuma	身后致敬
Reminiscencias do Passado	往昔回忆
Estilo Provinciano	地方风格曲
Danza Exotica	异国舞曲
Por lejanas tierras	在遥远的土地上
Musica Proibita	禁忌的音乐
Celebre melodia	著名旋律
Flores de Espana	西班牙之花
Passo Doppio	帕索多布莱舞曲
Viva Aragon	Aragon万岁
Congoja	悲痛
Fogoncito Criollo	克里奥尔小炉火
Rastrojo	残茬
Cuando nada te debia	当我不再欠你什么
No te Quiero Mas	我不再爱你
El Bichito del Amor	爱情的小虫
Que linda la chacarera	多美的查卡雷拉舞曲
Cancion de Margarita	Margarita之歌
Para Tí Madre	献给你，母亲
Marcha de la Armada	海军进行曲
Ultimo Pensamiento Musical	最后的音乐思绪
El Pampeano	潘帕斯草原人
El Ramillette	小花束
3 piezas faciles	三首简易小品
Milonga Popular	民间米隆加
Variaciones sobre la Vidalita	比达利塔主题变奏曲
Pericon con variaciones	佩里孔舞曲与变奏
4 Russian Folk Songs	四首俄罗斯民歌
7 Pieces for Young Guitarists	为年轻吉他手写的七首小品
Chant sans paroles	无词歌
La Quena	盖纳笛
Amorosamente	充满爱意
Lejanos Pagos	遥远的故乡
Al Pie de la Carreta	在大车旁
Chanson Arabe	阿拉伯歌曲
Chanson de Solvejg	Solvejg之歌
Que Linda es la Patria Mia	我的祖国多美丽
Aires Argentinos	阿根廷曲调
Coleccion de 8 obras muy faciles	八首极简易作品集
Marcha Real Espanola	西班牙皇家进行曲
Strimpellata notturna	夜间拨奏
Capriccio di concerto	音乐会随想曲
Melodia Noruega de la Balada	叙事曲中的挪威旋律
Canto Pampeano	潘帕斯草原之歌
Cancion Criolla	克里奥尔歌曲
El Federal	联邦派人士
Danza Elegante	优雅舞曲
La Ofrenda del Trovador	吟游诗人的献礼
Canto Indio	原住民之歌
Flor de Tusca	Tusca之花
Flor del Valle	山谷之花
Fuga a dos Voces	二声部赋格
Preludio Pampeano y Estudio en Mi Mayor	潘帕斯前奏曲与E大调练习曲
Tema Criollo	克里奥尔主题
Siete de Abril	四月七日
Preludio Incaico	印加前奏曲
Tamboriles Indigenas	原住民小鼓
Tranco a Tranco	步步前行
Al Chiaro di Luna	月光下
Carnevale di Venezia con variazione	威尼斯狂欢节与变奏
El Choclo	玉米穗
Tango argentino	阿根廷探戈
tradizionale Ukraino	乌克兰传统曲
El Sureno	南方人
El Arriero en la Quebrada	峡谷中的赶骡人
Motivo Andino	安第斯主题
Good Evening	晚上好
Canzoncina in forma di canone	卡农形式的小歌
Piccola Fuga	小赋格
Album per la Gioventu	青少年曲集
Amado Mio	我的爱人
Danza Araba	阿拉伯舞曲
Sogno Traumerei	梦幻曲
Canzone Napoletana	那不勒斯歌曲
Contradanze Francesi	法国对舞曲
El Nino Querido	亲爱的孩子
Canzone Catalana	加泰罗尼亚歌曲
Notturno ricordando Chopin	纪念Chopin的夜曲
Idilio de Luciernagas	萤火虫田园曲
Messina Bella	美丽的Messina
Piccola tarantella	小塔兰泰拉舞曲
Movenze Voluttuose	柔媚的动作
Valzer lento	慢圆舞曲
Milonga facil	简易米隆加
Brisa Campera	乡野微风
El bailecito de la muñeca	玩偶的小舞曲
Bajo el Parral	葡萄棚下
Cantos de mi tierra	我的故乡之歌
Cuatro estilos criollos faciles	四首简易克里奥尔风格曲
Danzas Argentinas	阿根廷舞曲
De la Raza	族群之歌
El Gaucho Argentino	阿根廷高乔人
El Ultimo Canto	最后的歌
Milonga Argentina	阿根廷米隆加
Nueve de Octubre	十月九日
Flor de Amancay	Amancay之花
Elans du Coeur	内心的热情
Studio lirico	抒情练习曲
Canto senza parole	无词歌
Incontro	相遇
Mio Tesoro	我的珍宝
La piccola sorgente	小泉水
Melanconia	忧郁
Aire de Danza	舞蹈曲调
El Carretero	赶车人
Cancion de Camino	路途之歌
Inspiracion	灵感
Preludio Indigena	原住民前奏曲
Le Stagioni dell anno	一年四季
Composizioni	作品
opere postume	遗作
Pianto d un Bambino	孩子的哭泣
Baci e carezze	亲吻与爱抚
Circo	马戏团
Valzer da Concerto	音乐会圆舞曲
Passione	激情
I Love you Truly	我真心爱你
Sweet Genevieve	亲爱的Genevieve
Her Bright Smile Haunts Me Still	她灿烂的笑容仍萦绕我心
Blue book of favorites album	精选曲蓝皮曲集
American Album	美国曲集
Modern Album transcriptions	现代曲集改编
Despues del Malon	袭击之后
Arabia	阿拉伯
Unterhaltungen	消遣曲
Murmullos	低语
Heroica	英雄
Andante en sonidos armonicos naturales	自然泛音行板
Preghiera dal Mose	歌剧〈Mose〉中的祈祷曲
La Prediletta	心爱的女子
Grati Ricordi	美好的回忆
Mazurka lenta	慢玛祖卡舞曲
Strategia Amorosa	爱的策略
Melancolía de la Hermosa	美人之忧
Fragmento de Una Serenata en Venecia	威尼斯小夜曲片段
Quejas de Bandoneon	班多钮手风琴的诉说
Tango Sentimentale	抒情探戈
El Gato Polkeao	波尔卡风格加托舞曲
Baile de dos	双人舞
Anna Bolena I Pezzi piu favoriti di detta Opera	歌剧〈Anna Bolena〉精选曲
La Traviata I Pezzi piu favoriti	歌剧〈茶花女〉精选曲
Une poignee de main	握手
Valse melodique	旋律圆舞曲
La Querencia	心之归处
Choro Poesia	诗意肖罗曲
Danza nativa Brasileira	巴西本土舞曲
Juego de cuerdas Estudio matinal	弦之游戏：晨间练习曲
Las Furnas de Tijuca	Tijuca的岩洞
Ronda Paulista	圣保罗回旋曲
Rayos de luar	月光束
Gota de Agua	水滴
Sopra le Onde	浪花之上
Sobre las Olas	浪花之上
Arpa Guarani	瓜拉尼竖琴
Obras elementales	入门作品
No Me Olvides	别忘了我
Gavota Infantil	儿童加沃特舞曲
Melodia Nocturna	夜间旋律
Ricordi di Carnovale	狂欢节的回忆
La Ronda de los Serenos	守夜人的回旋曲
Fantasia spagnuola	西班牙幻想曲
Serenata Fiorentina	佛罗伦萨小夜曲
Adagio Sostenuto da Sonata ao Luar	〈月光奏鸣曲〉中持续的柔板
Fantaisie Irlandaise	爱尔兰幻想曲
Serenade d Autrefois	往日的小夜曲
con letra	附歌词
Pericon Nacional	民族佩里孔舞曲
Flor del Campo	田野之花
Malaguenas con variaciones	马拉加曲与变奏
Zamba facil	简易赞巴舞曲
Vals Romantico	浪漫圆舞曲
Encanto	魅力
Marcia Spagnuola	西班牙进行曲
Meditacion	沉思
Pienso en Ti	想念你
Seleccion de 15 Obras	十五首作品选集
Rimpianto	遗憾
Stati d animo	心境
Sensazioni	感受
Sempre Uniti	永远在一起
Para Mary	献给Mary
Rafagas Camperas	乡野阵风
Sangue Italiano	意大利血脉
Das Internationale Klausenrennen	国际Klausen赛
Melodía Napoletana	那不勒斯旋律
Adios Granada	告别Granada
El arroyito e plata	银色的小溪
Priaha La Filatrice	Priaha：纺纱女
Un Sueno en la Floresta	林中之梦
Libro Primo di Chitarra Spagnola di Angiol Michele Bartolotti	Angiol Michele Bartolotti的西班牙吉他第一册
Secondo Libro di Chitarra di Angelo Michele Bartolotti	Angelo Michele Bartolotti的吉他第二册
Facsimile Tablature	指法谱影印版
24 angenehme harmonische Lectionen für die Guitare	二十四课悦耳和声吉他练习
100 recreations agreables et instructives Choisies des melodies celebres de Bellini Donizetti etc	选自Bellini、Donizetti等著名旋律的一百首趣味教学消遣曲
Iberia Cahier	伊比利亚组曲册
El puerto	港口
Cantos de Espana	西班牙之歌
Barcarolles	船歌
Cataluna	Cataluna
Curranda	Curranda
Sevilla	塞维利亚
Sevillanas	塞维利亚舞曲
Cadiz	Cadiz
Saeta	萨埃塔曲
Cuba	古巴
Torre Bermeja	红塔
Das Lied von Hindenburg	Hindenburg之歌
Der Kukuk	布谷鸟
Der leichtfertige Liebhaber	轻浮的恋人
Gitarre Etuden Werk Book I	吉他练习曲集第一册
Gitarre Etuden Werk Book II	吉他练习曲集第二册
Guter Friede	美好的和平
Schäferliedlein	牧羊小歌
Soldatenabschied	士兵的告别
8 melodij F. Suberta	F. Suberta的八首旋律
Valse Melancolique	忧郁的圆舞曲
Album Russian Romances	俄罗斯浪漫曲集
7 string guitar	七弦吉他
Deux rêveries	两首遐想曲
Dolce far Niente	悠闲无事
Galop Ballada	加洛普舞曲与叙事曲
L Illusion Perdue	失落的幻想
Melodier Shubert	Shubert旋律
Reve D Amour	爱情之梦
Valse Preziosa	精美的圆舞曲
Fra Diavolo d’Auber	Auber的〈Fra Diavolo〉
La bayadère d’Auber	Auber的〈舞女〉
La fiancée d’Auber	Auber的〈未婚妻〉
ad libitum	可选
2e mandoline	第二曼陀林
Mi segunda época	我的第二时期
Rondeña	龙德尼亚曲
Murcianas	穆尔西亚曲
Soleá	索莱阿曲
Vísperas sicilianas	西西里晚祷
Polaca fantástica	幻想波兰舞曲
La saltarina	跳跃的女子
Fantasía sobre motivos heterogéneos	多种主题幻想曲
Fantasía para guitarra sobre motivos de la ópera Traviata	歌剧〈茶花女〉主题吉他幻想曲
Motivo de la ópera El Barbero de Sevilla	歌剧〈塞维利亚的理发师〉主题
Dos piezas y dos estudios para guitarra	两首吉他小品与两首练习曲
Una pieza y dos Estudios para guitarra	一首吉他小品与两首练习曲
Colección de tangos	探戈曲集
Tanda de valses	圆舞曲集
El Postilon de la Rioja	Rioja的驿车夫
El Postillon de la Rioja	Rioja的驿车夫
La cubana	古巴女子
El madrileño	马德里男子
El Madrileno	马德里男子
La batalla	战斗
Il bacio	吻
Marcha fúnebre	葬礼进行曲
Jota aragonesa	阿拉贡霍塔舞曲
Sinfonía de la opera Marta	歌剧〈Marta〉序曲
El incognito	不知名者
Los panaderos	面包师们
La rubia de los lunares	带美人痣的金发女子
Sueno de Rosellen	Rosellen的梦
Cuatro piezas para guitarra	四首吉他小品
Berimbau	贝林包琴
Espirito Santo	圣灵
Euridice	Euridice
Intro	引子
Na Baixa do Sapateiro	在Baixa do Sapateiro
Pra valer	认真地
Marcha del Excelentísimo Señor Príncipe de la Paz	尊贵的和平亲王进行曲
Tango en la zarzuela Marina	萨尔苏埃拉剧〈Marina〉中的探戈
Sinfonía de la ópera característica española El dominó negro	西班牙特色歌剧〈黑斗篷〉序曲
Air Polonais	波兰曲调
Lyra Sammlung beliebter Piecen	Lyra精选曲集
Journal de Petersbourg	彼得堡期刊
Variations on a russian popular theme	俄罗斯民间主题变奏曲
Theme russe med Kvartet Accomp	俄罗斯主题（四重奏伴奏）
Valse par Bodstein	Bodstein的圆舞曲
Vidalita	比达利塔曲
Estilo Criollo	克里奥尔风格曲
Estilo	风格曲（Estilo）
Gran Vals	大圆舞曲
Cancion	歌曲
Canción	歌曲
Minuetto	小步舞曲
Valzer Hésitation	踌躇圆舞曲
mandolin orchestra	曼陀林乐队
Marcia Spagnola	西班牙进行曲
castagnette	响板
tamburello	小手鼓
Preludiando	如前奏般
Sguardi Languidi	慵懒的目光
Adios, Adios	再见，再见
Canción popular Mexicana	墨西哥民歌
Rancho abandonado	荒废的农舍
En el Campo	在田野里
Horas de Ensueno	梦幻时刻
Mi Rancho	我的农舍
Noche Serena	宁静的夜晚
Milonga Aires Populares	民间曲调米隆加
Que Sodade	何等思念
Recordandote	想念你
Rumbeando pa la querencia	奔向心之归处
Romance sem palavras	无词浪漫曲
Cancao Triste	悲伤的歌
A luminosa sentenca do Juiz	法官英明的裁决
Devaneios	遐想
Pavana VII, detta la Todeschina	第VII号帕凡舞曲，名为〈Todeschina〉
Sollozos	啜泣
Cancion y Pequeña Danza	歌曲与小舞曲
Cuento Nostalgico	怀旧故事
Dos Piezas Faciles	两首简易小品
Dos Preludios	两首前奏曲
Pagine Nuove	新篇章
Mazurka elegante	优雅的玛祖卡
Fantasia Chitarristica	吉他幻想曲
De Fiesta Estoy	我在庆祝
Dolci Carezze	温柔的爱抚
Il Kremlino	克里姆林宫
quartetto a plettro	弹拨四重奏
Amore ed Arte	爱与艺术
Moti del Cuore	心灵的律动
secondo mandolino	第二曼陀林
Tramonto di Maggio	五月的日落
Pagina d album	纪念册的一页
Si, Si, Si	是的，是的，是的
Vals Facil	简易圆舞曲
para dos guitarras	两把吉他
El Sueno de la Bruja	女巫的梦
Leyenda	传奇
Il Paese Natio	故乡
L Ora della Ricreazione	休闲时刻
Pastorale Studio	田园练习曲
El Distraido	心不在焉者
Pampa y Cielo	潘帕斯草原与天空
Version Facil	简易版
El Escondito	躲藏舞
Baile popular	民间舞曲
Calleja Momento Alegre	Calleja：欢乐时刻
Introduzione dall opera Norma	歌剧〈诺尔玛〉中的引子
Potpourrì sull opera Lucrezia Borgia	歌剧〈Lucrezia Borgia〉主题集成曲
Serenata Com e gentil dall opera Don Pasquale	歌剧〈Don Pasquale〉中的小夜曲〈Com e gentil〉
Cadetten Marsch	军校学员进行曲
Addio del Passato dalla Traviata	歌剧〈茶花女〉中的〈告别过去〉
Inno per chitarra	吉他颂歌
La Montanina	山中女子
Celebre canzona	著名歌曲
Madrigale per chitarra	吉他牧歌
El Paria	被遗弃者
Estilo Sentimental	抒情风格曲
Gavotta	加沃特舞曲
Mi Paloma	我的鸽子
Postuma	身后出版
Canción del burro en la zarzuela La vuelta al mundo	萨尔苏埃拉剧〈环游世界〉中的驴之歌
El pescao frito canción andaluza dedicada a la señorita D Agustina de Lanuza	炸鱼：安达卢西亚歌曲，献给D Agustina de Lanuza小姐
zarzuela en 3 actos	三幕萨尔苏埃拉剧
Tercetino	小三重唱
Canción del Capitán Tiburón	Tiburón船长之歌
