# Complete title readings, explicitly reviewed in retained pass. These are reference semantics, not identity/conventional-name claims.
Hora Zero	零点时刻
Juan Loco	疯狂的 Juan
Libertango	自由探戈
South Of Heavens Chanting Mermaids	天堂南方吟唱的美人鱼
Vikingman	维京人
Cancion Carorena	Carora 之歌
Monotonia	单调
Preludio Criollo	克里奥尔前奏曲
3 Hands	三只手
39 Weeks	三十九周
August On The Island	岛上的八月
Dolphins	海豚
First Ride	初次骑行
Hoover The Musical Dog	爱音乐的小狗 Hoover
Aires De Puerto Real	Puerto Real 的曲调
Campina Andaluza	安达卢西亚的田野
Delicada	纤柔
Fandangos De Huelva	Huelva 凡丹戈舞曲
Fantasia Inca	印加幻想曲
Ole Mi Cadiz	为我的 Cádiz 喝彩
Punta Y Tacon	脚尖与脚跟
Sentimiento Gitano	吉普赛情怀
Temas Gitanos	吉普赛主题
Amulet	护身符
Blos	红晕
Breekbaar	易碎
De Lifter	搭便车的人
De Optimist	乐观者
De Vlechters	编辫的人
Eclips	日食
Elixir	灵药
Freighttrain	货运列车
Huiswaarts	归家
Killer Queen	杀手女王
Muggendans	蚊子的舞蹈
Ochtend	清晨
Om De Hoek	转角处
Omdat Victor Jara Zong	因为 Victor Jara 曾歌唱
Paddentrek	蟾蜍迁徙
Screaming Pines	呼啸的松林
Suikerspin	棉花糖
Thee Bij Tante Josephine	在 Josephine 阿姨家喝茶
Idilio	田园诗
Tremolo Sobre La Cuarta	第四弦上的轮指
Mantilla De Feria	节庆头纱
Andares Gaditanos	Cádiz 步履
Caballo Negro	黑马
Batalla	战斗
Canciones	歌曲集
Clarin de los Mosqueteros del Rey de Francia	法国国王火枪手的号角
Dance de las Hachas	火炬舞
Dance De La Haches	火炬舞（原题拼写照录）
Dos Trompetas de la Reina de Suecia	瑞典女王的两支小号
Fuga Al Aire Espanol	西班牙风格赋格
Suite Espanola	西班牙组曲
Cajita De Musica	音乐盒
Cajita De Musica (Music Box)	音乐盒
Partita Alla Lombarda	伦巴第风格帕蒂塔
La Truite	鳟鱼
Momento Musicale	音乐瞬间
Unfinished Symphony	未完成交响曲
Little Piece (Stuckchen)	小品
Feuilles Variees	多样的小品
Cosmic Guitarman	宇宙吉他人
Toccata For A Wild Old Lady	为一位狂放老太太而作的托卡塔
To Paquita	献给 Paquita
Diatonic Major And Minor Scales	自然音大调与小调音阶
Diferencias Sobre Guardame Las Vacas	〈请为我看好牛群〉变奏曲
Estudio Remembranza	追忆练习曲
Estudio Sin Luz Study Without Light	无光练习曲
Suite Compostelana	Compostela 组曲
Bolero Flamenco	弗拉门戈波莱罗
Cueva Gitano	吉普赛洞穴
Dos Colores	两种颜色
La Juderia	犹太街区
Lamento Gitano	吉普赛哀叹
Rumba Tempestad	风暴伦巴
Do You Hear What I Hear	你听见我所听见的了吗
Finlandia Be Still My Soul	芬兰颂：我的心灵，请安静
Flor Amorosa	多情的花
O Pato	鸭子
Poinciana (Song of the Tree)	Poinciana（树之歌）
El Manicero	卖花生的人
Banks Of The Bann	Bann 河畔
Betsy The Serving Maid	女仆 Betsy
In The Bleak Midwinter	在严寒的冬天
Long Steel Rail	长长的钢轨
Miss Mcleods Reel	Mcleod 小姐的里尔舞曲
The Keel Row	小船划行
Ive Got You Under My Skin	我已深深为你着迷
Just Friends	只是朋友
Stranger In The Night	夜里的陌生人
Order Of Magnitude	数量级
The Jig Is Up	事情败露了
The Blues On Bartok St	Bartok 街上的布鲁斯
Waltz Of The Flowers	花之圆舞曲
Wine Women and Song	美酒、女人与歌声
Dance of the Sylphs	风精灵之舞
Marcha del Rey	国王进行曲
Sueno del inocente	纯真者之梦
Celebre Minueto	著名小步舞曲
El Raton	老鼠
Ase’s Death	Ase 之死
Staccato	断奏
Largo assai	极广板
Suspiro de Amor	爱的叹息
Canzonetta	小歌
The Carnival of Venice	威尼斯狂欢节
Au Soir	黄昏
Fugetta	小赋格（原题拼写照录）
Saint Nicolas	圣尼古拉
Tema y Estudio de Concierto	主题与音乐会练习曲
Tannhäuser Prelude	〈Tannhäuser〉前奏曲
La Cartagenera	Cartagena 风格乐曲
Musica para Guitarra	吉他音乐
La Mariposa	蝴蝶
Recuerdos de la Alhambra	阿尔罕布拉宫的回忆
Sueno	梦
Studio	练习曲
Studio-sonatina	小奏鸣曲式练习曲
Arioso ur operan Iolantha	歌剧〈Iolantha〉中的咏叙调
Aria Deutsches Magnificat	德语〈尊主颂〉中的咏叹调
Nostalgie tempo di minuetto	思乡：小步舞曲速度
Passa il reggimento marcia imitativa	军团经过：模仿性进行曲
Nevicata pastorale	降雪：田园曲
Imitando l’arpa preludio	模仿竖琴的前奏曲
Melanconie autunnali notturno	秋日忧郁：夜曲
Serenata alpestre	山间小夜曲
Chant Corse	科西嘉之歌
Crepuscule	暮色
Etude le meme sujet traite autrement	同一主题的另一种处理：练习曲
Fete au village Chante de Fete	村中节日：节庆之歌
Fete au village Fabliau	村中节日：寓言小故事
Hymne Corse	科西嘉赞歌
Printemps Chant D Allegresse	春天：欢欣之歌
Printemps Sous La Feuillee	春天：树荫下
Hungarian pieces	匈牙利小品
Aires de La Mancha	La Mancha 曲调
Coplilla	小歌谣
La Pastora	牧羊女
La Seguidilla	塞吉迪亚舞曲
Ya Llego el Inverno	冬天已经来临
Castillos de Espana	西班牙的城堡
Improvisando	即兴而奏
Nana Berceuse	摇篮曲
Puertas de Madrid	马德里的城门
Puerta Cerrada	封闭之门
Puerta de Alcala	Alcalá 城门
Puerta de Hierro	铁门
Puerta de Moros	摩尔人之门
Puerta de San Vicente	San Vicente 城门
Puerta de Toledo	Toledo 城门
Puerta del Angel	天使之门
Romance de los Pinos	松树浪漫曲
Minueto del Majo	风流青年的小步舞曲
Sonatina y variacion	小奏鸣曲与变奏
Pieces faciles et agreables	简易悦耳的小品
Brudens fråga	新娘的提问
El delirio	狂想
Rudiments for the Spanish Guitar	西班牙吉他基础
Spanish Guitar Petite Souvenir for the year 1836	西班牙吉他小纪念集：1836 年
Spanish Guitar The New Year’s Gift for 1837	西班牙吉他新年礼物：1837 年
Andante apasionado y vals para guitarra	吉他激情行板与圆舞曲
El sueño rêverie para guitarra	梦：吉他遐想曲
Fantasía original para guitarra capricho a imitación del piano	吉他原创幻想曲：模仿钢琴的随想曲
La loca fantasía original para guitarra	疯狂的女子：吉他原创幻想曲
La parisiense fantasía para guitarra	巴黎女子：吉他幻想曲
La parisiense polka burlesca para guitarra	巴黎女子：吉他滑稽波尔卡
El lamento nocturno original para guitarra	哀叹：吉他原创夜曲
Tirolesa para guitarra	吉他蒂罗尔舞曲
Capullos de abril	四月的花苞
Pensamiento espresivo andante para guitarra obligado de sonidos armónicos	富于表情的思绪：吉他行板，突出泛音
Vals de concierto para guitarra imitación a los de Strauss	吉他音乐会圆舞曲：仿 Strauss 风格
Marche Funéber	葬礼进行曲（原题拼写照录）
Pilgrimschor af Tannhäuser	〈Tannhäuser〉中的朝圣者合唱
Cotillon af Oberon	〈Oberon〉中的科蒂永舞曲
Cotillon ur Oberon	〈Oberon〉中的科蒂永舞曲
Lied aus Preciosa	〈Preciosa〉中的歌曲
Der Frohe Guitarrenspieler	快乐的吉他演奏者
Der verlassene Bua Ländler	被遗弃的小伙子：兰德勒舞曲
Mein Bua. Ländler	我的小伙子：兰德勒舞曲
Die alten Lieder	老歌
Junges Sterben	早逝
Im Volkston	民歌风格
Madchenlied	少女之歌
Reiche Beschäftigung	丰富的活动
Sie war ein Blümlein	她曾是一朵小花
Bellísima	美丽至极
Walzer-Elegie fur die 7 saitige Gitarre	七弦吉他圆舞挽歌
Danza Pomposa	庄严舞曲
Deux Chansons Populaires	两首民歌
Plany	哀叹
Cancion Del Lladre	盗贼之歌
Suite In Modo Polonico	波兰风格组曲
Entree	开场曲
Kujawiak	库亚维亚克舞曲
Oberek Mazurka Vive	奥贝雷克舞曲：活跃的玛祖卡
Kolysanka	摇篮曲
Berceuse Dorient	东方摇篮曲
Alla Polacca	波兰风格
Ave Maria	圣母颂
Estudio De Velocidad	速度练习曲
Estudio En Forme De Minuetto	小步舞曲式练习曲
Estudio en Arpegios	琶音练习曲
Sonata Pathetique	悲怆奏鸣曲
Endecha	哀歌
Dance of the Sugar Plum Fairy	糖梅仙子之舞
First Piano Concerto	第一钢琴协奏曲
Nutcracker Suite Miniature Overture	胡桃夹子组曲：小序曲
Morning Prayer	晨祷
Song of Peasant	农民之歌
Kamarinskaya	卡玛林斯卡亚舞曲
Kamarinskaia	卡玛林斯卡亚舞曲
Old French Air	古老的法国曲调
Neapolitan Air	那不勒斯曲调
Nurses Story	保姆的故事
Winter Morning	冬日清晨
Sweet Reverie	甜蜜遐想
Song of the Lark	云雀之歌
The Organ Glinder Sings	手摇风琴艺人之歌（原题拼写照录）
In Church	在教堂里
Playing Hobby Horse	骑木马
Mama	妈妈
March of Wooden Soldiers	木偶士兵进行曲
The Sick Doll	生病的洋娃娃
The Dolls Funeral	洋娃娃的葬礼
The New Doll	新洋娃娃
Theme From Swan Lake	天鹅湖主题
Waltz Of The Flowers From The Nutcracker Ballet	芭蕾〈胡桃夹子〉中的花之圆舞曲
Burlesca	滑稽曲
Nuttin For Christmas	圣诞节什么也没有
Ninna Nanna	摇篮曲
Trillo Tremolo	颤音与轮指
Flowing (Splyvani)	流动（Splyvani）
Four Ballad Stories	四则叙事曲故事
La Route du Hameau	通往村庄的路
Across The Universe	穿越宇宙
And I Love Her	我爱她
Ask Me Why	问我为什么
Babys in Black	穿黑衣的宝贝
Because	因为
Cant Buy Me Love	金钱买不到爱情
Come Together	走到一起
Cry Baby Cry	哭吧，宝贝
Fool On The Hill	山丘上的傻瓜
From Me To You	从我到你
Happy Xmas (War is Over)	圣诞快乐（战争结束了）
Hello Goodbye	你好，再见
Hey Jude	嘿，Jude
Ill Follow The Sun	我将追随太阳
Im A Loser	我是个失败者
Im Happy Just To Dance With You	只与你共舞就让我快乐
Im Only Sleeping	我只是在睡觉
Im So Tired	我太累了
Martha My Dear	亲爱的 Martha
Maxwells Silver Hammer	Maxwell 的银锤
No Reply	没有回音
Nowhere Man	无处归属的人
Oh Darling	哦，亲爱的
PS I Love You	附言：我爱你
Step Inside Love	走进爱情
Strawberry Fields Forever	永远的草莓田
Things We Said Today	我们今天说过的话
Ticket to Ride	乘车的票
Youre Going To Lose That Girl	你会失去那个女孩
Epitafio	墓志铭
Clear The Tracks	让开轨道
Lady Be Good	女士，请善良
Maquina De Costura	缝纫机
Turbilhao	漩涡
Vals Da Tunisia	突尼斯圆舞曲
Castles Of Spain	西班牙的城堡
Trova	诗歌
Festiva	欢庆
La Infanta Duerme	小公主睡着了
Elegia	挽歌
Romancillo	小浪漫曲
Siete Piezas De Album	曲集中的七首小品
Aire Vasco	巴斯克曲调
Bolero Menorquin	梅诺卡风格波莱罗
Suite Castellana	卡斯蒂利亚组曲
Arada	耕作
Always By Your Side	永远在你身边
Anthem	颂歌
Beneath An Evening Sky	晚空之下
Glorias Step	Gloria 的步伐
Joyful Departure	快乐的启程
Silence Of A Candle	蜡烛的静默
A la Nanita Nana	轻声哼唱摇篮曲
Bonaparte Crossing The Rhine	Bonaparte 渡过莱茵河
Boys of Ballycastle	Ballycastle 的少年们
Cielito Lindo	美丽的小天空
El Bailecito	小舞曲
El Noi de la Mare	母亲的孩子
God Save The Queen	上帝保佑女王
Habemos Llegado	我们到了
La Llorona	哭泣的女子
La Palomita Blanca	白色的小鸽子
Me Duele el Corazon	我的心在痛
Mi Caballo Blanco	我的白马
Mi Hamaca	我的吊床
O Dark Sweetest Girl	深色容貌的甜美女孩
Recordando Os Velhos Tempos	回忆旧时光
Scarborough Fair English Folksong	Scarborough 集市：英国民歌
Siete De Abril	四月七日
Tres Hojitas Madre	妈妈，三片小叶子
Triunfo (Balle Criollo)	凯旋：克里奥尔舞曲
Una Tarde Fresquita de Mayo	五月一个清凉的下午
Cannon Ball Stomp	炮弹踏步舞曲
Dance Of The Goldenrod	一枝黄花之舞
Hangin With The Girls I Know	与熟识的女孩们相聚
Ill See You In My Dreams	梦中见你
Rose Time	玫瑰时节
Sweet Georgias Brown	甜美的 Georgia Brown
Walking The Strings	漫步琴弦
Hommage A Tarrega	向 Tárrega 致敬
Crepuscolo Sul Mare	海上暮色
Soneto	十四行诗
So Nice (Summer Samba)	如此美好：夏日桑巴
Antarctica	南极洲
Chariots of Fire	火之战车
Five Circles	五个圆环
Lenfant	孩子
Anvil Chorus From Il Trovatore	歌剧〈Il Trovatore〉中的铁砧合唱
Caro Nome	亲爱的名字
Chorus Of The Hebrew Slaves	希伯来奴隶合唱
La donna e mobile	女人善变
Melodia dai vespri siciliani	歌剧〈西西里晚祷〉中的旋律
Il Capraro Che Dorme	沉睡的牧羊人
La Pioggia	雨
O Come All Ye Faithful	齐来，忠信的人们
Bridal March Hochzeitsmarsch	婚礼进行曲
Ride of the Valkyries	女武神的骑行
To The Evening Star	致晚星
DannyBoy	Danny 男孩
Home On The Range	牧场上的家
Limited Mood	受限的情绪
Rag On Friday	星期五拉格泰姆
Shady Grove	林荫树丛
Tonys Mambo House	Tony 的曼波之家
Turkey In The Straw	麦秸里的火鸡
Wild Wood Flower	林间野花
Worksong	劳动歌
Old Aunt Dinah	老阿姨 Dinah
Sitting On Top Of The World	坐在世界之巅
Masquerade (The Phantom of the Opera)	化装舞会：选自〈歌剧魅影〉
Memory (Cats)	回忆：选自〈猫〉
Phantom Of The Opera	歌剧魅影
Bourree Anglais	英国风格布列舞曲
LEsprit Italienne	意大利精神
Linfidele	不忠者
Tombeau Sur La Mort De M Comte De Logy	纪念 Logy 伯爵之死的悼亡曲
Eye Of The Hurricane	飓风之眼
Tattered Old Kite	破旧的风筝
Sakura Variations	樱花变奏曲
Schindler’s List	Schindler 的名单
Country Idyll	乡村田园诗
La Chanson De Claudine	Claudine 之歌
Its Beginning to Look Like Christmas	渐有圣诞气氛
Soul Discovery	灵魂的发现
Go Tell It On The Mountain	去山上传报吧
Chanson Populaire	民歌
Adios Tucuman	再见，Tucumán
Camino del Indio	原住民的路
Cancion de los Horneros	灶鸟之歌
Danza de la Paloma Enamorada	恋爱中鸽子的舞蹈
El Alazan	栗色马
El Aromo	金合欢
El Arriero Va	赶骡人走着
El indio y la quena	原住民与盖纳笛
Indiecito Dormido	沉睡的小原住民
La Andariega	流浪的女子
La Del Campo	乡村女子
La Finadita	已故的小姑娘
La Olvidada (Nunca Te Olvidamos)	被遗忘的人（我们从不忘记你）
La Pobrecita	可怜的姑娘
La Viajerita	小旅行者
Los Ejes De Mi Carreta	我牛车的车轴
Luna Tucumana	Tucumán 的月亮
Milonga del Peon del Campo	农场雇工的米隆加
Nada Mas	仅此而已
Piedra y Camino	石头与道路
Pobrecito Mi Cigarro	我可怜的香烟
Tu Que Puedes Vuelvete	能回去的你，请回去吧
Viento Viento	风啊，风
Carta De Amor	情书
Acordei De Madrugada	黎明时醒来
Adeu Bela Morena	再见，美丽的深色容貌姑娘
Brazilian Cycle	巴西套曲
Boas Vindas	欢迎
Cai Cai Balao	落下吧，气球
Carneirinho Carneirao	小羊与大羊
Feliz Ano Novo	新年快乐
Lindos Olhos Que Ela Tem	她有一双美丽的眼睛
Nesta Rua Tem Um Bosque	这条街上有片树林
O Trenzinho Caipira	乡村小火车
Olha Aquela Menina	看那个女孩
Senhora Pastora	牧羊女
Todo O Mundo Passa	所有人都经过
Vamos Maninha	走吧，小妹妹
2 danze moderne	两首现代舞曲
3 Chansons Russes	三首俄罗斯歌曲
3 danzas vascas	三首巴斯克舞曲
7 chansons populaires russes	七首俄罗斯民歌
Abestia eta Dantza	歌与舞
Baile en la aldea	村庄里的舞蹈
Barrio de Santa Cruz	Santa Cruz 街区
Calypso-suite	卡利普索组曲
Campanas de la Aldea	村庄的钟声
Cancion de la Abuelita	祖母之歌
Cancion inca	印加之歌
Canto a la Paz	和平之歌
El Pajarillo	小鸟
El Pano moruno	摩尔人的布巾
Los Pastores	牧羊人
Costa Brava	崎岖的海岸
Costa Vasca	巴斯克海岸
Cuatro preludios chinos	四首中国风格前奏曲
Cubana	古巴风格曲
Deep River	深河
El Diablo Cojuelo	瘸腿魔鬼
El Organillo	手摇风琴
Jaleo Andaluz	安达卢西亚哈雷奥
La Anguila	鳗鱼
La Flor de la canela	肉桂之花
Nana	摇篮曲
Pierrot y colombina	Pierrot 与 Colombina
Real sitio de Aranjuez	Aranjuez 王家园林
Sagar-dantza	苹果舞
Seguidillas manchegas	La Mancha 塞吉迪亚舞曲
Peau d Ane	驴皮
Barbe Bleue	蓝胡子
Le Petit Chaperon Rouge	小红帽
Cendrillon	灰姑娘
Les Fees	仙女
La Belle au Bois Dormant	睡美人
Swing low, sweet chariot	低低摆荡，亲爱的马车
Tonadilla	托纳迪利亚小歌
Varios	杂集
Apendice	附录
Concierto	协奏曲
Cuatro Piezas	四首小品
Final del homenaje a Tarrega	向 Tárrega 致敬：终曲
Sonata I Mexicana	第一奏鸣曲：墨西哥风格
Sonata IV Classica	第四奏鸣曲：古典风格
Sonata V Romantica	第五奏鸣曲：浪漫风格
Vinetas	音乐小素描
Burgalesa	Burgos 风格曲
Piezas caracteristicas	性格小品
Serenata Burlesca	滑稽小夜曲
Siete Canciones Populares Espanolas	七首西班牙民歌
Melodia lirica	抒情旋律
Melodia capadocia	Cappadocia 旋律
Homenagem a Bach	向 Bach 致敬
Homenagem ao indio brasileiro	向巴西原住民致敬
Homenagem a Vida Social	向社会生活致敬
Barge Haulers	纤夫
Graceful dance	优雅舞曲
Gypsy dance	吉普赛舞曲
Lyrical minuet	抒情小步舞曲
Omaggio a Boccherini	向 Boccherini 致敬
Cavatina a Andres Segovia	献给 Andrés Segovia 的卡瓦蒂纳
Mazurka a Andres Segovia	献给 Andrés Segovia 的玛祖卡
Du und Ich	你和我
Estudio en Arpegio	琶音练习曲
Luz Mala	不祥之光
Suite Andina	安第斯组曲
Un sueno en la floresta	森林之梦
Valz Tua Imagem	你的形象：圆舞曲
Variacion al Estudio No.6	练习曲第6号的变奏
Variaciones sobre un tema de Tarrega	Tárrega 主题变奏曲
Ghirlanda di varii fiori	百花花环
Sonata a solo para Guitarra de 5 ordenes	五弦组吉他独奏奏鸣曲
Oh mother, my head hurts	啊，妈妈，我的头疼
The Cossack rode beyond the Danube	哥萨克骑行越过多瑙河
Air Tirolien	蒂罗尔曲调
Air varie de L.Maurer	L. Maurer 曲调变奏
New Magazine consisting of 12 Songs with Variations	新曲集：十二首歌曲及变奏
Capitán Burgos	Burgos 上尉
Cielo	天空
El Gato	猫
El carino	爱恋
El tambor de Palermo	Palermo 的鼓手
La mendozina	Mendoza 女子
La regalona	受宠的女子
Zamacueca y La Güeya	萨马奎卡与 Güeya 舞曲
A mi Gloria	献给我的 Gloria
Brisas Porteñas	港城微风
Ecos de Becos	Becos 的回声
El Ensueño	遐想
Me Amas	你爱我
Quien Sabe	谁知道
Sensitiva	敏感
Siempre Tuyo	永远属于你
Vals Espanol	西班牙圆舞曲
Três pequenos poemas	三首小诗
Aquarel	水彩画
Barefoot on the Lawn	赤脚踏上草坪
De buen humor	好心情
Droplets	水滴
Grey Sky	灰色天空
La Ladera de la Montana	山坡
Londonderry Air	Londonderry 曲调
O Outro Lado	另一边
Rippling Creek	荡漾的小溪
Sweetie Pie	亲爱的宝贝
The Bonnie Banks o Loch Lomond	Lomond 湖美丽的岸边
Topaz	黄玉
Una milonga bastante sencilla	一首相当简易的米隆加
Una noche en Malaga	Málaga 的一夜
3 Piezas insomnes	三首不眠小品
3 Valses para bailar despues de muertos	三首死后起舞的圆舞曲
2 German Waltzes	两首德国圆舞曲
Colleccao de trez pecas para guitarra portugueza	葡萄牙吉他三首小品集
Le bijou	珠宝
Hatchet Variations	斧头变奏曲
Barbiere s Quickstep	Barbiere 的快步舞曲
Estudio Único para guitarra	吉他唯一练习曲
Da Capo Cordas Dedilhadas	Da Capo：拨弦乐器
Aurora Waltzes	曙光圆舞曲
Beethoven s dream	Beethoven 的梦
Evening Star	晚星
Il penseroso	沉思者
Shaker s dance	Shaker 之舞
Interludi Elegiaci	挽歌间奏曲
Vorspiel-Ubung and Ein alter liebesgedanke	前奏练习与旧日爱的思绪
Wellenspiel am Starnhergersee	Starnherger 湖上的波浪嬉戏
El Trompetero	小号手
Principes et Methode nouvelle pour pincer la Guitare	吉他弹奏原理与新教程
Arietta con variazioni da un tema di Paganini	Paganini 主题小咏叹调与变奏
Song without Words	无言歌
Mapping the Genome	绘制基因组
Venetian Hills	威尼斯山丘
Exercises pour la Guitare	吉他练习
Marche, danse et marmotte des Savoyards	Savoy 人的进行曲、舞曲与土拨鼠之歌
Air d Ukraine varié	乌克兰曲调变奏
Première grande polonaise	第一大型波兰舞曲
8 Beliebte, leichte Stucke	八首受欢迎的简易小品
Finnische Volkslieder	芬兰民歌
In memoriam Otto Hammerer	纪念 Otto Hammerer
Anweisung die Guitarre zu spielen und zu stimmen	吉他演奏与调弦指南
Amusement periodique pour la Guitarre	吉他定期消遣曲集
Nuova ed esatta Scuola per la Chitarra Metode	新编精详吉他教程
Fantaisie dramatique	戏剧幻想曲
L Amazone	亚马孙女战士
Pasa Calle	帕萨卡利亚
Plainte Moresque	摩尔风格哀叹
Souvenir de Barcelone	Barcelona 的回忆
Venise	威尼斯
Étoiles et fleurs	星辰与花朵
Attraction	吸引
Heat	热度
Independence	独立
New Year s	新年
Passion	激情
Spain	西班牙
Albores	曙光
Chotis por Guitarr	吉他肖蒂什舞曲
Crepúsculos	暮色
El Catalan	加泰罗尼亚人
El Cortesano	宫廷人物
El Destino	命运
El Patinador	滑冰者
El último canto	最后的歌
Pensamiento Español	西班牙的思绪
Recuerdos Juveniles	青春回忆
Varsoviana	华沙舞曲
By the Shimmering Sea	波光粼粼的海边
Fabordones del quinto tono	第五调式福伯顿曲
Fabordones del séptimo tono	第七调式福伯顿曲
Fabordones del tercer tono	第三调式福伯顿曲
Il Dilettante di Chitarra,Pezzi d’Opere Teatrali	吉他爱好者：舞台歌剧选曲
La ci darem la mano	在那里，我们携手
Aria di Fiorenza Sua Corrente	Fiorenza 曲调与相应库朗特舞曲
Gigue La Somptueuse	华美的吉格舞曲
Nouvelles découvertes sur la guitarre	吉他的新发现
Prélude à 4 temps	四拍子前奏曲
Cicaleggio	闲谈
Le Charme des veillées	夜聚的魅力
Le Délire	狂想
Le Départ du Grenadier	掷弹兵的出发
Le Papillon ou choix de morceaux faciles	蝴蝶，或简易小品精选
Les Fleurs oeuvre favorite pour guitare seule	花朵：吉他独奏珍爱之作
Les Passe temps	消遣
Les Premiers essais ou vingt morceaux faciles et soigneusement doigtés	初次尝试，或二十首简易且精心标注指法的小品
Les Étrennes	新年礼物
Écoute Écoute, Nouvelle Tyrolienne	听啊，听：新蒂罗尔舞曲
A Cuba	在古巴
Bonheur parfait	完美的幸福
Chevaliers au tournoi	比武场上的骑士
Divertissement champêtre	田园嬉游曲
Dulce sueño	甜美的梦
Esquisse musicale pour Guitare	吉他音乐素描
Fantasie Espagnole	西班牙幻想曲
Fleur de Pologne	波兰之花
La Garde passe	卫队经过
La Volière	鸟舍
Murmure du Ruisseau	溪流呢喃
Paso-Doble	斗牛舞曲
Pierrot et Colombine	Pierrot 与 Colombine
Pièce dans le style ancien	古风小品
Pluie d Etoiles	星雨
Sous les palmiers	棕榈树下
Étoile Filante	流星
Journal de Musique Étrangère pour la Guitare ou Lyre	吉他或里拉琴外国音乐期刊
Journal de Pièces de Musique pour la Guitare Tirées de divers Auteurs Espagnols Autres	吉他音乐期刊：西班牙及其他作者选曲
Tombeau de Francisco Tárrega	纪念 Francisco Tárrega 的悼亡曲
Rêve de la Cigale	蝉之梦
En mi ventana un castillo	我窗前的一座城堡
Homenaje a Emilio Pujol	向 Emilio Pujol 致敬
Canzone Se io m accorgo	歌曲〈如果我察觉〉
Da un Codice Lauten-Buch del Cinquecento	选自十六世纪鲁特琴谱手抄本
Amor y música	爱与音乐
Bailamos	我们起舞
Bohemios	波希米亚人
Caramelo	糖果
Celos de Pancha	Pancha 的嫉妒
El Padrino de el Nene	孩子的教父
Felicidad	幸福
Instantaneas	瞬间印象
Jaleo arreglado para Guitarra	吉他改编的哈雷奥
La Gran Via gran via jota	〈La Gran Vía〉霍塔舞曲
La del Pañuelo Rojo	戴红头巾的女子
La fácil progresión methode	简易渐进教程
Marcha-Real	皇家进行曲
Me conoces	你认识我
Muñeira	穆涅拉舞曲
Nuevo método teórico y práctico de guitarra methode	新编吉他理论与实践教程
Seguidillas Sevillanas Populares	塞维利亚民间塞吉迪亚舞曲
Un ramillete de flores	一束花
Rearranging Furniture	重新摆放家具
Cansion de la noche	夜之歌（原题拼写照录）
Echoes of the Pyrenees	比利牛斯山的回声
Guitar Folio	吉他曲集
Rose Leaves	玫瑰叶
Sounds from Spain	西班牙之声
6 Obras	六首作品
Estudio fácil y brillante	简易华丽练习曲
Ballade circassienne	切尔克斯叙事曲
Chant d esclave	奴隶之歌
Conte de veillée	夜聚故事
Danse des lutins	小精灵之舞
Eglantine	野蔷薇
Fleurs de fête	节日的花
Jour d automne	秋日
La chanson du passeur	摆渡人之歌
Les libellules	蜻蜓
Oeuvres nouvelles pour guitare	吉他新作
Ronde d archers	弓箭手圆舞曲
Rondo villageois	乡村回旋曲
Souvenir d Andalousie	安达卢西亚的回忆
Sur le lac	湖上
Sérénade toscane	托斯卡纳小夜曲
Échos du soir	晚间回声
Winter Glass	冬日玻璃
Fleur de Lis	百合花
Einsam ging ich meiner Strassen; Russisches Lied	我独自走在路上：俄罗斯歌曲
Fantaisie romantique	浪漫幻想曲
Kleinrussische Tanzweise	小俄罗斯舞曲
La Capriceuse	任性的女子
Method Schule für Guitarre oder Laute	吉他或鲁特琴教程
Pièce du salon	沙龙小品
Salonstücke für die Guitarre	吉他沙龙小品
Souvenir à Londres	伦敦的回忆
Air de Tambour	鼓之曲调
Variationen über das bekannte Alpenlied	著名阿尔卑斯歌曲变奏
Variationen über einen Spanischen Tanz	西班牙舞曲变奏
3 Sonaten	三首奏鸣曲
30 Sehr leichte Übungsstücke für Gitarre	三十首极简易吉他练习小品
2 Fugen	两首赋格
12 Leichte Ländler	十二首简易兰德勒舞曲
Amusements pour les Dames	女士消遣曲集
Letra I	歌词篇之一
Para una letra del futuro	为未来的歌词
Reflexión sobre Dionisio Aguado	关于 Dionisio Aguado 的思索
Recueil d airs d opéras et autres	歌剧及其他曲调集
Rondos, petites airs variés, allemandes et marches	回旋曲、小型曲调变奏、阿勒曼德舞曲与进行曲
Chord Etude	和弦练习曲
Contentment	满足
Gayety	欢乐
Joyful Moment	欢乐时刻
Moonlight Reverie	月光遐想
Moorish Dance	摩尔舞曲
Prayer	祈祷
Repose	安歇
Southern Dance	南方舞曲
Saitenklänge	弦之声
Petit bouquet mélodieux	旋律小花束
Au bois du chevreuil	狍子林中
Le funambule	走钢丝的人
Mme Musson s Ballet Class	Musson 夫人的芭蕾课堂
Par un matin froid de printemps	在一个寒冷的春日早晨
Soresta the Captain s Horse	上尉的马 Soresta
Tessa and Scott	Tessa 与 Scott
The Evening Walk of Dr. Péridot	Péridot 博士的晚间散步
Welsh Children s Songs	威尔士儿歌
2 Children of Nyx for Guitar	Nyx 的两个孩子：吉他曲
20 Petites bagatelles agréables	二十首悦耳小品
Rondo militaire	军队回旋曲
Military Divertimento for the Guitar	吉他军队风格嬉游曲
Le Retour de l Allemagne	从德国归来
Souvenir de Bath	Bath 的回忆
Souvenir de Clifton	Clifton 的回忆
Home, sweet home	家，甜美的家
O no We never mention her	哦，不，我们从不提起她
Arte de tocar la Guitarra Española por música Methode	按乐谱演奏西班牙吉他的艺术教程
6 Melodies Nocturnes Originales	六首原创夜间旋律
6 Nocturnes Bibliques	六首圣经题材夜曲
Capriccetto Ronde des Fées	小随想曲：仙女圆舞
Caprice Fantastique	奇幻想随想曲
10 Piccoli pezzi contemporanei	十首当代小品
El Trovador	吟游诗人
4 Piezas Progresivas	四首渐进小品
Brise d Espagne	西班牙微风
El Amable	和善之人
El Mensagero	信使
L Étudiant de Salamanque	Salamanca 的学生
Souvenir de 15 Août	八月十五日的回忆
Souvenir de 15 Aout	八月十五日的回忆
Souvenirs d Antan	昔日回忆
Compositions and Arrangements for the Guitar	吉他作品与改编曲
Lorca s Guitar	Lorca 的吉他
Believe Me if all those Endearing Young Charms	请相信我，纵使那些动人的青春风采
Enchantment	陶醉
Grand Fantasie of American Songs	美国歌曲大型幻想曲
Grand Valse Caprise	大型圆舞随想曲
La Ballerina Waltz	芭蕾舞女圆舞曲
La Reve	梦（原题拼写照录）
Our Bonnie Boat	我们美丽的小船
Sextette Fantasie	六重奏幻想曲
Sweet Whispers	甜蜜的低语
Alice Where Art Thou	Alice，你在哪里
Listen to the Mockingbird	听嘲鸫歌唱
Old Black Joe	老黑人 Joe
Cathedral Bells	大教堂钟声
Eventide	黄昏
Golden Moments	黄金时刻
Mountain Breezes	山间微风
Mountain Rivulet	山间小溪
Sweet Echoes	甜美的回声
Village Chimes	村庄的钟声
Whispers of Love	爱的低语
I quattro libri della chitarra spagnola	西班牙吉他四卷书
La Tirolienne	蒂罗尔舞曲
Recuerdo de su siempre Afmo. amigo	来自永远亲爱朋友的纪念
Auf der Fluren	在田野上
Im Walde	在森林里
Marche Serieuse	庄严进行曲
Andante and Waltz, the Eclipse	行板与圆舞曲：日食
Bicycle Galop	自行车加洛普舞曲
Circus Galop	马戏团加洛普舞曲
Contortionist Dance	柔术演员之舞
Crucifixus a tres	三声部〈被钉十字架〉
Les luthistes espagnols du XVIe siécle	十六世纪西班牙鲁特琴演奏家
Letter to Rose	致 Rose 的信
Salty Kisses	咸咸的吻
Shy Dreams	羞涩的梦
El Gitanillo	吉普赛少年
La bella Gigogin	美丽的 Gigogin
Studio e Diletto	练习与乐趣
Trascrizioni per chitarra	吉他改编曲
Nouvelle methode raisonnée pour apprendre la guitarre ou lyre	吉他或里拉琴系统新教程
Kleine Stücke für die Guitarre	吉他小品
Prelúdio, elegia e toccata para violão	吉他前奏曲、挽歌与托卡塔
3 Referencias al Color del Abismo	深渊之色的三次指涉
2 Expressionist Pieces for Solo Guitar	两首表现主义吉他独奏小品
Guitarre Methode Schule	吉他教程
Jácara	哈卡拉舞曲
Pasacalles de 1o Tono	第一调式帕萨卡利亚
Poema Harmonico	和声诗篇
Miniaturas	微型曲
Momentos	瞬间
Piezas Sudamericanas	南美洲小品
Poemas	诗篇
Nuit	夜
Idyllische Spaziergänge	田园漫步
Youthful Sweetheart	年轻的恋人
Sounds from the Plantation	种植园之声
Romance of Venice	威尼斯浪漫曲
That is Love	这就是爱
Chant du Nord	北方之歌
Chinese Galop	中国风格加洛普舞曲
Departed Days	逝去的日子
Faith and Hope	信念与希望
Flowers of St Petersburg	圣彼得堡的花
Harmonic Gems	和声珍珠
The Old Oaken Bucket	旧橡木桶
La Fleur du Mexique	墨西哥之花
Life is a Dream	人生如梦
Princess Louise Waltz and Wood-up Quickstep	Louise 公主圆舞曲与〈Wood-up〉快步舞曲
Pure as Snow	纯洁如雪
Silver Moonbeam	银色月光
Sweet Home	甜美的家
The British Patrol	英国巡逻队
Turkish Reveille	土耳其起床号
Waltz and Quickstep	圆舞曲与快步舞曲
Wine, Wife and Song	美酒、妻子与歌声
Under the Greenwood Tree	绿林树下
Nostalgia a orillas del Guadalquivir	Guadalquivir 河畔的思乡
Despedida	告别
Preludio de una lágrima	泪滴前奏曲
30 plus 1 plus 7	三十加一加七
Hexagon	六边形
Fascination	魅力
Howe s Instructor for the Guitar methode	Howe 吉他教程
Méthode de guitare et divertissements favoris	吉他教程与精选嬉游曲
Souvenir of the Fair at Mairena in Spain	西班牙 Mairena 集市的回忆
Wij, alles omvattend	我们，包容一切
Kleine Stücke für Gitarre Solo	吉他独奏小品
Nachtstück-Fragment II	夜间小品片段之二
Auras Argentinas	阿根廷气息
El Pampeano	Pampas 草原人
Icaro	伊卡洛斯
Milonga Popular	民间米隆加
Caelum Autumn	Caelum：秋
Caelum Spring	Caelum：春
Caelum Summer	Caelum：夏
Caelum Winter	Caelum：冬
Preludio y Fantasia de Don Quijote	Don Quijote 前奏曲与幻想曲
Little Sinners Rival	Little Sinners 的对手
Little Sinners	小淘气
Spanish Follies	西班牙福利亚舞曲
Arrependida	悔恨的女子
Olhos Feiticeiros	迷人的眼睛
Natural Velocity Methode	自然速度教程
Sylphe	风精灵
Katy Darling	亲爱的 Katy
Long, long ago	很久很久以前
Auxiliary Canon	辅助卡农
Bronze Mirror	铜镜
Obsidian Mirror	黑曜石镜
Speculum Metals	镜面合金
Companion for the guitar	吉他伴侣
Instruction Book for the English and Harp Guitars	英式吉他与竖琴吉他教程
Ad astra	向着星辰
2 Russian folk songs, Mazurka and Romance	两首俄罗斯民歌、玛祖卡与浪漫曲
Balalaika	巴拉莱卡琴
Balalayka	巴拉莱卡琴
Morceau de Salon	沙龙小品
Réproche et Justification	责难与辩解
L Alhambra	阿尔罕布拉宫
LAlhambra	阿尔罕布拉宫
The Adieu El Adiós	告别
Handbuch der Laute und Gitarre	鲁特琴与吉他手册
La célébre mazurka de Spa arrangée pour Guitare seule	著名的 Spa 玛祖卡，吉他独奏改编版
Méthode de guitare ou lyre 2ed	吉他或里拉琴教程，第二版
Répertoire de nouvelles Danses	新舞曲曲目集
Ungarisches Lied	匈牙利歌曲
Little Sparkers	小小追求者
3 Conversation Pieces	三首对话小品
Air de Trompete	小号曲调
Le Pied de Cheval	马蹄
Tabulature de guiterre	吉他指法谱
Air populaire Languedocien	Languedoc 民间曲调
Estudo de guitarra Methode	吉他学习教程
Coleccion de 8 obras muy faciles para guitarra	八首极简易吉他作品集
Gran Ricercario o Studío per chitarra sola	大型吉他独奏里切尔卡尔或练习曲
Pensa alla patria	想念祖国
Recueil des Mélodies	旋律集
Sei capricetti: per chitarra: che servono di compimento al metodo	六首吉他小随想曲：教程补充
Terremoto con variazioni per chitarra solo	地震及变奏：吉他独奏曲
Theme avec variations brillantes et non difficiles pou la guitare	主题与华丽而简易的吉他变奏
Etude in Fifteenths	十五度练习曲
Transposition Etude	移调练习曲
Dialogo quarto de musica	第四音乐对话
2 Kleine lyrische Stücke	两首抒情小品
Rondo Espanole	西班牙回旋曲
Valses de l Aphrodite	Aphrodite 的圆舞曲
Canção triste	悲伤的歌
Dancinha	小舞曲
De tout un peu	各种风格，各取一点
La Melanconia	忧郁
Ligeirinho	轻快地
O circo se foi	马戏团走了
Pequena canção	小歌
Tempo de giga	吉格舞曲速度
12 Monferrine per la chitarra sola	十二首吉他独奏蒙费里纳舞曲
6 Fortschreitende Lectionen für die Guitarre	六首渐进吉他课题
Pieces progresives pour la guitare seule	吉他独奏渐进小品
Adroit Little Finger	灵巧的小指
Aleatoric Studies	偶然音乐练习曲
Artificial Harmonics Etude	人工泛音练习曲
Boogie-woogie	布吉伍吉
Deep Violet	深紫色
Minor Blues Licks	小调布鲁斯乐句
O Carolan s Set	O Carolan 曲组
Surf Noise	海浪声
Yankee Doodle	Yankee Doodle（扬基小调）
Piezas sencillas	简易小品
Capriccio flamenco	弗拉门戈随想曲
Sogno	梦
Docemente	柔和地
Memories of Autumn	秋日回忆
Premier Melange	第一集成曲
Valse du Duc de Reichstadt	Reichstadt 公爵圆舞曲
Fleurs du Nord	北方之花
L heroique	英勇者
La Gracieuse	优雅的女子
La Joviale	欢快的女子
La Pétulante	活泼的女子
Larme	眼泪
Pensez à moi	请想念我
Some Rules for Superior Guitar Playing Methode	提高吉他演奏的若干规则教程
Souvenir et Regret	回忆与遗憾
Reminiscences	往事回忆
Tango Quiz	探戈问答
Kleines Konzertstück für Gitarre	吉他小音乐会曲
Intavolatura della chitarra spagnola	西班牙吉他指法谱
La Chasse au Renard	猎狐
La retraite française et 3 airs variés	〈La retraite française〉与三首曲调变奏
La carnaval de Venise arrangé pour Guitare	威尼斯狂欢节，吉他改编版
Plainte amoureuse	爱的哀叹
L excuse	借口
La Constance	坚定
La Douceur	温柔
La Fidélité	忠诚
La Tolérance	宽容
La ruse	计谋
Boston Yodle	Boston 约德尔曲
Breath of Spring	春天气息
Bygone Days	逝去的日子
Capricci armonici sopra la chitarra spagnola	西班牙吉他和声随想曲
Clover Blossoms	三叶草之花
Dance of the Kewpies	Kewpie 娃娃之舞
Day Dreams	白日梦
Day s Yet to Come	未来的日子
Dores D Alma	心灵之痛
Echoes from Switzerland	瑞士的回声
El Arriveño	远道而来的人
El Ramillete	小花束
Camelia	山茶花
Dalia	大丽花
Nardo	晚香玉
Regrets	遗憾
Endearment	爱恋
Field of Poppies	罂粟花田
Fué un sueño	那曾是一场梦
Gavotte My Love	我的爱：加沃特舞曲
Gebet	祈祷
Gigue Lentement	慢速吉格舞曲
How Can I Say You Good-Bye	我如何向你道别
Idly in a Hammock	悠闲地躺在吊床上
Introduction à l étude de la guitare	吉他学习入门
Jasmine Blossoms	茉莉花
Joy-Boy	快乐的男孩
La Badine	戏谑的女子
La Cubana	古巴女子
La Salteña	Salta 女子
Lady Mary	Mary 女士
Las lecciones de guitarra	吉他课程
Lillies of the Valley	铃兰
Lingering	流连
Livre d’or du guitariste	吉他演奏者的金册
J ai perdu mon Eurydice	我失去了我的 Eurydice
Luz y Norte	光与方向
March Victorious	胜利进行曲
Marche Romantique	浪漫进行曲
Mascarade	假面舞会
Meadow Lark	草地鹨
Monkey Dreams	猴子的梦
New Life	新生活
Passemezzo et Sua Gagliarda	帕萨梅佐及其加利亚德舞曲
Peasant s Dance	农民之舞
Pert and Pretty	俏皮而漂亮
Phantom Bells	幻影钟声
Queen City	女王之城
Russian Peasant Dance	俄罗斯农民舞曲
Sunshine Forever	永远的阳光
Suspiros del Alma	心灵的叹息
Tango Flamenco	弗拉门戈探戈
The Blushing Bride	脸红的新娘
The Cream City Clog	Cream City 木屐舞曲
The Gitarist s Bijou	吉他演奏者的珍宝
Thinking of You	思念你
Under the Balcony	阳台下
Vernal Bloom	春日绽放
Pièces de guitairre, à battre et à pinser	吉他乐曲：扫弦与拨弦
Preludio y Fuga sobre la Aurora de Santa Cruz	Santa Cruz 曙光主题的前奏曲与赋格
The False Consonances of Musick	音乐中的假协和
Canção de Bar	酒吧之歌
Chula	舒拉舞曲
Dança Antiga	古老的舞曲
La Volta	沃尔塔舞曲
Microtonal Prelude	微分音前奏曲
O Príncipe e a Rosa	王子与玫瑰
O Vigia	守望者
Pequena peça para violão	吉他小品
Poemeto	小诗
Quarto Bestiário Brasileiro	第四巴西动物图鉴
Suíte Floral	花卉组曲
Valsas Menores	小调圆舞曲
Collection of 100 Minuets	一百首小步舞曲集
Daisy-Marsch	Daisy 进行曲
Für s traute Heim	献给温暖的家
Nussdorfer Gitarristen Marsch	Nussdorf 吉他演奏者进行曲
Les Adieux de Carulli	Carulli 的告别
Lost Dream	失落的梦
Studio da Concerto	音乐会练习曲
Terra Ferita	受伤的大地
Bin traurig	我很悲伤
Federleicht	轻如羽毛
Le Guide des Ecoliers de Guitarre	吉他学生指南
Cyanen	矢车菊
Kukuk. Musikalische Rundschau	布谷鸟：音乐巡览
Pensée fugitive Rapsodie pour La Guitar	短暂的思绪：吉他狂想曲
Recueil de Musique	音乐集
Nachtmusik für Christoph Jäggin	献给 Christoph Jäggin 的夜间音乐
Supplément à la méthode	教程补编
Nocturnos del mar	海的夜曲
Methode Principios para tocar la guitarra de 6 ordenes	六弦组吉他演奏原理教程
24 Russian and Ukrainian Folk Songs	二十四首俄罗斯与乌克兰民歌
3 Pieces of church music	三首教会音乐
4 Russian Folk Songs	四首俄罗斯民歌
5 Favorite Gypsy Songs	五首精选吉普赛歌曲
Behind the river, the settlement stands	河对岸坐落着村落
How the Mountain Ash grew Beyond the River	河对岸的花楸如何生长
Not a path in the field	田野里没有路
Preludes in all 24 Major and Minor Tones	二十四个大小调前奏曲
Solemn March and Wedding Chorus from the Opera Tannhäuser	歌剧〈Tannhäuser〉中的庄严进行曲与婚礼合唱
Biguine	比金舞曲
Breezes…from Nowhere	不知从何处吹来的微风
Tétralemme	四句论
Élans du coeur	心的冲动
Album favorito	精选曲集
La Ginnastica Giornaliera per Chitarra	吉他每日技巧练习
Scuola della Chitarra	吉他教程
Segreto del cuore	心的秘密
Four Spanish Baroque dances	四首西班牙巴洛克舞曲
La Tia y La Sobrina	姨母与侄女
Menuet difícil	高难度小步舞曲
Menuet facil	简易小步舞曲
Passacalles y Obras	帕萨卡利亚与乐曲
Preludio de primo tono	第一调式前奏曲
Manuscripts	手稿
Entracte	幕间曲
Paraboles for two guitars Duo	寓言：两把吉他的二重奏
Arpeggio ovvero Giro d’armonia in tutti i tuoni maggiori	琶音，或遍及所有大调的和声循环
Grande Scène harmonique avec Variations	大型和声场景及变奏
Le stagioni dell anno	一年四季
Tempête pour Lyre ou Guitare	风暴：里拉琴或吉他曲
Marcha Real de España	西班牙皇家进行曲
Laberintos	迷宫
Adversidad	逆境
Classical Inspiring and Inspired Guitar Licks	古典吉他启发性与创意乐句
Exotic Japanese Scales for Guitar	吉他的日本风格音阶
La luz de un mundo sin esperanza	没有希望的世界之光
Leichte Musikstücke für die Guitare für die ersten Anfänger	吉他初学者简易小品
A Chord Chart	和弦图表
Concierto clásico para Guitarra	吉他古典协奏曲
Del Ferrol a la Habana	从 Ferrol 到 Havana
Rapsodia de Concierto	音乐会狂想曲
Recuerdos de Málaga	Málaga 的回忆
Recuerdos de Sevilla	Sevilla 的回忆
La clessidra dai chicchi di grano	以麦粒计时的沙漏
Instructions for the Guitar tuned in E major	E 大调调弦吉他教程
Ah, vous dirai-je maman	啊，妈妈，我要告诉你
Trois jeunes tambours	三个年轻鼓手
Toccate di Chitarriglia, Parte	小吉他托卡塔：分册
Solos and Duos	独奏曲与二重奏曲
Mes Souveniers	我的回忆
Mes Souvenirs	我的回忆
The Red Safran	红色藏红花
Troika pour guitarre	三驾马车：吉他曲
Playing with Matches	玩火柴
Selectissima Elegantissimaque	最精选且最优雅的作品
Nuova scelta di sonate per la chitarra spagnola	西班牙吉他奏鸣曲新选集
Belle époque	美好年代
Libro de música de Vihuela	维乌埃拉琴音乐谱集
Principes généraux ou l’art de pincer de la Guitare methode	通用原理，或吉他弹奏艺术教程
Postlude	后奏曲
Rosa ventorum	风向玫瑰
Nouvelles étrennes de Guitarre	吉他新年新礼物
Airs choisis arrangés	精选曲调改编
10 Composiciones	十首作品
Bajo el Sauce	柳树下
El Escondido	隐藏者
El Palito	小木棍
El Sueno	梦
Güeya	Güeya 舞曲
La Firmeza	坚定
Recuerdos de Saldungaray	Saldungaray 的回忆
Recuerdos de Santiago del Estero	Santiago del Estero 的回忆
Elfin s Revels	小精灵的欢宴
Forgotten	被遗忘
Sadness, A Lost Love, A Lament	悲伤、失落的爱、哀叹
Sadness	悲伤
Sehnsucht and Weary	渴望与疲惫
Sehnsucht	渴望
Weary	疲惫
Woodland and Stream	林地与溪流
Pouch	小袋
Marche Dauphine	Dauphine 进行曲
Passacaille dite Marizapalos	名为〈Marizapalos〉的帕萨卡利亚
Souvenir du Simplon	Simplon 的回忆
Am grünen Rhein	在绿意盎然的莱茵河畔
Immer gemütlich	始终悠然
Small Variations on a Theme by Bach	Bach 主题小变奏曲
Petit bal	小舞会
Nova arte de viola	Viola 演奏新法
Winters of February	二月的寒冬
Canção sem Palavras	无言歌
Da Serenidade	宁静
Ideia	想法
Ommagio a Leo	向 Leo 致敬
Outubro Azul	蓝色十月
Relógio	钟表
Suíte dos Girassóis	向日葵组曲
Tiento Raro	奇异的蒂恩托
Um Brinde à Amizade	为友谊举杯
Um Brinde à Ternura	为温柔举杯
Valsa Para Samira	献给 Samira 的圆舞曲
Amor Campero	田野之爱
Horas de Ensueno	遐想时光
La Gauchita	小高乔姑娘
Recordándote	思念你
Rumbeando pa la querencia	朝着心之归处前行
Por las calles de mi Habana	穿过我 Havana 的街道
Self Instructor for Guitar Accompaniment	吉他伴奏自学教程
Fantasia Americaine	美国幻想曲
Recuerdos del pasado	往昔回忆
Permutation Etude	排列练习曲
Song of the Wanderers	流浪者之歌
Beglückt durch dich	因你而幸福
Fairy Waltzes	仙女圆舞曲
Colección brillante de aires españoles	华丽的西班牙曲调集
Valses fantásticos	奇幻圆舞曲
Albumsblade	曲集小品
Ah girlfriends	啊，女友们
Dying Gladiator	垂死的角斗士
Fairy Tale	童话
Lamentation	哀叹
Menuet à la Reine	女王小步舞曲
Oh How the breeze is blowing	啊，微风多么轻柔地吹
Pianto dell Amante	恋人的悲泣
Reproach	责难
Romance Without Words	无言浪漫曲
Soar high, Swallow	高飞吧，燕子
Thought	思绪
Prelude in Memorial D. Shostakovich	纪念 D. Shostakovich 的前奏曲
No me olvides	别忘记我
Complainte du vieux nègre	年老黑人的悲歌
En la Hamaca	在吊床上
Fiesta Campestre	田园庆典
Gavotte Idéale	理想的加沃特舞曲
Ilusion	幻想
La simpatica	可爱的女子
Luciole	萤火虫
Melodia Nocturna	夜间旋律
Mélancolia	忧郁
Roses and Pearls	玫瑰与珍珠
Sweet Mary	甜美的 Mary
Vecchia	老妇人
Libro donde se veran pazacalles de los ocho tonos	八个调式的帕萨卡利亚谱集
Horas de Melancolia	忧郁时光
Above the Clouds	云端之上
Dancer	舞者
Following the Wave	追随浪潮
Moonlight	月光
Stay	留下
Ars Guitarra	吉他艺术
If You were a Star	如果你是一颗星
Steps on Guitar	吉他上的步伐
By the Sea	在海边
Prelude of Chopin	Chopin 的前奏曲
Ukrainian dance	乌克兰舞曲
Alemanda, La Preciosa	美丽者：阿勒曼德舞曲
Instrucción de música sobre la guitarra española	西班牙吉他音乐教程
Jiga Inglesa	英国吉格舞曲
Partidas al Aire español	西班牙风格变奏
Preludio o capricho arpeado	前奏曲或琶音随想曲
Récréation des Amateurs	爱好者的音乐消遣
La canción del trobador	吟游诗人之歌
Rêve harmonique	和声之梦
Gründliche Anleitung die Gitarre spielen zu lernen	详尽吉他演奏教程
Lauten- und Gitarre-Schule Methode	鲁特琴与吉他教程
Alpenhornmarsch for Guitar	吉他阿尔卑斯号角进行曲
Walzer-Guirlande	圆舞曲花环
Alborada de fiesta en la aldea	村庄节庆晨歌
Au jardin de l’Albaye	在 Albaye 花园中
Cantic al sant crist de Gracia	Gràcia 圣基督赞歌
Cap i Cúa	首尾
Choral Salve	〈Salve〉众赞歌
El Abejorro	大黄蜂
El Perú	秘鲁
El bigote Roger’s moustache	Roger 的胡子
Els tres tambors	三个鼓手
En ausencia de Nandin	Nandin 不在时
Endecha a la Amada Ausente	献给不在身边爱人的哀歌
Etude-Pizzicatto	拨奏练习曲
Festívola	欢庆
La libélula	蜻蜓
La seguidilla en el cortijo	乡间庄园的塞吉迪亚舞曲
Noranta Notes	九十个音符
Obras sin título	无标题作品
Omaggio a Chopin	向 Chopin 致敬
Rapsodia valenciana	Valencia 狂想曲
Rosebud´s lament	玫瑰花蕾的哀叹
Triptyque campagnard	乡村三联画
Trois morceaux espagnols	三首西班牙小品
Variations sur un thème obsédant	挥之不去的主题变奏
Veneciana	威尼斯风格曲
Ventolera	一阵狂风
Villanesca	乡村风格曲
Ondinas	水之精灵
Castellana	卡斯蒂利亚女子
Panaderos	面包师们
Bidvogel	祈祷之鸟
Svoboda Dans	Svoboda 之舞
Voorzet	传球
Meta Sequoia	水杉
Honey Pie	甜心
Please Please Me	请让我快乐
Always	永远
Cangaceiro	巴西东北部的绿林人
El Jaleo	哈雷奥舞曲
Gato	猫
Guajira Margarita	Margarita 瓜希拉舞曲
Guajira San Juan	San Juan 瓜希拉舞曲
Midnight Special	午夜特快
Muskrat Ramble	麝鼠漫游
Missing	失踪
Calypso	卡利普索
Malhao	马利昂舞曲
Rondeau En Echo	回声回旋曲
Comment Scavez Vous	您怎么知道
Vidala	比达拉民歌
Cachaca Con Fogo	烈酒与火
Derecho Viejo	老规矩
Milongita	小米隆加
A Canoa Virou-Cirandinhas	小船翻了：小圆圈舞曲
Chorino	小肖罗（原题拼写照录）
Scotish Choro	肖蒂什肖罗（原题拼写照录）
Baila de Avila	Ávila 之舞
Caballeritos de Azcoitia	Azcoitia 的小骑士
Cajita de uusica	音乐盒（原题拼写照录）
Dialongando	对话（原题拼写照录）
Heav n heav n	天堂，天堂
Irixil dantza	Irixil 舞曲
Muineira	穆涅拉舞曲
Paseando	散步
Salon de Artazcoz	Artazcoz 沙龙
Santanderina	Santander 女子
Romancero	叙事歌谣集
Caravan	商队
Ay, ay, ay	哎呀，哎呀，哎呀
Guitarra espanola, y vandola	西班牙吉他与 Vandola
2 Varied Themes	两个变奏主题
Variations pour une Guitarre seule	吉他独奏变奏曲
16 Morceaux très faciles pour Guitare seule	十六首极简易吉他独奏小品
Plusieurs petites Pieces pour la Guitare	若干吉他小品
Fado Liró	Liró 法朵
Garrotin jitano popular	吉普赛民间加罗廷舞曲
Légende	传说
The Budget	预算
Guitar Methode Principes généraux de la Guitare à cinq et à six cordes, et de la lyre	五弦及六弦吉他与里拉琴的通用原理教程
Guitar Methode Vollständige Anweisung für die Guitarre	吉他完整教程
6 Pot-pourris avec airs variés	六首集成曲与曲调变奏
Hungarian Mazurka	匈牙利玛祖卡
March from Moses In Egypt	〈Moses In Egypt〉中的进行曲
Polonaise from Tancredi	〈Tancredi〉中的波兰舞曲
Priest s March from The Magic Flute	歌剧〈魔笛〉中的祭司进行曲
Rubinstein s Melodie	Rubinstein 的旋律
6 Cotillons	六首科蒂永舞曲
3 Pecas para violão	三首吉他小品
Prelude for Alena	献给 Alena 的前奏曲
Alemanda	阿勒曼德舞曲
Contradanza	对舞曲
2 Nocturnos	两首夜曲
3 Mélodies	三首旋律曲
Variée pour la Guitarre	吉他变奏曲
Celebrated Diamond Clog	著名的 Diamond 木屐舞曲
Estude in G major	G大调练习曲（原题拼写照录）
Polonaise Lillian	Lillian 波兰舞曲
Pieces for Guitar interlude	吉他小品：间奏曲
14 Valses pour une Guitarre	十四首吉他圆舞曲
Sonares	声响
21st Century Nocturnes	二十一世纪夜曲
Trip-O-Let Dance	Trip-O-Let 舞曲
The Darkies Dance	黑人之舞（历史原题措辞）
Delhi Grand Galop Militaire	Delhi 大型军队加洛普舞曲
La Cachuca	卡楚查舞曲
Musette de Nina	Nina 缪塞特舞曲
Sonatina and Evening chimes	小奏鸣曲与晚钟
Regrette	悔恨
Giocando Aeolus	Aeolus 在嬉戏
sMilonga Popular	民间米隆加（原题多余前缀 s）
6 Preludios pandémicos	六首疫情时期前奏曲
El ritmo del Rummy	Rummy 的节奏
Elefante	大象
Juego de sombras	影子的游戏
Correr en círculos	绕圈奔跑
Un vermú para Horacio!	给 Horacio 一杯苦艾酒
Electric	电光
La Rose Walse	玫瑰圆舞曲
Praeludium in D major	D大调前奏曲
Malaguenas	马拉加风格舞曲
Malagueñas	马拉加风格舞曲
2 Fantasies	两首幻想曲
Passions	激情
Minuete	小步舞曲（原题拼写照录）
Sorry	抱歉
Aurora	曙光
Irixil – dantza	Irixil 舞曲
Nena	小姑娘
Torneo	比武
El Ay	哎呀
El Ay orig	哎呀（原题标记：orig）
