1969	吉他作品第2号：秋日——晚间回声
19691	人们说起羞红的玫瑰——小夜曲（钢琴或吉他伴奏）
19692	人们说起羞红的玫瑰——小夜曲（钢琴或吉他伴奏）
19695	歌剧〈坦克雷迪〉中〈如此多的心跳〉卡瓦蒂纳主题的七段变奏，作品50
19696	歌剧〈灰姑娘〉中〈从前有一位国王〉浪漫曲主题变奏，作品80
19697	吉他歌剧旋律集锦第1号：Flotow 的〈Martha〉（原题署名 Philipp Süssmann）
19698	〈西班牙福利亚〉主题第五幻想曲，作品12
19699	吉他蒂罗尔旋律变奏曲，作品1
1970	吉他作品第4号：节日之花——无词浪漫曲
19701	选自 Haydn 作品的四首嬉游曲，作品13
19702	波莱罗舞曲（里拉琴或吉他伴奏；选自〈Euterpe〉钢琴乐刊）
19703	两个嫉妒的人——三重唱（里拉琴或吉他伴奏）
19704	芭蕾〈Arsena〉中的科蒂永舞曲（两把吉他）
19706	我忘记你——选自〈Philomèle〉歌曲集第5号（渐进吉他伴奏）
19708	Oginsky 的波兰舞曲与 Rode 主题，附引子（吉他独奏），作品33
1971	吉他作品第5号：棕榈树下——船歌
19710	六首吉他前奏曲，作品46
19711	歌剧〈坦克雷迪〉中〈如此多的心跳〉旋律主题大变奏曲（两把吉他），作品1
19713	名作十二首序曲选集：第11号〈伊菲格涅亚在奥利德〉（第一辑；吉他与小提琴改编版）
19718	维也纳与柏林加洛普舞曲（钢琴与吉他协奏性二重奏改编版）
19719	名作十二首序曲选集：第4号〈La Caravanne〉（第一辑；吉他与小提琴改编版）
19720	名作十二首序曲选集：第7号〈Panurge〉（第一辑；吉他与小提琴改编版）
19724	玫瑰终将不再盛开（西班牙吉他伴奏改编版）
19725	当晚星探出头——仙女之歌（西班牙吉他伴奏）
19727	蝴蝶——意大利歌曲、法国浪漫曲与圆舞曲精选第4号（西班牙吉他）
19729	十二首圆舞曲（一把或两把吉他）
1973	湖上
19730	小夜曲（带变调夹的吉他与单簧管），作品22
19731	海上之夜（西班牙吉他伴奏改编版）
1974	歌剧〈自由射手〉旋律主题协奏性变奏曲（钢琴与吉他二重奏）
19740	De Pinna 的〈多么仙女般的音乐〉主题引子与变奏（西班牙吉他），作品32
19744	里拉琴——吉他独奏曲集（含 Rossini 序曲、集锦、变奏曲、圆舞曲与匈牙利风格曲）
19745	奥菲斯——四十八首吉他作品精选（P. Yankowski 选编）
19746	民族波兰舞曲（两把吉他）
19747	维也纳的回忆，作品35
19749	二十四首以琶音为主的吉他练习曲，作品30
1975	加冕进行曲，作品101
19751	芭蕾〈Nina〉主题华丽变奏曲（两把吉他），作品2
19752	Helen Trevor（西班牙吉他伴奏改编版）
19753	今夜与我相会——卡瓦蒂纳（西班牙吉他伴奏改编版）
19754	苏黎世钟声——选自〈和谐之歌／音乐仙女〉（西班牙吉他）
19758	我的黑发姑娘——歌曲（吉他伴奏改编版）
19759	露珠——歌曲（西班牙吉他伴奏改编版）
1976	三首协奏性小夜曲（小提琴与吉他二重奏），作品10
19760	村庄之歌
19761	Rousseau 的梦——吉他变奏曲
19762	紫罗兰——旋律与吉他变奏曲
19764	Tyrana de la Banca（吉他改编版；选自吉他音乐乐刊）
19770	〈Joconde〉分节歌第8号（吉他或里拉琴改编版）
19771	法国凡丹戈——我的爱人，我甜蜜的爱人
19773	西班牙民族卡楚恰舞曲及变奏（原为八把吉他，改编为一把吉他）
19777	宣叙调与牧歌（钢琴和吉他伴奏），作品56
19778	西班牙 Mairena 集市的回忆——玛祖卡与吉他变奏曲
19779	Rossini 歌剧〈塞米拉米德〉序曲主题幻想曲
1978	歌剧〈La Pamela〉序曲
19783	改进吉他教程（促进学生进步并减轻教师教学负担）
19789	歌剧〈自由射手〉中〈我们为你编织新娘花环〉主题引子与六段变奏（两把吉他协奏），作品6
1979	献给我的棕发姑娘——特色马拉加舞曲
19790	蒂罗尔旋律主题八段变奏第5号（吉他独奏）
19791	歌剧〈被打断的祭祀〉主题六段变奏中的第3号（吉他独奏）
19794	名作十二首序曲选集：第5号〈L Odoiska〉（第一辑；吉他与小提琴改编版）
19795	吉他与钢琴协奏性二重奏第二集：〈瑞士家庭〉中〈不要责备我〉及 Rainer 家族蒂罗尔旋律主题
19796	Schiller 悲剧〈强盗〉中〈我们过着自由的生活〉主题行板与变奏（吉他与钢琴），作品157
19797	Auber 歌剧〈波尔蒂奇的哑女〉芭蕾旋律波莱罗（吉他与长笛或小提琴改编版），作品221
19798	歌剧〈奥赛罗〉、〈Elisabethe〉与〈塞维利亚的理发师〉旋律第五集锦（吉他与长笛或小提琴），作品107
19799	维尔茨堡的宠儿——第一小夜曲（钢琴与吉他），作品46
1980	赠远行的艺术家——一份纪念
19800	歌剧〈魔鬼兄弟〉、〈Zampa〉、〈奥里伯爵〉、〈誓言〉与〈威廉·退尔〉主题混合曲，作品263
19801	Weber 歌剧〈Préciosa〉主题第九集锦（吉他与长笛或小提琴改编版），作品125
19803	歌剧〈坦克雷迪〉旋律集锦与回旋曲（吉他与长笛或小提琴），作品103
19804	歌剧〈坦克雷迪〉主题集锦（吉他与长笛或小提琴改编版），作品86
19805	Auber 歌剧〈波尔蒂奇的哑女〉主题集锦（长笛或小提琴与吉他），作品220
19806	歌剧〈奥赛罗〉与〈坦克雷迪〉主题第四集锦（吉他与长笛或小提琴），作品104
19808	Rossini 歌剧〈Corradino〉与〈摩西在埃及〉主题第十六集锦（吉他与长笛或小提琴），作品181
19809	小夜曲（西班牙吉他与长笛或小提琴），作品97
1981	父爱——吉他行板与谐谑曲
19810	小夜曲（西班牙吉他与长笛或小提琴），作品24
19811	小夜曲二重奏（吉他与小提琴或 A 调单簧管），作品62
19812	小夜曲（长笛或小提琴与吉他），作品43
1982	他们都是如此
19823	吉他圆舞曲与加洛普舞曲选集第43号：Themis 的光芒——圆舞曲，作品147
19824	吉他圆舞曲与加洛普舞曲选集第44号：Malapou 与亚马逊加洛普舞曲，作品148
19825	吉他圆舞曲与加洛普舞曲选集第45号：爱情之梦——布尔诺圆舞曲，作品150
19826	吉他圆舞曲与加洛普舞曲选集第46号：普雷斯堡人——委员会舞会舞曲，作品155
19827	吉他圆舞曲与加洛普舞曲选集第46号：爱国者——和谐舞会舞曲，作品154
19828	吉他快板（选自吉他音乐乐刊）
19829	小步舞曲与小调段落（选自吉他音乐乐刊）
1983	极美的女子
19830	小步舞曲（选自吉他音乐乐刊）
1984	萨苏埃拉〈梅菲斯特〉中的哈巴涅拉歌曲
19844	钢琴与吉他协奏性幻想曲，作品46
19845	来与我同住——叙事歌（西班牙吉他改编版）
19846	来与我同住——叙事歌（西班牙吉他改编版）
1985	田园乐趣——简易吉他舞曲集
19850	我的风铃草——叙事歌（吉他改编版，含两种编法）
19851	流行歌曲集第3号：〈湖上的月亮／MacGregor 家族聚会〉、〈巴伐利亚姑娘之歌／买把扫帚〉及〈少女漫游〉
19852	阿拉伯少女（西班牙吉他伴奏改编版）
19853	最美的花——叙事歌（选自音乐滑稽剧〈无敌的人〉；西班牙吉他伴奏改编版）
19854	欢快的游吟诗人——叙事歌（一把或两把吉他伴奏）
19855	猎人的信号角——蒂罗尔歌曲
19859	Rossini 歌剧〈威廉·退尔〉序曲中的行板与快板（吉他独奏改编版），作品202
1986	甜蜜的回忆
19860	Rossini 歌剧〈湖上女郎〉中的两个主题变奏：卡瓦蒂纳〈啊，多少泪水〉与进行曲（吉他），作品18
19862	蒂罗尔主题大变奏曲（吉他），作品12
19863	Rossini 歌剧〈Zelmire〉卡瓦蒂纳主题引子与变奏（吉他），作品21
19864	歌剧〈诺尔玛〉主题引子与变奏、如歌的段落及终曲（六弦或八弦吉他），作品201
19865	匈牙利民族旋律与原创主题集锦（六弦或八弦吉他独奏），作品203
19867	Rossini 歌剧〈Zelmira〉与〈Corradino〉旋律及原创主题混合变奏曲（吉他），作品26
19869	简易而华丽的诙谐小回旋曲（吉他独奏），作品204
19870	各大小调的三十六首吉他随想曲，作品20
19871	Rossini 主题协奏性变奏曲（钢琴与吉他，附两把小提琴、中提琴及低音乐器伴奏），作品28
19872	Weber 歌剧〈自由射手〉进行曲主题吉他变奏曲，作品22
19873	金发姑娘／沉睡的姑娘——威尼斯歌曲或船歌（里拉琴或吉他伴奏）
19874	Mozart 歌剧〈费加罗的婚礼〉六首旋律第一集（里拉琴或吉他、长笛或小提琴及中提琴三重奏改编版）
19879	向 Panonie 致敬——匈牙利风格吉他嬉游曲，作品14
19887	〈Nina Verdi〉旋律主题吉他变奏曲，作品20
19888	Meyerbeer 主题引子与吉他变奏曲
19889	猎狐——特色吉他幻想曲
1989	威尼斯狂欢节
19890	不再悲伤——吉他变奏曲
19892	二十四首吉他圆舞曲，作品9，第1册
19894	二十四首吉他圆舞曲，作品9，第2册
19895	二十四首吉他圆舞曲，作品9，第2册
19896	二十四首吉他圆舞曲，作品9，第3册
19897	名作十二首序曲选集：第9号〈亨利四世／伊夫里之战〉（第一辑；吉他与小提琴改编版）
19899	牧羊女——意大利小歌（选自吉他音乐乐刊）
1990	黑色小魔鬼——滑稽探戈
19902	第三华丽波兰舞曲（小提琴与吉他改编版），作品12
19903	长笛音乐会变奏曲（钢琴或吉他伴奏），作品43
19904	第四华丽波兰舞曲（小提琴与吉他改编版），作品17
19907	浪漫曲〈前往叙利亚〉主题变奏曲（小提琴与吉他改编版），作品15
19908	希腊主题变奏曲（吉他与小提琴）
19909	船夫——小歌
1991	外交官——肖蒂什舞曲
19910	为了你——浪漫曲第70号（里拉琴或吉他伴奏）
19911	请安静——小歌
19913	流浪的游吟诗人——六十页吉他音乐乐刊第30号
19915	意大利的乐趣——吉他与钢琴歌剧旋律选集第14号：〈Ah tacete, il vervinte si〉
19916	意大利的乐趣——吉他与钢琴歌剧旋律选集第13号：〈Ah Non crede real consiglio〉
19917	意大利的乐趣——吉他与钢琴歌剧旋律选集第11号：〈Del genitor rammento〉
19918	Donizetti 歌剧〈唐·帕斯夸莱〉主题嬉游曲，作品15
1992	现代吉他演奏者——吉他作品精选第16号
19920	Donizetti 歌剧〈夏穆尼的琳达〉主题幻想曲，作品14
19922	威尼斯狂欢节——吉他旋律变奏改编版，作品6
19928	年轻的骑士——歌剧〈埃及的十字军〉中的浪漫曲（选自〈Philomèle〉歌曲集）
1993	Subiza 的磨坊主
19930	意大利的乐趣——吉他与钢琴歌剧旋律选集第17号：我带来和平
19934	六首主题、回旋曲、浪漫曲与波兰舞曲精选（西班牙吉他）
19935	六个主题与吉他变奏曲，作品12
19937	三首回旋曲（西班牙吉他与长笛或小提琴），作品6
1994	豪迈——吉他波莱罗舞曲
19940	我曾满足——咏叹调（吉他伴奏；选自吉他音乐乐刊）
19942	名作十二首序曲选集：第6号〈狄托的仁慈〉（第一辑；吉他与小提琴改编版）
19943	在那里携手——歌剧〈唐·璜〉二重唱（选自〈Philomèle〉歌曲集第7号）
19944	在那里携手——歌剧〈唐·璜〉二重唱（选自〈Philomèle〉歌曲集第7号）
19945	Mozart 歌剧〈狄托的仁慈〉序曲（两把吉他改编版）
19946	Susanna 还没来——歌剧〈费加罗的婚礼〉中的宣叙调与咏叹调（西班牙吉他改编版）
1995	豪迈——波莱罗舞曲
19954	你们可知道——歌剧〈费加罗的婚礼〉中的咏叹调（西班牙吉他改编版）
1996	孤独的人——吉他主题与变奏曲
19960	六首意大利小咏叹调（吉他伴奏改编版）
19963	当白昼透出玫瑰色光芒——吉他与钢琴旋律二重奏系列第2号，作品10（原题前缀3保留）
19964	歌剧〈安娜·博莱娜〉中〈看到你的忠贞〉主题引子与变奏（吉他与钢琴二重奏系列第9号），作品26
19965	歌剧〈安娜·博莱娜〉中〈看到你的忠贞〉主题引子与变奏（吉他与钢琴二重奏系列第9号），作品26
19966	Gallemberg 伯爵旋律主题引子与变奏（吉他与钢琴二重奏系列第6号），作品19
19967	〈晚安，我的爱人〉主题引子与变奏（吉他与钢琴二重奏系列第8号），作品25
19968	曾经统治诺曼底——Meyerbeer 歌剧〈Robert〉旋律（吉他与钢琴二重奏系列第5号），作品13
19969	曾经统治诺曼底——Meyerbeer 歌剧〈Robert〉旋律（吉他与钢琴二重奏系列第5号），作品13
1997	轮指——特色大夜曲
19970	黄金是幻影——Meyerbeer 歌剧〈Robert〉旋律（吉他与钢琴二重奏系列第4号），作品12
19971	黄金是幻影——Meyerbeer 歌剧〈Robert〉旋律（吉他与钢琴二重奏系列第4号），作品12
19972	黄金是幻影——Meyerbeer 歌剧〈Robert〉旋律（吉他与钢琴二重奏系列第4号），作品12
19974	〈我爱她，啊，我爱她，她更加可爱〉——Bellini 歌剧〈凯普莱特与蒙太古〉旋律（吉他与钢琴二重奏第7号），作品21
19975	〈我爱她，啊，我爱她，她更加可爱〉——Bellini 歌剧〈凯普莱特与蒙太古〉旋律（吉他与钢琴二重奏第7号），作品21
19976	不再悲伤——吉他与钢琴旋律二重奏系列第1号
19977	不再悲伤——吉他与钢琴旋律二重奏系列第1号
19978	德国的回忆——吉他幻想曲（附第二吉他或钢琴伴奏），作品29
19979	告诉你我的一切感受也是徒然——吉他与钢琴旋律二重奏系列第3号
1998	踢踏舞——安达卢西亚民歌
19980	Gallemberg 旋律主题变奏曲（吉他与钢琴）
19981	当白昼透出玫瑰色光芒——吉他与钢琴旋律二重奏系列第2号，作品10
19982	告诉你我的一切感受也是徒然——吉他与钢琴旋律二重奏系列第3号
19984	威尼斯圆舞曲主题华丽变奏曲（吉他）
19985	爱尔兰旋律主题吉他幻想曲
19987	〈我睡在冰冷的地面〉主题幻想曲（西班牙吉他）
1999	西班牙民间旋律主题幻想曲
19990	Mozart、Beethoven 与 Weber 的三首圆舞曲（西班牙吉他改编版）
19991	三首钢琴与吉他旋律精选第2号：阿尔卑斯旋律
19992	三首钢琴与吉他旋律精选第3号：Beethoven 的圆舞曲
19993	十二首原创威尼斯小歌，第1册（西班牙吉他伴奏改编版）
19994	意大利的乐趣——吉他与钢琴歌剧旋律选集第18号：〈Come lieto a questo〉
19995	Bellini 歌剧〈清教徒〉主题幻想曲（吉他），作品51
19996	Schubert 哀伤圆舞曲主题变奏曲（吉他），作品4
19997	歌剧〈Griselda〉中的卡瓦蒂纳（吉他或里拉琴伴奏）
19999	磨坊姑娘 Rachelina——卡瓦蒂纳（里拉琴或吉他伴奏）
2000	天赋与艺术——圆舞曲组
20001	为逝去的一年干杯——叙事歌
20002	哦，欢快地划动美丽小船
20003	第一吉他与钢琴二重奏：〈梦游女〉主题，含〈我嫉妒游移的微风〉及〈啊，难以表达〉旋律
20004	歌剧〈坦克雷迪〉卡瓦蒂纳主题吉他大变奏曲，作品6
20005	Caraffa 主题引子与波兰舞曲（两把西班牙吉他改编版）
20008	一百五十首西班牙吉他演奏技巧练习（原创及名家作品选编）
20009	第二吉他与钢琴二重奏：〈梦游女〉主题，含卡瓦蒂纳〈于我何等明朗〉
2001	三幕萨苏埃拉〈晚间九点〉中的霍塔舞曲
20011	和平的玫瑰——叙事歌（西班牙吉他伴奏）
20012	E调第三嬉游曲（含〈我睡在冰冷的地面〉、圆舞曲与加洛普舞曲）
20013	浪漫曲〈De ma Celine Amante Modeste〉主题吉他变奏曲，作品8
20015	西班牙吉他图解第1号：泛音、滑奏、连奏、鼓击及凡丹戈、波莱罗和瓜拉恰等节奏
20018	多么仙女般的音乐——贡多拉之歌或二重唱（西班牙吉他伴奏改编版）
20019	交响性协奏二重奏（两把吉他）
2002	萨苏埃拉〈晚间九点〉中的霍塔舞曲
20021	穆罕默德的天堂，第166号
20023	苏格兰风铃草——变奏曲（西班牙吉他与钢琴二重奏改编版）
20025	R. Sidney Pratten 女士的吉他曲目集第31号：威尼斯狂欢节
20029	Auber〈石匠之轮〉旋律幻想曲（吉他独奏改编版），作品54
2003	霍塔舞曲与分节歌（吉他伴奏）
20035	蔚蓝的摩泽尔河岸——叙事歌（选自〈骷髅恋人〉；西班牙吉他改编版）
20038	我不再知道自己想要什么——浪漫曲
20039	善良的牧羊人——浪漫曲（钢琴、竖琴或吉他改编版）
2004	格罗尔施泰因大公爵夫人
20043	完整西班牙吉他教程（附指法练习、西班牙、意大利、英国歌曲及民族旋律）
20044	黎明，啊，你将升起——歌剧〈湖上女郎〉中的卡瓦蒂纳（钢琴或西班牙吉他伴奏）
20045	Rossini 十二首序曲选集第1号：〈Armida〉（吉他与钢琴改编版）
20046	Rossini 十二首序曲选集第12号：〈Torvalo e Dorliska〉（吉他与钢琴改编版）
20047	Rossini 十二首序曲选集第3号：〈Bianca e Falliero〉（吉他与钢琴改编版）
20048	Rossini 十二首序曲选集第4号：〈灰姑娘〉（吉他与钢琴改编版）
20049	Rossini 十二首序曲选集第5号：〈Eduardo e Crostina〉（吉他与钢琴改编版）
2005	La Macarena——隆德尼亚舞曲
20050	Rossini 十二首序曲选集第6号：〈贼鹊〉（吉他与钢琴改编版）
20051	Rossini 十二首序曲选集第7号：〈Ingamo Fortunato〉（吉他与钢琴改编版）
20052	Rossini 十二首序曲选集第8号：〈阿尔及尔的意大利女郎〉（吉他与钢琴改编版）
20053	Rossini 十二首序曲选集第9号：〈奥赛罗〉（吉他与钢琴改编版）
20055	如此多的心跳——歌剧〈坦克雷迪〉卡瓦蒂纳（西班牙吉他改编版）
20056	蒂罗尔的青山（西班牙吉他伴奏改编版）
20057	蒂罗尔的青山（西班牙吉他伴奏改编版）
20064	吉他旋律第19号：我在漂浮，我在漂浮
20066	两首华丽变奏曲：德国主题（吉他，作品11）与 Rossini 主题（吉他，作品12）
20068	加洛普舞曲（简易而华丽的吉他改编版）
20069	华丽变奏曲与六首小消遣曲，作品6
2007	马赛曲
20070	Rossini 原创主题协奏性变奏曲（吉他与钢琴）
20071	意大利的乐趣——吉他与钢琴歌剧旋律选集第16号：〈Ch io perdessi la mia pace〉
20072	流浪者——吉他原创与改编精选第12号（原题选编者 Leonard Schulz）
20077	Labitsky 的〈曙光〉圆舞曲——〈吉他珍品〉作品33第24号（E大调调弦）
20078	吉他和弦转调练习，作品15
20080	十二首民族旋律引子与吉他变奏第6号：Weber〈我的心，停止悲伤的绝望〉，作品26
20082	Strauss 的第一〈佩斯的回忆〉圆舞曲——〈吉他珍品〉作品33第15号（E大调调弦）
20083	Strauss 的〈人生是一场舞蹈〉——〈吉他珍品〉作品33第22号（E大调调弦）
20084	Strauss 的〈Elizabethan〉圆舞曲——〈吉他珍品〉作品20第10号（E大调调弦）
20085	Strauss 的〈Philomelen／莱茵河〉圆舞曲——〈吉他珍品〉作品20第7号（E大调调弦）
20086	Strauss 的〈Rosa〉圆舞曲——〈吉他珍品〉作品20第6号（E大调调弦）
20087	瑞士旋律主题变奏曲（西班牙吉他），作品9
20089	这是我珍爱的乐趣——小夜曲（西班牙吉他伴奏）
2009	美丽的智利姑娘
2010	天蓝色——Zieherer 的波尔卡
20102	愉快的消遣——旋律与圆舞曲期刊选集第1号（长笛与西班牙吉他改编版）
20103	愉快的消遣——旋律与圆舞曲期刊选集第2号（长笛与西班牙吉他改编版）
20104	Moore 民族旋律精选（西班牙吉他改编版）
2011	捉迷藏
20111	六首小歌第五集（西班牙吉他伴奏）
20112	Sola 的和谐珍品（吉他与钢琴）
20113	Sola 英国旋律第二十集第3号（西班牙吉他伴奏改编版）
20114	教我遗忘——叙事歌（西班牙吉他伴奏改编版）
20115	教我遗忘——叙事歌（西班牙吉他伴奏改编版）
2012	爱开玩笑的姑娘
20127	吉他旋律变奏曲（选自吉他音乐乐刊）
20128	西班牙福利亚主题十六段吉他变奏曲
20129	一切安好（西班牙吉他伴奏改编版）
2013	女巫——哈巴涅拉歌曲（附歌词与吉他伴奏）
20132	蒂罗尔与匈牙利旋律及三段变奏（吉他泛音改编版）
20133	蒂罗尔与匈牙利旋律及三段变奏（吉他泛音改编版）
20137	小步舞曲：行板——小快板（选自吉他音乐乐刊）
20138	六首圆舞曲（两把吉他）
20140	Spohr 歌剧〈浮士德〉中的波兰舞曲（吉他改编版，附可选第二吉他伴奏）
20141	歌剧〈维斯塔贞女〉序曲（钢琴、长笛与吉他改编版）
20142	往昔的吉普赛漂泊岁月——歌曲（西班牙吉他改编版）
20145	〈波兰没有灭亡〉民族旋律主题引子与华丽变奏曲（吉他独奏）
2015	美丽的姑娘——哈巴涅拉歌曲（附歌词与吉他伴奏）
20150	玫瑰如此娇美——〈意大利里拉琴〉第2号中的四首小歌选曲（西班牙吉他改编版）
20151	每一阵吹拂的微风——〈意大利里拉琴〉第2号中的四首小歌选曲（西班牙吉他改编版）
20152	在清澈小溪旁——歌剧〈La Villanella Feudataria〉浪漫曲（吉他伴奏；原题 Lipido 拼写保留）
20157	〈Evero che in casa〉——十二首意大利小咏叹调第7号（一或二声部，西班牙吉他伴奏）
20158	〈Io che un sogno é la speranza〉——吉他小歌
2016	夜晚——行板与波兰舞曲
20160	月光下与我相会——叙事歌（西班牙吉他伴奏改编版）
20162	晚祷钟声——叙事歌（西班牙吉他伴奏改编版）
20163	歌剧〈自由射手〉旋律精选（西班牙吉他改编版）
20164	C. M. von Weber 的最后圆舞曲（钢琴与吉他协奏性二重奏改编版；保留来源署名）
20167	Weber 歌剧〈自由射手〉（吉他无词改编版）
20168	Weber 歌剧〈自由射手〉（Anton Diabelli 改编为两把吉他），第二部分
20169	Weber 歌剧〈自由射手〉（Anton Diabelli 改编为两把吉他），第一部分
2017	俏皮姑娘——吉他哈巴涅拉第1号〈敏感的姑娘〉
20170	〈自由射手〉圆舞曲（长笛与吉他改编版，吉他分谱）
20173	很久以前——吉他变奏改编版
20174	歌剧与芭蕾旋律精选第9册（简易吉他与钢琴改编版）
20175	六首歌剧与芭蕾旋律集锦第1册：第1集锦（吉他与钢琴）
20176	六首歌剧与芭蕾旋律集锦第4册：Mozart〈唐·璜〉主题第4集锦（吉他与钢琴）
20177	三首英国浪漫曲主题嬉游曲（吉他独奏），作品8
20178	〈威尼斯狂欢节〉主题变奏幻想曲（吉他独奏），作品5
20179	〈Wan I in der fruh auf steh〉旋律主题变奏幻想曲（吉他独奏），作品1
20180	Carafa 的〈哦，亲爱的回忆〉主题变奏幻想曲（吉他独奏），作品10
20181	〈Robin de Bois〉猎人合唱主题华丽变奏曲（吉他独奏），作品46
2020	村民——简易吉他圆舞曲组
2021	拉曼恰风格舞曲
2022	塞维利亚 Mollares 舞曲
2023	完整渐进吉他教程
2024	吉他伴奏简明视唱教程（面向吉他学习与教学）
2025	献给青少年的吉他教程——新基本原理
2026	献给青少年的吉他教程——新基本原理
2027	我的小姑娘——Caballero 的哈巴涅拉歌曲
2028	我的小姑娘——Caballero 的哈巴涅拉歌曲
2029	带节拍数字指法谱的吉他新教程
2030	Garrido 医生的灵丹妙药
2031	面包师舞曲
2032	鲁滨逊·克鲁索（原题标记5）
2033	鲁滨逊·克鲁索
2034	Robinson 第3号：我是英俊的年轻人（三幕萨苏埃拉中的 Robinson 之歌）
2035	新隆德尼亚舞曲
2036	〈庄严的庆典〉主题吉他变奏曲
2037	吉普赛塞吉迪亚舞曲
2039	〈圣女贞德〉序曲
2040	〈诺尔玛〉序曲
2041	西班牙特色歌剧〈两个费加罗〉序曲
2042	歌剧〈La prova de un opera seria／Campanone〉序曲
2043	西班牙特色歌剧〈黑色多米诺〉序曲
2044	Carnicer〈塞维利亚的理发师〉序曲（吉他改编版）
2045	索莱亚曲
2046	一份回忆——原创吉他圆舞曲
2058	甜点二重奏第13号
2074	民歌〈离别〉主题幻想曲
2075	〈啊，我已厌倦人生〉歌曲主题幻想曲（吉他、小提琴与大提琴三重奏）
2076	加洛普舞曲
2079	Irene 加洛普舞曲（两把吉他二重奏）
2080	Hammerer 遗稿中的兰德勒舞曲（二重奏）
2081	告别——小广板
2082	民歌〈当两位好友相伴〉主题最后幻想曲
2083	我的最后行板
2090	不忠
2091	图林根森林民歌
2092	摇篮曲（原题 Weigenlied 拼写保留）
2095	我独自走在路上——俄罗斯歌曲
2096	浪漫幻想曲
2101	沙龙小品
2105	S. Degen 未刊原创手稿抄本
2106	1876年12月4日庆典进行曲
2107	大提琴与吉他二重奏作品
2108	三首三重奏小品（曼陀林、长笛或小提琴与吉他），作品15
2109	威尼斯旋律主题变奏曲（吉他独奏）
2112	〈Apollo〉与〈女士的梳妆台〉第1—4、9号
2113	〈Apollo〉与〈女士的梳妆台〉第3—4号
2114	Weber〈自由射手〉第一部分（两把吉他二重奏）
2115	Weber〈自由射手〉第二部分（两把吉他二重奏）
2116	极简易小品集，第三部分（钢琴与吉他）
2117	极简易小品集，第四部分（钢琴与吉他）
2118	极简易小品集，第二部分（钢琴与吉他）
2119	吉普赛姑娘（古典吉他二重奏）
21202	晨歌（S. García 吉他改编版）
21203	阿拉贡——幻想曲（S. García 吉他改编版）
21204	船歌（S. García 吉他改编版）
21205	西班牙之歌——东方（S. García 吉他改编版）
21206	西班牙之歌——塞吉迪亚舞曲（S. García 吉他改编版）
21207	无云的天空——船歌第3号（S. García 吉他改编版）
21208	科尔多瓦——西班牙之歌第4号（S. García 吉他改编版）
21209	加的斯（S. Severino Garcia Fortea 吉他改编版）
21210	在阿尔罕布拉宫——摩尔风格随想曲（S. García 吉他改编版）
21211	在海滩上——回忆（S. García 吉他改编版）
21212	加沃特舞曲（S. García 吉他改编版）
21213	格拉纳达——小夜曲（Severino Garcia Fortea 吉他改编版）
21214	传说——西班牙前奏曲（Andrés Segovia 吉他改编版）
21215	马略卡——船歌（S. García 吉他改编版）
21216	献给 Sylvia 的小步舞曲（S. García 吉他改编版）
21217	帕凡随想曲（S. García 吉他改编版）
21218	祈祷（S. García 吉他改编版）
21219	波兰舞曲（S. García 吉他改编版）
21220	陆地之门——波莱罗舞曲（S. García 吉他改编版）
21221	小海湾的低语——索莱亚与马拉加风格曲（S. García 吉他改编版）
21222	阿拉伯小夜曲（S. García 吉他改编版）
21223	塞维利亚——塞维利亚舞曲（吉他独奏改编版）
21224	棕榈树下——西班牙舞曲（S. García 吉他改编版）
21225	断奏——随想曲（S. García 吉他改编版）
21226	格拉纳达桑布拉舞曲（Severino García Fortea 吉他改编版）
21229	咯咯声二重奏
21230	波希米亚姑娘——我梦见自己住在大理石宫殿里
21231	向外看吧，我最美的姑娘
21232	Ballard 吉他教程
21233	大协奏性变奏曲（长笛与吉他）
21235	异乡的青年
21236	暴风雨的愤怒中——卡瓦蒂纳
21238	〈浮士德的天谴〉仙女圆舞曲
21239	〈阿莱城姑娘〉中的国王进行曲（吉他改编版）
2124	歌剧〈坦克雷迪〉卡瓦蒂纳主题大变奏曲，作品104
21240	波兰旋律〈我不会忘记你〉主题引子与变奏（吉他独奏）
21241	蒂罗尔原创主题引子、变奏与波兰舞曲
21244	小步舞曲
21245	〈巴格达的哈里发〉序曲
21247	修道院钟声
21246	梅菲斯特（Mefistofele）
21248	旋律的思绪——幻想曲
21249	圣露琪亚——船歌
2125	四首简易悦耳的小回旋曲（钢琴与吉他），作品140
21250	狩猎——Méhul〈青年亨利〉序曲，作品9
21251	〈瑞士家庭〉主题简易变奏曲
21252	极简易二重奏（两把吉他），作品20
21257	Rossini 歌剧〈摩西〉芭蕾旋律第1号，作品28
21258	Rossini 歌剧〈摩西〉芭蕾旋律第2号，作品28
2126	主题变奏曲（两把吉他二重奏），作品57
21262	三首小奏鸣曲（吉他或里拉琴），作品7
21263	三首二重奏（两把吉他）
21268	二十五首风格练习曲
21269	行板——夜间遐想——圆舞曲第5号（选自十二首〈秋叶〉圆舞曲，作品41）
21271	卡楚恰——西班牙旋律随想曲，作品13
21272	吉他演奏者的金册，作品52
21273	Delfzil——谐谑曲，作品19
21274	钟声，作品21
21276	须德海——叙事曲，作品20
21277	〈诺尔玛〉主题幻想曲，作品16
21278	秋叶——十二首圆舞曲，作品41
21280	Ferdinand Sor 的独奏小品
21281	比武——骑士幻想曲，作品15
21282	Ornans 山谷，作品17
21283	山民，作品17b
21284	Auteuil 的夜晚——小夜曲，作品23
21286	Meulan，作品22
21288	消遣——十四首小品，作品51
21289	六弦或七弦吉他的练习曲与嬉游曲
21290	二十五首吉他风格练习曲，作品38
21291	练习曲、前奏曲与独奏小品
21292	Verdi〈茶花女〉主题吉他幻想曲
21293	我的小姑娘——Caballero 的哈巴涅拉（吉他改编版）
21294	芭蕾〈Sylvia〉中的拨奏曲
21296	我的心与鲁特琴（原题 Thos. Moore 作词、Henry Bishop 作曲）
21297	〈如此多的心跳〉主题长笛变奏曲（钢琴或吉他伴奏），作品124
21301	灯笼光下的婚礼（吉他；原题音乐署名 J. Offenbach）
21302	浮士德（吉他；原题音乐署名 Ch. Gounod），作品62
21303	地狱中的奥菲斯（吉他；原题音乐署名 J. Offenbach）
21304	浮士德——Gounod，作品62
21305	奇幻悲歌（吉他），作品43
21307	乐曲精选
21308	〈眼科医生〉中〈希望照耀着我〉卡瓦蒂纳主题七段变奏（吉他独奏）
21309	Alice，你在哪里——浪漫曲变奏
21310	Alice，你在哪里——浪漫曲变奏
21311	〈Annie Laurie〉与〈游吟诗人少年〉（原题后者重复）
21312	〈Annie Laurie〉大幻想曲（吉他独奏）
21313	翻滚的波浪——船歌（吉他独奏）
21314	〈请相信我，纵使那些动人的青春风采〉吉他独奏变奏版（William Foden 改编）
21316	钻石木屐舞曲
21319	修道院钟声（H. Bollman 原题署名，Wm. Foden 改编）
21321	亲爱的，别忘了给我写信（吉他独奏；原题署名 J.S. Cox）
21322	迷醉——波莱罗舞曲
21323	迷醉
21324	希望——墨西哥舞曲（吉他独奏）
21325	希望——墨西哥舞曲（吉他独奏）
21327	花之歌（吉他；原题署名 G. Lange，Wm. Foden 改编）
21328	美国歌曲主题大幻想曲（吉他独奏）
21329	魔法师——大圆舞随想曲（吉他独奏）
21330	魔法师——大圆舞随想曲（吉他独奏）
21332	甜蜜的家——吉他独奏变奏版（Wm. Foden 改编，J.H. Payne 作诗）
21333	甜蜜的家——吉他独奏变奏版
21336	芭蕾舞女——圆舞曲（独奏或二重奏）
21338	梦——引子、主题与变奏（吉他独奏）
21339	梦——引子、主题与变奏（吉他独奏）
2134	奥菲斯（两把吉他二重奏）
21340	听那模仿鸟——吉他独奏变奏版
21341	〈Maritana〉大选曲（吉他独奏；Vincent Wallace 原题署名，Wm Foden 改编）
21342	主人长眠在冰冷的地下——吉他独奏变奏版（S.C. Foster 原题署名，William Foden 改编）
21343	小步舞曲（吉他独奏；L. Boccherini 原题署名，Wm. Foden 改编）
21344	F调小步舞曲——第一首（吉他独奏）
21345	我的肯塔基老家——吉他独奏变奏版（S.C. Foster 原题署名，William Foden 改编）
21346	老黑人 Joe——幻想曲（吉他独奏；S.C. Foster 原题署名，Wm. Foden 改编）
21347	我们美丽的小船——贡多拉船歌（吉他）
21348	我们美丽的小船——贡多拉船歌（吉他）
21349	芭蕾〈Sylvia〉拨奏曲（吉他独奏；Léo Délibes 原题署名，Wm. Foden 改编）
21356	Donizetti 歌剧〈拉美莫尔的露琪亚〉中的六重唱（William Fōden 吉他改编版）
21357	春之歌（吉他独奏；Mendelssohn 原题署名，Wm. Foden 改编）
21358	Moszkowski 钢琴小品作品15中的小夜曲（Wm. Foden 吉他独奏改编版）
21361	夏日最后的玫瑰——吉他独奏变奏版
21362	瓦伦西亚景象——描绘乡村节庆的音诗
21363	一首可爱的维也纳之歌（原题方言拼写）
21364	小夜曲（长笛与吉他），作品40
21365	Garat 浪漫曲主题变奏（长笛与吉他），作品58
21366	Bellini 曲选——大师歌剧选曲，作品4（原题重复）
21368	十二首兰德勒舞曲作品23与十二首蒙费里纳舞曲作品12
21369	十二首圆舞曲作品21、十二首兰德勒舞曲作品23与十二首蒙费里纳舞曲作品12（吉他）
21370	十二首圆舞曲，作品57（Erwin Schwarz-Reiflingen 重新整理出版）
21372	两首吉他协奏性小品：小回旋曲作品4与大序曲作品61
21373	三首吉他小奏鸣曲，作品71
2138	奏鸣曲（三把吉他；H. Jessen 于1889年按 Diabelli 钢琴四手联弹奏鸣曲改编）
21384	Giuliani 曲集——多种抒情构想，第1、2、3—8号，作品148
21385	第三吉他回旋曲，作品17
21388	八段变奏曲（吉他独奏），作品VI
21389	蝴蝶——三十二首简易渐进小品（初学者用）
2139	为 Michael Haydn 逝世而作的葬礼进行曲
21390	吉他二重奏作品15中的波兰舞曲
21391	琶音第一部分——右手练习
21394	六首苏格兰民族旋律变奏曲（吉他或里拉琴）
21396	民族歌曲〈我是 Kohlbauern 的男孩〉主题六段变奏曲（吉他），作品49
21397	原创主题六段变奏曲（吉他），作品20
21399	华丽吉他奏鸣曲，作品15
2140	小夜曲三重奏（吉他、长笛与圆号或中提琴），作品4
21402	D大调小回旋曲（吉他与弦乐），作品4
21404	四首简易小品第4号（原列〈Finnegan 的守灵〉、肖蒂什舞曲与波尔卡）
21406	黑人之舞（原题历史措辞）
21407	玉米脱粒时的欢闹——音乐场景，作品680
21408	一百年前的吉他，作品15（长笛或小提琴与吉他、大提琴与吉他、钢琴与吉他）
21409	Evangeline——女高音或男高音歌曲与合唱
2141	三重奏第1册（吉他、长笛与圆号或中提琴），作品6
21410	第二大集锦小夜曲，作品66（钢琴、小提琴、吉他、单簧管与巴松管，或长笛与大提琴）
21411	哨兵，作品71（歌唱、钢琴、小提琴、吉他或大提琴协奏及可选低音提琴）
21412	集锦曲（古键盘与吉他伴奏）
21413	第一小夜曲
21418	消遣曲（长笛与吉他），作品18第2号
2142	吉他沙龙小品第1—6号
21424	三十六首吉他随想曲，作品20
21425	Rossini〈威廉·退尔〉序曲中的行板与快板（吉他独奏改编版），作品202
21426	吉他随想曲，作品20
21427	Rossini〈湖上女郎〉中的两个主题变奏：卡瓦蒂纳〈啊，多少泪水〉与进行曲（吉他）
21428	歌剧〈磨坊女〉中〈心中不再感到〉二重唱主题吉他大变奏曲，作品16
2143	〈茶花女〉主题圆舞曲组
21431	〈诺尔玛〉主题引子与变奏、如歌的段落及终曲（六弦或八弦吉他），作品201
21434	歌剧〈Zelmira〉中〈命运，请眷顾我〉卡瓦蒂纳主题引子与变奏（吉他）
21436	大里切尔卡雷曲，作品3
21438	谐谑曲——四段吉他独奏变奏（左手仅用一指演奏），作品10
21439	六首吉他小随想曲（作为教程补充），作品250
2144	León Waldteufel 为练习而写的圆舞曲
21444	三首民族舞曲、谐谑曲作品10、幻想曲作品19与诙谐小回旋曲作品204
21449	音乐识读与吉他演奏教程，作品250
21450	Rossini〈Zelmira〉与〈Corradino〉歌剧旋律及原创主题混合变奏曲（吉他），作品26
21451	主题与华丽而不困难的变奏曲，作品29（原题乐器文字残缺）
21454	大吉他独奏幻想曲，作品61
21455	〈诺尔玛〉主题引子与变奏、如歌的段落及终曲（六弦或八弦吉他），作品201
21456	Rossini〈威廉·退尔〉序曲中的行板与快板（吉他独奏改编版），作品202
21460	〈乡村骑士〉间奏曲（Walter Fay Lewis 改编版）
21461	〈乡村骑士〉间奏曲（Arling Shaeffer 改编版）
21463	十二首华丽吉他小步舞曲，作品15
21464	Mayseder 波兰舞曲（Mauro Giuliani 小提琴与吉他改编版）
21465	第二波兰舞曲（Mauro Giuliani 小提琴或长笛与吉他改编版）
21466	慰藉（C. de Janon 吉他改编版）
21467	仲夏夜之梦——婚礼进行曲
2147	Cases 博士的帕凡舞曲
21471	六首 Schubert 歌曲（吉他）
21472	六首兰德勒舞曲（吉他），作品9
21474	Abt〈Agathe〉作品22第1号与 Schubert〈泪水的赞歌〉作品22第2号（吉他）
21475	Agathe（吉他），作品22第1号
21476	Flotow〈Alessandro Stradella〉（吉他）
21477	歌剧回顾第12号：Flotow〈Alessandro Stradella〉（吉他）
21478	Alessandro Stradella，作品51
2148	埃塞克斯伯爵加利亚德舞曲
21482	Donizetti〈安娜·博莱娜〉（吉他）
21483	歌剧回顾第6号：Donizetti〈安娜·博莱娜〉（吉他）
21484	Donizetti〈Belisario〉（吉他）
21485	歌剧回顾第5号：Belisario（吉他）
21486	矢车菊——〈夜紫罗兰〉续篇：原创旋律小品集（吉他），作品5
21487	Proch〈小花〉（吉他），作品34
21488	歌剧回顾第18号：Suppé〈乡村姑娘〉（吉他）
21489	Suppé〈乡村姑娘〉（吉他）
21490	Rossini〈塞维利亚的理发师〉（吉他）
21491	歌剧回顾第23号：Rossini〈塞维利亚的理发师〉（吉他）
21492	Meyerbeer〈北极星〉（吉他）
21493	歌剧回顾第32号：Meyerbeer〈北极星〉（吉他）
21494	Adam〈Lonjumeaux 的驿车夫〉（吉他）
21495	歌剧回顾第13号：Adam〈Lonjumeaux 的驿车夫〉（吉他）
21496	Meyerbeer〈先知〉（吉他），作品21
21497	歌剧回顾第34号：Wagner〈漂泊的荷兰人〉（吉他）
21498	歌剧回顾第34号：Wagner〈漂泊的荷兰人〉（吉他）
21499	Wagner〈漂泊的荷兰人〉（吉他）
21500	歌剧回顾第35号：Offenbach〈灯笼光下的婚礼〉（吉他）
21501	Verdi〈西西里晚祷〉（吉他）
21502	歌剧回顾第31号：Verdi〈西西里晚祷〉（吉他）
21503	Balfe〈吉普赛姑娘〉（吉他），作品17
21504	Balfe〈吉普赛姑娘〉（吉他）
21505	Nicolai〈温莎的风流娘儿们〉（吉他）
21506	歌剧回顾第33号：Nicolai〈温莎的风流娘儿们〉（吉他）
21507	Balfe〈Haimon 的四个孩子〉（吉他）
21508	歌剧回顾第9号：Balfe〈Haimon 的四个孩子〉（吉他）
21509	Boieldieu〈白衣夫人〉（吉他）
2151	第一加利亚德舞曲
21510	歌剧回顾第25号：Boieldieu〈白衣夫人〉（吉他）
21511	Donizetti〈唐·帕斯夸莱〉主题嬉游曲，作品15
21512	奥莱与马德里姑娘——西班牙民族舞曲（吉他），作品89
21515	Donizetti〈爱的甘醇〉（吉他）
21516	歌剧回顾第8号：Donizetti〈爱的甘醇〉（吉他）
21517	Verdi〈Ernani〉（吉他）
21518	歌剧回顾第14号：Verdi〈Ernani〉（吉他）
2152	青蛙加利亚德舞曲
21520	Weber〈Euryanthe〉（吉他）
21521	歌剧〈Belisar〉主题幻想曲，作品30
21522	歌剧〈魔鬼的份额〉主题幻想曲，作品31
21525	Donizetti〈夏穆尼的琳达〉主题幻想曲，作品14
21527	Fingal 的洞穴与祈祷（吉他）
21528	Proch〈钟声〉作品24第1号与 Lindpaintner〈旗帜哨所〉作品24第2号（吉他）
21529	贡多拉船歌与情歌（吉他）
2153	离开我的窗前
21532	歌剧回顾第20号：Auber〈Haydee——秘密〉（吉他）
21533	Auber〈Haydée——秘密〉（吉他）
21535	Bellini 歌剧〈蒙太古与凯普莱特〉主题吉他幻想曲
21536	Bellini〈清教徒〉（吉他）
20058	不再悲伤——歌剧〈灰姑娘〉中的旋律（西班牙吉他改编版）
20029	Auber〈石匠轮舞曲〉主题幻想曲（吉他独奏改编版），作品54
2108	三首三重奏小品（曼陀林、小提琴或长笛、吉他），作品15
19860	Rossini 歌剧〈湖上女郎〉中的两个主题变奏：第1主题为卡瓦蒂纳〈啊，多少泪水〉，第2主题为进行曲（吉他），作品18
20066	两首华丽变奏曲：第1号德国主题（吉他，作品11），第2号 Rossini 主题（吉他，作品12）
21296	我的心与琉特琴
21311	〈Annie Laurie〉与〈游吟诗人少年〉
21340	听那嘲鸫——吉他独奏变奏版
21366	Bellini 曲选——大师歌剧选曲，作品4
21410	第二大集锦小夜曲，作品66（钢琴、小提琴、吉他，另配单簧管与巴松管或长笛与大提琴）
21412	键盘集锦曲（原文 clavecin；吉他伴奏）
