cglib:37648	Tight Trite Night	retained	标题含相近读音的文字游戏，直译会丢失构词。
cglib:37650	那双碧绿的眼睛（Green Eyes）
cglib:37734	渔家少女（Das Fischermdchenthe Fishermaiden）
cglib:37738	Mala Variacia	retained	Mala Variacia的语种与拼写不足以可靠确定完整词义。
cglib:3774	塔兰泰拉舞曲，作品34
cglib:37759	春日躁动：部分A
cglib:37760	The Road Scholar	retained	Road Scholar含road/学者称谓的可能双关，未找到作者释义。
cglib:37762	萨尔塔雷洛舞曲（Simone Molinaro）
cglib:37765	忧郁的Monk
cglib:37766	Straight No Chaser	retained	标题为饮酒用语，含爵士语境双关，保留原名。
cglib:37768	Poro	retained	Poro为孤立专名，无法确认此处所指。
cglib:37769	等得太久
cglib:37770	Airegin	retained	Airegin为特殊拼写专名，保留原构词。
cglib:37771	天使
cglib:37772	白吃白喝的Freddie
cglib:37774	我的事
cglib:37777	龙舌兰酒
cglib:37778	拇指
cglib:37779	趁我们年轻
cglib:37780	Chintas咖啡馆
cglib:37781	弗拉门戈节拍
cglib:37782	Santander乡间姑娘（二重奏：吉他1）
cglib:37783	Santander乡间姑娘（二重奏：吉他2）
cglib:37784	D调波萨诺瓦
cglib:37785	巴西日出
cglib:37786	巴西舞曲
cglib:37788	献给Emiko的舞曲集
cglib:37789	Guitarreando	retained	Guitarreando是吉他相关的特殊构词，保留作者原拼写。
cglib:37790	Misionera	retained	Misionera可指地域或人物称谓，题名没有限定所指。
cglib:37791	纪念亡妻Olga的前奏曲（二重奏：吉他1）
cglib:37792	纪念亡妻Olga的前奏曲（二重奏：吉他2）
cglib:37793	克里奥尔浪漫曲
cglib:37795	断奏舞曲
cglib:37796	Zambeando	retained	题名为Zamba相关构词，未确认作者的具体用意。
cglib:37797	〈爱与荣誉〉中的吉格舞曲
cglib:37798	钟声
cglib:37799	究竟是谁
cglib:37800	天堂电影院
cglib:37801	黄金的狂喜
cglib:37802	再多几美元（二重奏：吉他1）
cglib:37803	再多几美元（二重奏：吉他2）
cglib:37804	向你致意
cglib:37806	我的名字叫无名氏（二重奏：吉他1）
cglib:37807	我的名字叫无名氏（二重奏：吉他2）
cglib:37808	西部往事
cglib:37809	奏出爱意
cglib:37811	小鸡的芭蕾舞
cglib:37812	老城堡（二重奏：吉他低音声部）
cglib:37813	老城堡
cglib:37814	Limoges的集市
cglib:37815	漫步
cglib:37818	一滴泪（三重奏：吉他低音声部）
cglib:37819	一滴泪（三重奏：吉他1）
cglib:37820	一滴泪（三重奏：吉他2）
cglib:37822	与我的孤独相伴
cglib:37823	Gaspard（二重奏：吉他1）
cglib:37824	Gaspard（二重奏：吉他2）
cglib:37825	Margot	retained	原题仅为人名，不另造音译。
cglib:37826	Natalia	retained	原题仅为人名，不另造音译。
cglib:37827	Saint Jacques的Fosss街（二重奏：吉他／小提琴1）
cglib:37828	Saint Jacques的Fosss街（二重奏：吉他1／小提琴）
cglib:37830	音乐的玩笑，K522
cglib:37832	〈魔笛〉选曲
cglib:37833	Mozart的A大调奏鸣曲选曲（二重奏：吉他1）
cglib:37834	Mozart的A大调奏鸣曲选曲（二重奏：吉他2）
cglib:37839	敬礼真圣体
cglib:37840	来吧，来到窗前
cglib:37841	小夜曲：第1乐章
cglib:37842	小夜曲：第2乐章
cglib:37843	小夜曲：第3乐章
cglib:37845	C调小夜曲
cglib:37846	G调小夜曲
cglib:37847	Elvira Madigan协奏曲
cglib:37849	钢琴小品
cglib:37850	悲泣
cglib:37851	赞美上主
cglib:37865	小夜曲（二重奏：吉他1）
cglib:37866	小夜曲（二重奏：吉他2）
cglib:37867	土耳其风格回旋曲
cglib:37880	Lariane庆典
cglib:37884	歌曲或托卡塔
cglib:37885	科蒂永舞曲
cglib:37886	意大利福利亚舞曲
cglib:37888	姨母与侄女（L Tia y la Sobrina）
cglib:37889	La Christian	retained	Christian在原题中的姓名或称谓含义不明。
cglib:37890	新式帕斯皮耶舞曲
cglib:37891	旧式帕斯皮耶舞曲
cglib:37894	肖像
cglib:3790	Chopin夜曲第2号，作品53
cglib:3791	波士顿圆舞曲第4号，作品56
cglib:3800	西班牙吉他音乐教程（指法谱影印本）
cglib:3801	西班牙吉他音乐教程与演奏方法
cglib:3802	西班牙吉他音乐教程：从入门到熟练演奏的方法
cglib:3807	比武与战斗（Emilio Pujol改编）
cglib:3808	作品选集
cglib:3810	小俄罗斯舞曲（七弦吉他）
cglib:3811	小俄罗斯舞曲（七弦吉他）
cglib:3815	海滨幻想曲，作品13（七弦吉他）
cglib:3819	Chopin圆舞曲与Timmermann蒂罗尔圆舞曲，作品5（七弦吉他）
cglib:3820	Rondalla乐队与吉他爱好者的曲集宝库
cglib:3821	K.11 L.352	retained	来源题名只有目录编号，保持原文，不虚增曲种。
cglib:3824	K.149 L.93	retained	来源题名只有目录编号，保持原文，不虚增曲种。
cglib:3829	K.213 L.108	retained	来源题名只有目录编号，保持原文，不虚增曲种。
cglib:3832	K.32 L.423	retained	来源题名只有目录编号，保持原文，不虚增曲种。
cglib:3845	奥地利国歌（Joseph Haydn）
cglib:3846	歌唱
cglib:3847	单页民歌：1.纺纱者；2.小魔鬼
cglib:3848	水与酒：德国民歌与叙事歌选曲
cglib:3852	三首古老的德国民歌
cglib:3853	两首合唱曲：牧人的星期日歌／小教堂
cglib:3855	再见了，小巷
cglib:3856	吉他曲集：吉他伴奏歌曲与吉他乐曲
cglib:3857	小灯：夜之歌
cglib:3858	空中交战
cglib:3859	恋人的兰德勒舞曲
cglib:38611	幻景之外：吉他1
cglib:38612	幻景之外：吉他2
cglib:38615	埃及舞曲（二重奏：吉他1）
cglib:38616	埃及舞曲（二重奏：吉他低音声部）
cglib:3862	音乐瞬间
cglib:38620	飞越Rio（二重奏：吉他1）
cglib:38621	飞越Rio（二重奏：吉他2）
cglib:38622	Fugata	retained	Fugata为作品专名，不仅凭近似赋格术语指定曲种。
cglib:38623	罗马淑女，巴西姐妹（二重奏：吉他1）
cglib:38624	罗马淑女，巴西姐妹（二重奏：吉他2）
cglib:38625	地中海的太阳之舞（二重奏：吉他1）
cglib:38626	地中海的太阳之舞（二重奏：吉他2）
cglib:38627	东方的忧郁
cglib:38628	激情、优雅与火焰（二重奏：吉他1）
cglib:38629	激情、优雅与火焰（二重奏：吉他2）
cglib:3863	黄昏
cglib:38630	撼动心灵（二重奏：吉他1）
cglib:38631	撼动心灵（二重奏：吉他2）
cglib:3865	缤纷的篇页
cglib:38653	南方国度的故事1
cglib:38654	南方国度的故事2
cglib:38655	南方国度的故事3
cglib:38656	南方国度的故事9
cglib:38657	吉卜赛西班牙
cglib:38659	Conde Claros	retained	历史曲调名，Claros的专名所指未确认。
cglib:38660	〈替我看管牛群〉主题变奏
cglib:38664	还有我金色的丝带
cglib:38665	抓到你了，Cavaquinho
cglib:38666	金色的水滴
cglib:38667	Odeon	retained	剧院式专名，保留原名。
cglib:38669	爱情的锁链
cglib:3867	圣尼古拉
cglib:38670	Ach Lieb Mit Lied	retained	古德语开句缺少可靠完整句法，保留原文。
cglib:38671	前一舞曲的另一种改写
cglib:38672	给学生的一首小宫廷舞曲
cglib:38673	Ein Tuger Welscher Tantz	retained	Tuger的古拼写及词义无法可靠确定。
cglib:38674	森林的叶子已落尽
cglib:38675	街头曲
cglib:38676	我悲叹这一天
cglib:38677	炽热的爱情
cglib:38678	高贵的风范
cglib:38679	Wascha Mesa	retained	古曲专名的含义未确定，不按普通词义猜译。
cglib:3868	原创Ober Ländler舞曲，作品1：第1—3辑
cglib:38680	娇美的女子
cglib:38681	Milan主题（主题呈示）
cglib:38682	Milan主题：第2变奏
cglib:38683	Milan主题：第3变奏
cglib:38684	Milan主题：第4变奏
cglib:38685	Milan主题：第5变奏
cglib:38686	Milan主题：第6变奏
cglib:38688	Bachianinha No 1	retained	Bachianinha为Bach衍生的构词题名，保留原名及编号。
cglib:38689	Bachianinha No 2	retained	Bachianinha为Bach衍生的构词题名，保留原名及编号。
cglib:3869	双吉他第3号集锦曲，作品12
cglib:38691	2/4拍沉思
cglib:38692	E小调十四行诗
cglib:38694	拇指与食指练习曲
cglib:38697	Carolans Draught	retained	Draught有饮酒、绘图等不同词义，不能限定题名意象。
cglib:38698	Charles O Connor	retained	原题仅为人名，不另造音译。
cglib:38699	John Irwin上校
cglib:3870	四首Monferine舞曲，作品13（吉他定弦为E大调和弦）
cglib:38700	John Stafford博士
cglib:38701	Fanny Power	retained	原题仅为人名，不另造音译。
cglib:38702	Hugh O Donnel	retained	原题仅为人名，不另造音译。
cglib:38704	Athenry女士
cglib:38705	St John女士
cglib:38706	Morgan Magam	retained	Magam的语种与指称未确认，保留原名。
cglib:38707	Planxty Browne	retained	Planxty为爱尔兰特定曲调称谓，保留完整原名。
cglib:38708	Planxty Madame Maxwell	retained	Planxty为爱尔兰特定曲调称谓，保留完整原名。
cglib:38709	Sheebeg And Sheemor	retained	盖尔语曲名的具体地名与拼写对应未确认。
cglib:38710	骄傲的Thomas Leixlip
cglib:38711	康康舞曲
cglib:38712	Hoffmann的故事
cglib:38714	More（我将把你珍藏在心中）
cglib:38715	啊，命运女神
cglib:38717	恰空舞曲
cglib:38719	小赋格曲
cglib:3872	双吉他精选变奏曲，作品3（主题选自L. van Beethoven大型七重奏）
cglib:38720	随想曲第1号
cglib:38721	随想曲第13号
cglib:38722	随想曲第2号
cglib:38723	A小调随想曲第5号
cglib:3873	双吉他变奏曲，作品4（选自Louis van Beethoven四重奏）
cglib:38734	女巫
cglib:3874	精选行板，作品5（选自Louis van Beethoven四重奏）
cglib:3875	吉他独奏匈牙利舞曲集，作品6
cglib:38774	C小调奏鸣曲第33号
cglib:38780	〈圣母哀悼〉选段：广板
cglib:38781	啊，慈悲的耶稣
cglib:38784	耶路撒冷
cglib:38786	Maradona	retained	原题仅为人名式专名，不另造音译。
cglib:38787	Portenazo	retained	地域性构词的所指与原拼写未确认。
cglib:38788	阿勒曼德舞曲
cglib:3879	引子与变奏曲，作品8
cglib:38792	托卡塔
cglib:38793	去赶集
cglib:38795	短篇Bulerias舞曲
cglib:38796	弯曲（伦巴）
cglib:38797	扇子（Guajiras舞曲）
cglib:38798	小披肩
cglib:38799	观景台（Farruca舞曲）
cglib:3880	六首附尾声的兰德勒舞曲，作品9（吉他，第二把吉他伴奏任选）
cglib:38800	新的一天
cglib:38801	漫步（Alegrias舞曲）
cglib:38802	节庆小棚：塞维利亚舞曲第1首
cglib:38803	节庆小棚：塞维利亚舞曲第2首
cglib:38804	节庆小棚：塞维利亚舞曲第3首
cglib:38805	节庆小棚：塞维利亚舞曲第4首
cglib:38806	洞穴之中
cglib:38807	拉丁传承
cglib:38808	La Lola	retained	原题为人名式专名，不另造音译。
cglib:38809	朝圣之行
cglib:3881	古老的双吉他音乐（Erwin Schwarz-Reiflingen编订）
cglib:38810	帆船
cglib:38811	Medina Azahara	retained	地点专名，保留原名。
cglib:38812	Milonga的伦巴风情
cglib:38813	咸涩
cglib:38814	圣所
cglib:38815	钟声
cglib:38816	足跟叩击（Zapateado舞曲）
cglib:38817	阵风（Malaguena舞曲）
cglib:38818	夏日之光（Guajira舞曲）
cglib:38819	北方的Embolada歌曲
cglib:3882	西班牙吉他音乐：依原稿与初版编订及标注指法（Erwin Schwarz-Reiflingen编订），第I（II）卷
cglib:38820	Brasileirinho	retained	巴西相关称谓的指小构词，所指人物或风格未确定。
cglib:38821	顽皮少年
cglib:38822	娇嗔
cglib:38823	思念的Viola
cglib:38824	钟琴之声
cglib:38826	献给Rebecca的圆舞曲
cglib:38827	Amy的眼泪
cglib:38828	破碎的薄雾
cglib:38829	最后一程
cglib:3883	游吟艺人的梦：无词歌
cglib:38830	Magik	retained	来源使用特殊拼写Magik，不按Magic改写原题。
cglib:38831	七只天鹅
cglib:38832	Silgo Creek	retained	地点名Silgo的来源拼写未确认，不猜补为其他溪流名。
cglib:38833	银色枝条
cglib:38834	爱的颂歌
cglib:38835	Adios Nonninno	retained	Nonninno为来源特殊拼写，不能据相近曲名更换题名。
cglib:3884	吉他与四重奏伴奏变奏曲，作品19
cglib:38840	Bachin的小男孩
cglib:38841	吉他小品五首：第1首，乡野之歌
cglib:38842	吉他小品五首：第2首，浪漫
cglib:38843	吉他小品五首：第3首，重音
cglib:38844	吉他小品五首：第4首，忧伤
cglib:38845	吉他小品五首：第5首，伙伴
cglib:38847	自由探戈
cglib:38848	Lo Que Vendr	retained	来源Vendr缺少词尾，不能未经原谱证据补成Vendrá。
cglib:38849	天使的米隆加
cglib:3885	托纳迪利亚小曲
cglib:38850	天使之死
cglib:38852	探戈组曲01：坚定地（二重奏：吉他1）
cglib:38853	探戈组曲01：坚定地（二重奏：吉他2）
cglib:38858	凯旋
cglib:3886	Fritz出征
cglib:38861	Conde Claros	retained	历史曲调名，Claros的专名所指未确认。
cglib:38862	献给M. E. Murcott的库朗特舞曲
cglib:38863	T. Wagstaff先生的满足（Content of Desier）
cglib:38864	Anne Harcourt夫人的加利亚德舞曲
cglib:38865	帕凡舞曲
cglib:38866	Conde Claros主题
cglib:3887	蒂罗尔主题变奏六首
cglib:38870	小星星
cglib:38873	墨西哥小谐谑曲（Mexican Scerino）
cglib:38874	墨西哥民间歌曲第1首
cglib:38875	墨西哥民间歌曲第2首
cglib:38876	墨西哥民间歌曲第3首
cglib:3888	Rossini歌剧〈La Semiramis〉中的祈祷
cglib:38889	〈Sonata Al Estilo〉：3.萨拉班德舞曲
cglib:3889	Ysabela的肖像
cglib:38890	〈Sonata Al Estilo〉：4.加沃特舞曲
cglib:38891	〈Sonata Al Estilo〉：5.吉格舞曲
cglib:38895	在清澈的泉边
cglib:38899	Nonas的摇篮曲
cglib:3890	吉他嬉游曲六首，作品1（献给Miss Davenport）
cglib:38900	Alcantara	retained	地名式专名，保留原名。
cglib:38906	为爱而死的咏叹调
cglib:38910	Baixo De Pau	retained	Baixo De Pau具有地域用语可能，完整所指未确认。
cglib:38912	Berimbau	retained	巴西乐器原名，缺少自然稳定的中文曲名对应。
cglib:38914	Branca	retained	既可能是人名也可能指白色，原题未限定所指。
cglib:38915	巴西风情
cglib:38917	Cancao Do Amor Asente	retained	Asente的拼写与句义不明，不能猜改为其他词。
cglib:38924	冬之歌
cglib:38928	Chara	retained	原词的具体地域称谓或指称未明确。
cglib:3893	幻想曲第4号，作品12（献给Monsieur Frederic Kalkbrenner）
cglib:38934	一定是爱
cglib:38935	Dindi	retained	题名为特定专名，命名含义未确认。
cglib:38936	Dora	retained	原题仅为人名，不另造音译。
cglib:38937	理所当然
cglib:38939	Espirito Santo	retained	既可指圣灵也可为巴西州名，题名未限定所指。
cglib:3894	吉他嬉游曲第4号，作品13（简易，仔细标注指法）
cglib:38942	Euridice 1967	retained	原题为专名与年份，保持原拼写。
cglib:38943	Euridice 1975	retained	原题为专名与年份，保持原拼写。
cglib:38948	Falei e Clisse	retained	Clisse的拼写与语义未确认，不能据相近词猜改。
cglib:38949	Furinha之子
cglib:3895	吉他大型独奏曲，作品14（献给爱好者）
cglib:38958	引子：恋人双眸之诗
cglib:3896	西班牙福利亚变奏与小步舞曲，作品15（吉他独奏）
cglib:38968	Linda	retained	可能是人名或美丽的形容词，原题未限定所指。
cglib:38975	在Baixa do Sapateiro
cglib:38982	小圆舞曲：部分1
cglib:38983	小圆舞曲：部分2
cglib:38988	动真格
cglib:38997	Veloso的桑巴
cglib:3900	吉他幻想曲第5号，作品16（包含Paisiello〈心中再无感动〉曲调变奏）
cglib:39002	怀念Marcia
cglib:3901	吉他独奏圆舞曲六首，作品17（献给B. Paston）
cglib:39013	Tapiilraiauara	retained	来源采用不明地域词或损坏拼写，未确认完整语义。
cglib:3902	吉他独奏圆舞曲六首，作品18（献给Madame Gravier）
cglib:39020	有Porteño气质的里约人
cglib:39029	无人入睡
cglib:3903	Mozart歌剧〈Il f1auto magico〉精选曲调六首，作品19（吉他改编，献给M. Amedee）
cglib:39030	我亲爱的爸爸
cglib:39031	北京的百姓
cglib:39033	悼念一位探戈艺人的挽歌：1.Confuseta
cglib:39034	悼念一位探戈艺人的挽歌：2.忧郁
cglib:39035	悼念一位探戈艺人的挽歌：3.尾声
cglib:39037	Plata组曲第1号（前奏曲）
cglib:39038	绿色的灵魂
cglib:39039	霍恩派普舞曲（二重奏：吉他1）
cglib:3904	吉他嬉游曲六首，作品2（献给Emanuel Palacio Faxardo）
cglib:39040	霍恩派普舞曲（二重奏：吉他2）
cglib:39044	来吧，水手伙伴们
cglib:39045	Dido的哀歌（吉他分谱）
cglib:39046	Dido的哀歌（Vioce声部分谱）
cglib:39047	最美的岛屿
cglib:39048	霍恩派普舞曲
cglib:39049	牧人多么幸福
cglib:3905	吉他引子与主题变奏，作品20（献给M. A. Meissonnier）
cglib:39051	男人为女人而生
cglib:39056	让音乐暂留
cglib:39057	安宁与我渐成陌路
cglib:39059	玛丽二世女王葬礼安魂曲
cglib:3906	告别：吉他独奏幻想曲第6号，作品21（献给F. Vaccari，S.M.C.室内乐第一小提琴）
cglib:39060	里戈东舞曲（Henry Purcell）
cglib:39061	里戈东舞曲
cglib:39063	歌曲曲调
cglib:39065	Sylvia，别再轻蔑
cglib:39066	感谢这些幽静的山谷
cglib:39068	小号曲调2
cglib:39069	小号曲调
cglib:39070	小号即兴曲
cglib:39071	谁能抵御如此强大的魅力
cglib:39072	女巫：但在行动之前
cglib:3915	吉他主题变奏与小步舞曲，作品3（献给爱好者）
cglib:3927	双吉他改编圆舞曲六首，作品39
cglib:3928	吉他幻想曲第2号，作品4（献给Miss Cornewalle）
cglib:3937	渐进小品六首，作品47
cglib:3940	极简易吉他小品六首，作品5（依常用方法编写，F.S.献给其妻）
cglib:3948	柏林晚会的回忆，作品56
cglib:3952	吉他练习曲十二首，作品6（献给学生）
cglib:3953	吉他练习入门，作品60
cglib:3957	吉他幻想曲，作品7（献给Ignace Pleyel）
cglib:3958	吉他嬉游曲六首，作品8（献给Miss Smith）
cglib:3959	Mozart主题引子与变奏，作品9（其兄献给Ch. Sor）
cglib:3960	Nueva jota aragonesa a la gatatumba	retained	Gatatumba既有古舞语境也有佯作恭敬义，无法确定此处用意。
cglib:3961	星期日晚上她将来（C. Ploug作词）
cglib:3962	爱之情怀：不同作者谱曲的独唱小歌集（附低音部与Alfabeto字母和弦谱，三首西西里曲调与两首维拉内拉歌曲）
cglib:39629	再度独处
cglib:39630	Clair	retained	原题为人名式专名，不另造音译。
cglib:39634	Santa Cruz	retained	地名与宗教称谓同形，原题未限定所指。
cglib:39638	波希米亚咏叹调：I.咏叹调
cglib:39639	波希米亚咏叹调：IV.布列舞曲与终曲
cglib:3964	回旋曲第1号，作品12
cglib:39640	号角齐鸣
cglib:39642	Hora	retained	Hora在相关语言可指山、时刻或舞种，原题未限定。
cglib:39643	南波希米亚风情
cglib:39645	小圆舞曲
cglib:39646	Matenik	retained	未确定Matenik的历史曲调含义，保留原名，不套普通词义。
cglib:39647	摩尔舞曲
cglib:39648	柔情
cglib:39649	旋转木马上
cglib:3965	阿尔卑斯兰德勒舞曲六首，作品14
cglib:39650	心境
cglib:39651	不安
cglib:39652	温柔
cglib:39653	回声
cglib:39654	小歌曲
cglib:39655	秋日回忆
cglib:39656	吟唱小调
cglib:39657	童谣
cglib:39658	对话
cglib:39659	奇想
cglib:39661	Slovacka	retained	地域性形容题名，不能误归为斯洛伐克国家名。
cglib:39663	古风
cglib:39664	Suite Etudia Smiech Tomcia Palucha	retained	混合语种的套曲与童话题名关系未可靠核定。
cglib:39665	文艺复兴的诱惑
cglib:39667	游吟诗人的情调
cglib:39668	夏日午后
cglib:39669	圆舞曲节拍中
cglib:39670	两人相伴
cglib:39671	Znelka	retained	可指十四行诗或短旋律，来源未确定题名语境。
cglib:39672	Chassons De Nos Plaisirs Duo Guitar 1	retained	原题为缺少宾语的歌词引句，不能虚构完整驱逐对象。
cglib:39673	Chassons De Nos Plaisirs Duo Guitar 2	retained	原题为缺少宾语的歌词引句，不能虚构完整驱逐对象。
cglib:39675	田园舞曲（二重奏：吉他1）
cglib:39676	田园舞曲（二重奏：吉他2）
cglib:39677	欢乐者（羽管键琴小品）
cglib:39678	冷漠者（新羽管键琴小品组曲）
cglib:39679	小步舞曲（第一册）
cglib:3968	Monferine舞曲七首，作品18
cglib:39682	野蛮人（二重奏：吉他1）
cglib:39683	野蛮人（二重奏：吉他2）
cglib:39685	音乐消遣
cglib:39687	There Were Three Razens	retained	Razens的来源拼写未确认，不猜补为其他鸟名。
cglib:39688	轻率的爱
cglib:3969	阿勒曼德舞曲七首，作品5
cglib:39690	片刻即兴
cglib:39691	黎明
cglib:39692	Pretty Mary Sunlite	retained	Sunlite的特殊拼写与Mary的题名关系未确认。
cglib:39693	昂首阔步
cglib:39694	摇摆69
cglib:39697	逝去，却未遗忘
cglib:39698	女士之夜
cglib:39699	美人鱼的眼睛
cglib:3970	Pesth回忆，作品50
cglib:39700	Hodeet组曲
cglib:39701	部落
cglib:39702	你听见我听见的吗（二重奏：吉他1）
cglib:39703	你听见我听见的吗（二重奏：吉他2）
cglib:39707	Anouman（二重奏：吉他1）
cglib:39708	Anouman（二重奏：吉他2）
cglib:39713	Daphne（二重奏：吉他1）
cglib:39714	Daphne（二重奏：吉他2）
cglib:39715	Dinah：吉他1
cglib:39716	Dinah：吉他2
cglib:39725	Marie：吉他1
cglib:39726	Marie：吉他2
cglib:39728	St Germain des Pres的夜晚：吉他1
cglib:39729	St Germain des Pres的夜晚：吉他2
cglib:3973	民族圆舞曲十二首（兰德勒舞曲），作品8
cglib:39730	De Brouckere广场：吉他1
cglib:39731	De Brouckere广场：吉他2
cglib:39734	摇摆42：吉他1
cglib:39735	摇摆42：吉他2
cglib:39743	Bingo	retained	Bingo既可指游戏也可为专名，题名未限定所指。
cglib:39744	顽皮少年
cglib:39745	Caboclinho	retained	巴西文化称谓的指小构词，具体人物或舞蹈所指未确定。
cglib:39746	Calanguinho	retained	巴西地域文化称谓的指小构词，完整所指未确定。
cglib:39747	夜间肖罗曲
cglib:39748	Bahia女子的谈话
cglib:39749	Divigando	retained	来源拼写Divigando未核实，不能据相近曲名改词。
cglib:3975	Rákoczy进行曲
cglib:39750	两种命运
cglib:39751	万事通博士
cglib:39753	Aguape之花
cglib:39755	水手进行曲
cglib:39756	我们的柔情
cglib:39759	Sinhazina	retained	特定人物称谓的拼写与原意未确认。
cglib:3976	吉他独奏大型变奏六首（附引子与终曲，Steinfels与Horetzky）
cglib:39762	Bahia女子的心上人
cglib:39766	Arc Et Senans	retained	地点专名，保留原拼写。
cglib:39769	自行车小调
cglib:3977	Elisabeth	retained	原题仅为人名，不另造音译。
cglib:39770	黑色气球
cglib:39771	Blanse De Bourgogne	retained	Blanse的古舞名拼写未核定，不猜补题名。
cglib:39772	Blansle Gay	retained	Blansle的古舞名拼写未核定，不猜补题名。
cglib:39774	Bunyan的赞美诗
cglib:39775	糖果人
cglib:39776	止不住哭泣
cglib:39778	Chapel Hill	retained	地名式题名，不按字面猜作小教堂山。
cglib:39779	Clarsach	retained	盖尔语竖琴专名，保留原名，不造生硬音译。
cglib:3978	前奏曲
cglib:39780	Debbie Anne	retained	原题仅为人名，不另造音译。
cglib:39782	浮石
cglib:39784	绿柳
cglib:39786	如果你不能
cglib:39787	约瑟与玛利亚
cglib:39788	Judy	retained	原题仅为人名，不另造音译。
cglib:39789	就像我一样
cglib:3979	吉他变奏曲，作品8（主题〈遗忘是美好的〉，选自魔幻剧〈百万富翁农夫〉）
cglib:39790	La Rotta	retained	中世纪曲调名的历史所指未确认，不套现代路线义。
cglib:39791	女士去教堂
cglib:39792	Ladye Nothynges	retained	古拼写与专名所指不明，保留原题。
cglib:39793	Lindsay	retained	原题仅为人名，不另造音译。
cglib:39794	Franklin勋爵
cglib:39795	Luckett的星期日
cglib:39796	Luke的小小夏日
cglib:39797	水上午夜
cglib:39798	Morgana	retained	原题仅为专名，不另造音译。
cglib:39801	Newgate霍恩派普舞曲
cglib:39802	啊，死亡
cglib:39803	Palermo演出
cglib:39805	雨天
cglib:39807	从Sandwood前往Kyle
cglib:39809	Sheebeg And Sheemor	retained	盖尔语曲名的具体地名与拼写对应未确认。
cglib:3981	精选圆舞曲十六首（Coste改编）
cglib:39810	困倦的John
cglib:39811	Snap A Little Owl（二重奏：吉他1）
cglib:39812	Snap A Little Owl（二重奏：吉他2）
cglib:39814	红薯
cglib:39817	Owen Roe Oneill的哀歌
cglib:39818	薄雾笼罩
cglib:3982	Allexandra圆舞曲
cglib:39824	The Tarbolton	retained	地名式曲调专名，保留来源拼写。
cglib:39827	Tic Tocative（二重奏：吉他1）
cglib:39828	Tic Tocative（二重奏：吉他2）
cglib:39829	前往Glastonbury
cglib:39832	流浪汉与小贩
cglib:39833	输血
cglib:39834	Trotto	retained	历史器乐曲调名，未确定其具体中文用法。
cglib:39835	西风：吉他1
cglib:39836	西风：吉他2
cglib:39838	Willy Owinsbury	retained	民谣人物专名，保留来源完整拼写。
cglib:39839	冬天已过去
cglib:39840	溪流
cglib:39841	Dee	retained	原题为孤立人名式专名，不另造音译。
cglib:39843	Almoradi	retained	地名式专名，保留原名。
cglib:39844	Ricardo的Buleria舞曲
cglib:39845	双生子
cglib:39846	Zambra舞曲
cglib:39847	Salt Creek：吉他1
cglib:39848	Salt Creek：吉他2
cglib:39849	野蜂飞舞
cglib:3985	维也纳情怀圆舞曲，作品116
cglib:39850	太阳颂：吉他1
cglib:39851	太阳颂：吉他2
cglib:39852	旋舞者：I.前奏曲
cglib:39854	Robin曲调
cglib:39855	Robin走进绿林
cglib:39856	Robinson的五月
cglib:39857	迷醉：吉他1
cglib:39858	迷醉：吉他2
cglib:39861	天花板上起舞：吉他1
cglib:39862	天花板上起舞：吉他2
cglib:39863	爱上爱情：吉他1
cglib:39864	爱上爱情：吉他2
cglib:39865	你好，年轻的恋人们：吉他1
cglib:39866	你好，年轻的恋人们：吉他2
cglib:39867	我可以写本书：吉他1
cglib:39868	我可以写本书：吉他2
cglib:39875	Mimi	retained	原题为人名式专名；不同来源署名保留，不据近似曲目改身份。
cglib:39884	有一家小旅馆：吉他1
cglib:39885	有一家小旅馆：吉他2
cglib:39886	Buster Voodoo：吉他1
cglib:39887	Buster Voodoo：吉他2
cglib:39888	Buster Voodoo：吉他3
cglib:39889	红魔：吉他1
cglib:39890	红魔：吉他2
cglib:39891	George街：吉他1
cglib:39892	George街：吉他2
cglib:39893	George街：吉他3
cglib:39894	Hanuman（架子鼓分谱）
