# Complete semantic titles and complete quoted-title labels, read in this DGA partition.
Farewell to the piano: last composition	告别钢琴：最后的作品
Mel Bay presents guitar studies grade 1	Mel Bay 吉他练习曲，第1级
The new Mel Bay classic guitar method	Mel Bay 新编古典吉他教程
Folio of guitar solos and duets: vol. 2	吉他独奏与二重奏曲集，第2卷
Look forth my fairest: serenade from the grand opera of Catharine Grey	向外望吧，我的美人：歌剧〈Catharine Grey〉中的小夜曲
I dreamt that I dwelt in marble halls: the Gypsy girl's dream in the opera The Bohemian Girl	我梦见自己住在大理石厅堂：歌剧〈波希米亚女郎〉中吉普赛姑娘的梦
Jesu, joy of man's desiring: chorale from Cantata 147	耶稣，人们渴望的喜乐：第147号康塔塔中的众赞歌
Jesu, joy of man's desiring: from Cantata 147	耶稣，人们渴望的喜乐：选自第147号康塔塔
Jesu, joy of man's desiring: two guitars	耶稣，人们渴望的喜乐（双吉他）
Four Bach works: for alto recorder and guitar	四首 Bach 作品（为中音竖笛与吉他而作）
Selected dances from the solo cello suites of J.S. Bach	J.S. Bach 大提琴独奏组曲舞曲选
Ausgewählte Stücke für Gitarre = Selected pieces for guitar	吉他乐曲选
Bach for the guitar: nine pieces	Bach 吉他乐曲九首
A media noche	午夜
Dos palabras	两句话
Improvisando	即兴
Pasatiempo	消遣
Amor flamengo: concert guitar solo	弗拉门戈之爱：音乐会吉他独奏曲
Cordoba	科尔多瓦
Two guitars: Gypsy song, guitar solo	两把吉他：吉普赛歌曲（吉他独奏）
Castilla: seguidillas, nueva version para guitar	卡斯蒂利亚：塞吉迪亚舞曲（吉他新编版本）
CAN I FORGET TO LOVE THEE MARY! Ballad	我能忘记对你的爱吗，Mary：叙事歌
LONG I FOR THEE ! BALLAD	我思念着你：叙事歌
The Ghost of Crazy Jane	疯癫 Jane 的幽灵
My sister dear. From the Opera of Masaniello	亲爱的妹妹：选自歌剧〈Masaniello〉
Come, oh! come with me, the moon is beaming, Serenade	来吧，啊，随我来，月光正明亮：小夜曲
Gaily the Troubadour touch'd his Guitar	游吟诗人欢快地拨动吉他
LES ROSSIGNOLS	夜莺
AH CANST THOU LEAVE ME!	啊，你能离开我吗
AH DEAREST ONCE MORE RETURNING FROM Norma	啊，亲爱的再次归来：选自〈诺尔玛〉
MY NORMANDY. Ma Normandie	我的诺曼底
In Happier Hours	在更快乐的时光
TEACH O TEACH ME TO FORGET	教我，啊，教我遗忘
JE VEUX REVOIR MA PATRIE	我想再见故乡
YOUNG LOVE	年轻的爱情
MY NATIVE HOME	我的故乡
THE BOHEMIAN HUNTER'S RETURN	波希米亚猎人的归来
LE PRINTEMPS	春天
THE WIDOW OF NAIN	Nain 的寡妇
SHE WORE A WREATH OF ROSES	她戴着玫瑰花冠
DAYLIGHT IS ON THE SEA	日光照耀海面
ANGEL'S WHISPER	天使的低语
THERE IS NO HOME LIKE MY OWN	没有哪个家能比得上我的家
ALBUM DE F. MASINI	F. Masini 曲集
LA REINE DES FLEURS	花中女王
COQUETTERIE	娇媚
LA REINE DES FLEURS. COQUETTERIE	花中女王：娇媚
RAPHAEL	Raphael
I HEAR THEM SPEAK OF MY FATHER LAND	我听见他们谈论我的故乡
ON THE BANKS OF THE BLUE MOSELLE	在蔚蓝的摩泽尔河畔
T'WERE VAIN TO TELL THEE ALL I FEEL	向你倾诉全部感受也是徒然
The Alpine March	阿尔卑斯进行曲
LE COMBAT	战斗
GRANDE MÉTHODE Complette pour Guitare	大型完整吉他教程
GRANDE MÉTHODE Complette pour La Guitare	大型完整吉他教程
Come play that simple air again a ballad	再奏一次那简单的曲调：叙事歌
OH! TAKE ME BACK TO SWITZERLAND	啊，带我回瑞士
LA VEILLE DES VACANCES	假期前夕
Learning The Guitar simplified	简易吉他入门
HAPPY LAND	幸福之地
LA RÉSOLUTION INUTILE	徒然的决心
THE OLD ARM CHAIR	旧扶手椅
The Watchman	守夜人
THE WINGS OF A DOVE	鸽子的翅膀
THE GREENWOOD TREE	绿树
LOVE'S RITORNELLA	爱情的回旋歌
MARY GRAY	Mary Gray
TWELVE WALTZ'S. for the SPANISH GUITAR	十二首西班牙吉他圆舞曲
The much admired Air, of Home sweet home	广受喜爱的〈家，甜蜜的家〉曲调
ISLE OF BEAUTY FARE THEE WELL	美丽的岛屿，与你告别
SHE IS SLEEPING	她正在安睡
LE SOUVENIR DES MÉNESTRELS CONTENANT UNE COLLECTION DE ROMANCES INÉDITES DES MEILLEURS AUTEURS	吟游诗人的回忆：著名作者未刊浪漫曲集
Le Papillon Choix d'Airs pour Guitare seule & à deux Guitares	蝴蝶：吉他独奏与双吉他曲调选
Self-instructor for guitar, Spanish tuning	西班牙调弦吉他自学教程
The guitar and guitarists, from the beginning to the present day	吉他与吉他演奏者：从起源至今
The guitar and mandolin : biographies of celebrated players and composers	吉他与曼陀林：著名演奏者及作曲家传记
The classic guitar : traditional and related techniques : a basic method	古典吉他：传统及相关技巧的基础教程
An introduction to playing the Spanish guitar	西班牙吉他演奏入门
Lute, vihuela, guitar to 1800, a bibliography	1800年以前的鲁特琴、维乌埃拉琴与吉他文献目录
The classical guitar : a new approach	古典吉他：新途径
Classic guitar making	古典吉他制作
Spanische Gitarrenmusik = Spanish-guitar-music	西班牙吉他音乐
Make your own Spanish guitar	自制西班牙吉他
Concert guitar technique	音乐会吉他技巧
Classic guitar construction : diagrams, photographs, and step-by-step instructions	古典吉他制作：图解、照片及分步说明
The early guitar : a history and handbook	早期吉他：历史与手册
Guitar gems : choice collection of the most popular vocal and instrumental music	吉他珍品：流行声乐与器乐精选集
AIRS du Mariage de Figaro	〈费加罗的婚礼〉曲调选
OUVERTURE du Barbier de Séville	〈塞维利亚的理发师〉序曲
LA PLAINTE DU MOUSSE	船童的哀诉
LE ROI DES PYRÉNÉES	比利牛斯之王
LE VIEUX BRACONNIER	老偷猎者
DANILOWA OPÉRA EN TROIS ACTES	Danilowa：三幕歌剧
LA KERMESSE. MARCHE DE LA JOLIE FILLE DE GAND	集市：〈根特的美丽姑娘〉进行曲
LE PROSCRIT Drame Lyrque en 3 actes	被放逐者：三幕抒情剧
Le retour aux bords du Tage	重返塔霍河岸
CRAINS D'AIMER	畏惧爱吧
LE CHANT DU PRISONNIER	囚徒之歌
AGNES SOREL À CHARLES VII	Agnes Sorel 致 Charles VII
L'absence	离别
LE DEPART DU MATELOT	水手启程
LE TOMBEAU DU PELERIN	朝圣者之墓
L'AMANT GÉNÉREUX	慷慨的恋人
La Parisienne Marche nationale	巴黎女郎：民族进行曲
LE HUSSARD DE FELSHEIM, Vaudeville en trois Actes	Felsheim 的骠骑兵：三幕歌舞喜剧
LE PETIT CHAPERON ROUGE	小红帽
LE TROUBADOUR ANDALOUS	安达卢西亚游吟诗人
LES AGRÉMENS DU BOIS DE ROMAINVILLE	Romainville 林中的乐趣
LES TROIS JOURS	三天
Non giova il sospirar	叹息没有用
RÉPONSE AUX ADIEUX	对告别的回应
LA BATELIERE DE L'ADOUR	阿杜尔河女船夫
FILE, FILE, JEANNE	纺吧，纺吧，Jeanne
JEAN NE MENT PAS	Jean 没有说谎
LA BRANCHE DE BRUYERE	石楠枝
LES PETITS RIENS	微小琐事
MON MEILLEUR BONHEUR!	我最大的幸福
SI VOUS ME REGRETTEZ!	如果你想念我
TIGE BRISÉE	折断的茎
LA FIANCÉE OPERA COMIQUE EN TROIS ACTES	未婚妻：三幕喜歌剧
LA MUETTE DE PORTICI OPERA EN CINQ ACTES	Portici 的哑女：五幕歌剧
GUSTAVE OU LE BAL MASQUE	Gustave，或假面舞会
LE MACON	泥瓦匠
LE CONVOI DU PAUVRE	穷人的送葬队伍
LA COLOMBE DU SOLDAT	士兵的鸽子
LA CONSTANCE MISE A LA MODE	时兴的忠贞
LE BAL	舞会
LE CAUCHEMAR	噩梦
HEURE DU SOIR	晚间时分
L'ORIGINE DE l'ÉVENTAIL	折扇的起源
LA PENSÉE	思绪
UNE ROMANCE SANS AMOUR	没有爱情的浪漫曲
LA DEMOISELLE AU BAL	舞会上的姑娘
ADIEU VOUS QUE J'AI TANT CHÉRIE!	再见，我如此珍爱的人
DOLCE FAR NIENTE	无所事事的甜美
JE LA VERRAI	我会见到她
La Balançoire	秋千
LA CONFIDENCE	倾诉
LA DAME AU VOILE NOIR	戴黑色面纱的女士
LA DANSE DEFFENDUE	被禁止的舞蹈
LA JEUNE ESTELLE	年轻的 Estelle
La leçon Tyrolienne	蒂罗尔的课题
L'ANGE ET L'ENFANT	天使与孩子
LE BON PÉLERIN	善良的朝圣者
Le Bonheur d'être deux	两人在一起的幸福
LE GONDOLIER	贡多拉船夫
LE MOULIN DE MA TANTE	姨妈的磨坊
LE PAYS LE PLUS BEAU	最美的国度
LE RETOUR DU MONTAGNARD	山民归来
LE TROMPETTE TRAHI	遭背叛的号手
L'ENFANT GATÉE	被宠坏的孩子
LES BOHÉMIENS	波希米亚人
LES SOUVENIRS DU PAYS	故乡的回忆
L'HISTOIRE EFFRAYANTE	可怕的故事
NON JE NE VALSE PAS	不，我不跳圆舞
PRENEZ BIEN GARDE	务必小心
QUI M'EXPLIQUERA CE PRODIGE-LÀ!	谁来给我解释这个奇迹
QUI VA LÀ?	谁在那里
QUI VA LÀ	谁在那里
QU'ON EST HEUREUX QUAND ON CESSE D'ÊTRE AMOUREUX	不再恋爱时，多么快乐
TOI QUE J'AIMAIS TANT	我曾如此爱着的你
TOUTE LA VIE	一生
LE DÉPIT DE CATULLE	Catulle 的愤懑
IL FAUT AIMER	必须去爱
L'amour marchand de roses	卖玫瑰的爱神
TOUT FUIT	一切都在流逝
RENDEZ LA MOI	把她还给我
À LA FRONTIÈRE	在边境
C'EST DEMAIN QU'IL ARRIVE	他明天到来
La Lisette de Béranger	Béranger 的 Lisette
LA MARGUERITE	雏菊
LA PRIÈRE DANS LE BOIS	林中的祈祷
LE DÉPART DU PETIT SAVOYARD	萨伏依小孩启程
LE RETOUR DU PETIT SAVOYARD	萨伏依小孩归来
LES DEUX FRÈRES SAVOYARDS	萨伏依兄弟二人
Les souvenirs de Lisette	Lisette 的回忆
PEINE D'AMOUR	爱情的苦楚
SIMPLE BERGERETTE	朴素的牧羊少女
LA BERGÈRE DU VALAIS	瓦莱的牧羊女
AH! POURQUOI QUITTAI-JE LISETTE	啊，为何我离开了 Lisette
LES BERGERS SONT DES LOUPS	牧羊人都是狼
L'EXILÉ	流亡者
LA JARRETIÈRE	吊袜带
VIENS AURORE	来吧，曙光
IL MATINO	清晨
IL REVIENDRA	他会回来
LA BRISE DE MAI	五月的微风
J'AI PERDU LE BONHEUR	我失去了幸福
JE SUIS BIEN VIEUX	我已垂垂老矣
Je suis jaloux	我嫉妒了
LA CHAPELLE DE GUILLAUME TELL	威廉·退尔的小教堂
LA ROSE SAUVAGE	野玫瑰
LA TANTE MARGUERITE	Marguerite 姑妈
LA VOIX QUI DIT: JE VOUS AIME	说着“我爱你”的声音
Le Conscrit de Cavalerie	新征的骑兵
LE POLONAIS	波兰人
LES CAQUETS DE VILLAGE	村里的闲言碎语
LES CONTADINES	乡村女子
Mon tour ne viendra-t-il jamais	难道永远轮不到我
OUI C'EST PÉDRO QUE JE PRÉFÈRE	是的，我更喜欢 Pedro
Pauvre mère!	可怜的母亲！
La Prison d'Edimbourg	爱丁堡监狱
AMOUR ET FANATISME	爱情与狂热
L'ANGE AUX CHANTS MÉLODIEUX	歌声悦耳的天使
LE PRINTEMPS ÉTERNEL	永恒的春天
LES AMANS DU HAMEAU	村庄里的恋人
Tra la la	特啦啦
BAYARD	Bayard
CHOIX de Dix Ouvertures de la Composition de Rossini	罗西尼的十首序曲选
Galopade Hongroise	匈牙利加洛普舞曲
LE MONTAGNARD ÉMIGRÉ	移居异乡的山民
MÉTHODE COMPLETE POUR parvenir à pincer de la Guitare	完整吉他弹奏教程
MÉTHODE COMPLETE POUR parvenir à pincer la Guitare	完整吉他弹奏教程
Repertoire des élèves	学生曲目集
La Comtesse	女伯爵
La Sæur ainée	姐姐
François Premier	弗朗索瓦一世
Le Juif	犹太人
A Table	就餐吧
Cain	该隐
Un Pacha	一位帕夏
AUX BORDS DE LA DURANCE	在迪朗斯河畔
AVEC DOUCER ON SE REPOSE	安然休憩
JE NE VIS QUE CHEZ LE NOTAIRE	我只在公证人那里生活
JE SENS DANS MON COEUR EN CE JOUR	此刻我心中感到
JE SUIS LE MENESTREL	我是吟游诗人
LA BATAILLE DE DENAIN	德南之战
LA SYMPATHIE	心心相印
MA FLAMME N'EST POINT PASSAGÈRE	我的爱火不会转瞬消逝
NI JAMAIS, NI TOUJOURS	既非永不，也非永远
PARDONNEZ MOI FEMMES CHARMANTES	迷人的女子们，请原谅我
SI J'ADORAI LISETTE	若我爱慕 Lisette
WALSE HONGROISE	匈牙利圆舞曲
LE DROIT de PASSE ou l'impot d'amour	通行费，或爱情的税
LE MANCHON	暖手筒
LA LANGAGE DES CLOCHES	钟声的语言
LE LANGAGE DES CLOCHES	钟声的语言
UNE HISTOIRE EN TROIS COUPLETS	三节歌诗讲述的故事
Souvenir du Jura	汝拉山的回忆
Le pauvre troubadour	可怜的游吟诗人
Le point du jour	黎明时分
LE PREMIER AMOUR	初恋
LE SONGE	梦
LE REVENANT	归来的幽灵
LE RETOUR DE LA SENTINELLE	哨兵归来
UNE VENGEANCE CORSE	科西嘉的复仇
LE PRISONNIER OU LA RESSEMBLANCE	囚徒，或相貌相似的人
LA PAILLE	稻草
LA GASCONNE	加斯科涅女子
La pauvre vieille pleura	可怜的老妇哭泣了
LE RETOUR EN BRETAGNE	重返布列塔尼
L'AMANT A L'ETOILE DU SOIR	恋人致晚星
LES ADIEUX DE MARIE D'ÉCOSSE	苏格兰玛丽的告别
IL EST ABSENT	他不在
L'ESPRIT FOLLET	顽皮的精灵
LES TROIS AGES DE L'AMOUR	爱情的三个年纪
PREMIER REGARD, PREMIER SOUPIR, PREMIER BAISER	第一眼、第一次叹息、初吻
BARCAROLLA VENZIANA	威尼斯船歌
LES DEUX JALOUX	两个嫉妒的人
Le départ d'un jeune guerrier pour l'armée	青年战士出征
LES MOUTONS	绵羊
LES PETITS BAISERS	轻轻的吻
QUAND LA CHEVALERIE	当骑士们
CABALLO DEL POETA CALCULISTA	精于算计的诗人的马
Entretien d'un Violon et d'une Flûte devant une Guitare	小提琴与长笛在吉他面前的对话
LE RACCOMMODEMENT	和好
LA DAME BLANCHE	白衣夫人
LA FÊTE DU VILLAGE VOISIN	邻村的节庆
CHARLES DE FRANCE	法国的 Charles
LE NOUVEAU SEIGNEUR DE VILLAGE	村庄的新领主
LES VOITURES VERSÉES	翻覆的马车
LES DEUX NUITS	两个夜晚
RIEN DE TROP OU LES DEUX PARAVENTS	凡事适度，或两扇屏风
ZORAÏME ET ZULNAR	Zoraïme 与 Zulnar
COLARDEAU	Colardeau
TOUJOURS SEUL! OU LE MASQUE DE FER	总是独自一人！或铁面具
Hirondelle douce et frèle	温柔而纤弱的燕子
LE SOUVENIR et L'ESPÉRANCE	回忆与希望
LES CLOCHES DE NOTRE VILLAGE	我们村庄的钟声
Chant nocturne d'un guerrier indien	印第安战士的夜歌
LA VEILLÉE OVINSKA	Ovinska 的守夜
LE BONHOMME MISERE ou LE DIABLE COULEUR DE ROSE	可怜人，或玫瑰色的魔鬼
LE BOUFFE ET LE TAILLEUR	喜剧演员与裁缝
LE TROMPEUR TROMPÉ	骗子被骗了
L'OPERA D'UN QUART D'HEURE DE SILENCE	歌剧〈一刻钟的沉默〉
UN QUART D'HEURE DE SILENCE	一刻钟的沉默
LA ROSE D'AMOUR	爱情的玫瑰
LES SERMENS A ZÉLIS	对 Zélis 的誓言
AVIS AUX FEMMES ou LE MARI COLÈRE	给女子的忠告，或暴躁的丈夫
LES PLUS JOLIS MOTS	最美的话语
J'ai vu Lise hier au soir	我昨晚见到了 Lise
IL A MILLE ECUS	他拥有一千埃居
IL EN RESTA LÀ	他就此罢了
La mort de Bayard	Bayard 之死
L'amour prédicateur	爱情的说教者
BOLLERO	波莱罗舞曲
LES BATELIERES DE BRIENZ	布里恩茨的女船夫
ZEMIRE ET AZOR	Zemire 与 Azor
LA CHAMBRE A COUCHER ou UNE DEMI HEURE DE RICHELIEU	卧室，或 Richelieu 的半小时
LA JUIVE	犹太女子
GUIDO ET GINÈVRA	Guido 与 Ginèvra
LE MENUET DU BOEUF	公牛小步舞曲
SOUPIR D'AMOUR	爱情的叹息
LA NOUVELLE NINA	新的 Nina
AIME, TRAVAILLE ET PRIE	去爱、工作、祈祷
LA CROIX DE BOIS NOIR ou Pleurer fait tant de bien	黑木十字架，或哭泣使人舒畅
MA MÈRE C'EST MA PATRIE	母亲就是我的祖国
MARQUIS ET MARQUISE	侯爵与侯爵夫人
TROIS SOLDATS BRETONS	三个布列塔尼士兵
LA GAITÉ ET L'AMITIÉ	欢乐与友谊
LES ADIEUX D'UN PRISONNIER ESPAGNOL	一个西班牙囚徒的告别
LUCETTE DEVENU AVEUGLE LE JOUR DE SON MARIAGE	Lucette 在婚礼当天失明
MÉTHODE Pour la Guitare Divisée en deux Parties	吉他教程，分为两部分
Nouvelle MÉTHODE Pour Guitare ou Lyre Divisée en trente leçons progressives Pour une et deux Guitares	吉他或里拉琴新教程，分为三十课循序渐进的课程，供一把或两把吉他演奏
LA GARDE ROYALE EST LÀ. HOMMAGE AUX BRAVES	皇家卫队在此——向勇士致敬
LE PRÉ AUX CLERCS	教士草地
ZAMPA ou LA FIANCÉE DE MARBRE	Zampa，或大理石新娘
LE MAGICIEN SANS MAGIE	没有魔法的魔术师
L'INTRIGUE AUX FENETRES	窗边的诡计
L'INTRIGUE AUX FENÊTRES	窗边的诡计
LULLI ET QUINAULT	Lulli 与 Quinault
LES RENDEZ-VOUS BOURGEOIS	市民的约会
RENDEZ-VOUS BOURGEOIS	市民的约会
LULLI et QUINAULT	Lulli 与 Quinault
LES DÉJEUNERS de GARÇONS	单身男子的午餐
DÉJEUNERS de GARÇONS	单身男子的午餐
CENDRILLON	灰姑娘
LE FRANÇAIS À VENISE	身在威尼斯的法国人
MICHEL-ANGE	Michel-Ange
LÉONCE ou LE FILS ADOPTIF	Léonce，或养子
LE MEDECIN TURC	土耳其医生
JEANNOT ET COLIN	Jeannot 与 Colin
LA PETITE CENDRILLON	小灰姑娘
UN JOUR A PARIS	在巴黎的一天
LA FÊTE DU ROI	国王的节庆
LE RÊVE DE BERTRAND	Bertrand 的梦
LA PARTIE DE CAMPAGNE	乡间出游
DUO DU VIN	葡萄酒二重唱
LES PETITS RAMONEURS	小扫烟囱工
LE LANGAGE DES FLEURS	花的语言
LE PETIT AUVERGNAT	奥弗涅的小伙子
LE FRANC BRETON	坦率的布列塔尼人
L'IMMORTEL LAURIER	不朽的月桂
LES DEUX SAVOYARDS	两个萨瓦人
LES GONDOLIERS VENETIENS	威尼斯的贡多拉船夫
LES GONDOLIERS VENITIENS	威尼斯的贡多拉船夫
Les Pécheurs des Lagunes	潟湖的渔民
Priere de Jeune Fille	少女的祈祷
La Femme du Soldat	士兵的妻子
La danse des Esprits	精灵之舞
La pauvre Negresse	可怜的黑人女子
La Fiancée du Klephte	希腊山地战士的新娘
Le brave old oak	勇敢的老橡树
The brave old oak	勇敢的老橡树
GOOD BYE!	再见！
HE NEVER SAID HE LOVED	他从未说过自己爱过
MY OWN ONE!	我的心上人！
THE MALTESE BOATMAN'S SONG	马耳他船夫之歌
WE SHALL MEET NO MORE!	我们不会再见了！
ISABEL LOV'D ISABEL	Isabel，亲爱的 Isabel
Le Klephte Poursuivi	被追捕的希腊山地战士
La Klephte Poursuivi	被追捕的希腊山地战士
Voyage du Klephte	希腊山地战士的旅行
La Fille de l'Emir	埃米尔的女儿
La Sentinelle Perdue	失踪的哨兵
SÉPARATION. SCÈNE	离别——场景
RUINES DE BABILONE	巴比伦的废墟
LE DÉPART DU JEUNE MARIN	年轻水手启航
UN SOIR DE SEPTEMBRE	九月的一个夜晚
LE RETOUR DU TYROLIEN	蒂罗尔人归来
LE BOUTON de ROSE et L'AMOUR	玫瑰花蕾与爱情
LA LUNE DE MIEL	蜜月
MON AMBITION	我的抱负
LE DÉPART DU JEUNE CROISÉ	年轻十字军战士出征
Le Petit Marmot	小娃娃
L'amour en Sentinelle	爱情的哨兵
C'EST UN ENFANT, IL FAIT DU BRUIT	他还是孩子，他在闹腾
LE PETIT PASTOUR	小牧童
CLAIRE et PAULIN Ou le Rendez-vous de la Trépasée	Claire 与 Paulin，或亡者的约会
ELLE et VOUS	她与你
TRANSACTIONS ENTRE L'HIMEN ET L'AMOUR	婚姻与爱情的协商
ANGE, PLOYEZ VOTRE AILE	天使，请收拢你的翅膀
LES CLIMATS	各地的风土
Oh come scorrono!	啊，时光流逝！
LA JOURNÉE AUX AVENTURES	充满奇遇的一天
L'IRATO	怒汉
L'IRATO, ou l'Emporte	怒汉，或暴躁之人
MÉTHODE Complète POUR LA GUITARE contenant cent MORCEAUX choisis et classés progressivement	完整吉他教程，包含一百首循序渐进的精选乐曲
MÉTHODE de Guitare ou Lyre. Divisée en deux Parties. La premièr, contiens la Théorie de l'Instrumente, et des Exemples pour en faciliter l'application ; Précédée des principes de la Musique. La seconde, renferme Cent morceaux de divers auteurs, classés progressivement	吉他或里拉琴教程，分为两部分：第一部分以音乐基础知识开篇，讲解乐器原理并提供应用示例；第二部分收录不同作者的一百首乐曲，按循序渐进的方式编排
VOUS ME QUITTEZ POUR ALLER A LA GLOIRE	你离我而去，追求荣耀
OPERN-REVUE. Ausgewählte Melodien für die GUITARE. Übertragen	歌剧选曲集：精选旋律的吉他改编
Grande MÉTHODE Complète pour Guitare où Lyre	大型完整吉他或里拉琴教程
Nouvelle MÉTHODE Complette pour Guitare ou Lyre	新编完整吉他或里拉琴教程
JE NE VEUX PAS	我不愿意
LES HUGUENOTS	胡格诺派教徒
ROBERT LE DIABLE	魔鬼 Robert
NOZZE DI FIGARO	费加罗的婚礼
MYSTÈRES D'ISIS	伊西斯的奥秘
LE SOUVENIR et L'ESPÉRANCE, ROMANCE. Avec Accompt. De GUITARE ou LYRE	回忆与希望——浪漫曲，配吉他或里拉琴伴奏
AIR VARIÉ et DIALOGUÉ Pour quatre Guitares	变奏与对话曲，供四把吉他演奏
[ AIR VARIÉ et DIALOGUÉ Pour quatre Guitares	变奏与对话曲，供四把吉他演奏（原题开括号未闭合）
Norah, The Pride of Kildare	Norah，基尔代尔的骄傲
FARE THEE WELL! THE SHIP IS READY	再见吧！船已备好
Tyroler Sang	蒂罗尔歌曲
Albumsblade	纪念册小品
Some love to roam o'er the darks sea foam	有人喜爱徜徉于幽暗海浪之上
What fairy like music	多么仙境般的音乐
Ballader och visor	叙事歌与歌曲
Brulant D'Amour	燃烧的爱情
L'AVEU	表白
LE DOCTEUR GRÉGOIRE	Grégoire 医生
A CHASSE AUX AMOURS	追逐爱情
LES TROIS PARTIES DU JOUR	一天的三个时段
PASTORALLE	牧歌
L'AMOUR OISEAU	爱情之鸟
LE BEAU FERNAND	英俊的 Fernand
MA CONFESSION	我的坦白
JE VEUX, ET JE NE VEUX PLUS	我想要，又不想要了
Les ridicules	可笑之人
LE JEUNE EXILÉ	年轻的流亡者
L'ITALIENNE ET LE FRANÇAIS	意大利女子与法国男子
PERMETS MOI	请允许我
MOLINARA	磨坊女郎
MOLINARELLA	小磨坊女郎
CHANTE HÉLOÏSE	唱吧，Héloïse
L'ANGLAISE A PARIS	在巴黎的英国女子
L'Auvergnate	奥弗涅女子
PETIT BLANC	小白人
SAINTE CÉCILE	圣塞西莉亚
Souviens toi de ton ami	记住你的朋友
BARCARIOLA VENEZIANA	威尼斯船歌
JE NE VEUX PAS ME MARIER	我不想结婚
LE CHANTEUR DE SALON	沙龙歌手
LA CROIX	十字架
Gondolier la mer t'appelle	贡多拉船夫，大海在呼唤你
Ah! che soffrir mi resta	啊，我仍须忍受痛苦
Vogue, Vogue Barque legere	驶去吧，驶去吧，轻盈的小舟
A QUI LA ROSE	这玫瑰属于谁
LE RETOUR DE PIERRE	Pierre 归来
LES CINQ SENS	五感
LA PEINE ET LE PLAISIR	痛苦与欢乐
Douze ROMANCES NOUVELLES	十二首新浪漫曲
JOURNAL DE GUITARE ou Choix d'Airs Nouveaux Français, Italiens avec Accompagnements, mêlé de Pièces &c &c	吉他期刊，或带伴奏的法国与意大利新曲选，兼收器乐小品等
CHANSON DE CORDONNIER	鞋匠之歌
PER AMAR ABBIAMO IL CORE	我们的心为爱而生
LE BOUTON DE ROSE	玫瑰花蕾
BARCAROLA VENEZIANA	威尼斯船歌
ALBUM DE Mlle. L. PUGET	L. Puget 小姐的曲集
ALBUM LYRIQUE Composé de Douze Romances & Chansonnettes Orné de Lithographies	抒情曲集：十二首浪漫曲与小歌曲，附石印插图
FLEUR DE CHAMPS. SIMPLE HISTOIRE	田野之花——一个简单的故事
JE VEUX T'AIMER SANS TE LE DIRE	我愿默默爱你
LA BAYADÈRE	印度舞女
POURQUOI!	为什么！
TOI!	你！
APRÈS LONGTEMS	久别之后
ROMANCE DES PETITS OISEAUX	小鸟的浪漫曲
LES DEUX AMES	两个灵魂
ON EST SI MECHANT AU VILLAGE!	村里的人如此刻薄！
L'INQUIETUDE	不安
LA JEUNESSE ET LE PRINTEMPS	青春与春天
LE TOMBEAU DE ROLLAND	Rolland 之墓
LES PLAISIRS DE L'HIVER	冬日的欢乐
L'ORAISON DU PALADIN	骑士的祈祷
LE COMTE ORY	Ory 伯爵
OTELLO, OU LE MORE DE VENISE	Otello，或威尼斯的摩尔人
GUIDE DU GUITARISTE OU L'ACCOMPAGNEMENT SANS MAITRE	吉他演奏者指南，或伴奏自学法
LE PETIT COUP	小酌一口
JE VAIS VOUS QUITTER POUR JAMAIS	我将永远离开你
RONDE DE TABLE Avec un Refrain a trois voix	席间圆舞歌，副歌为三声部
Sange	歌曲
Soave speme	温柔的希望
LE VOYAGE de L'AMOUR et du TEMS	爱情与时光之旅
LA BERGÈRE DÉLAISSÉE	被遗弃的牧羊女
LA PARTENZA	离别
Método de guitarra	吉他教程
MÉTODO DE GUITARRA Acompañado de una escogida coleccíon de tocatas	吉他教程，附精选器乐曲
Le prime dodici Lezioni di CHITARRA Per i Principianti	初学者的前十二课吉他课程
Contraddanze [sic] Monferrine & VALZER PER CHITARRA	吉他康特尔舞曲、蒙费里纳舞曲与圆舞曲
GRAN QUINTETTO Variazioni, e Polonese Per Chitarra, due Violini, Viola, e Violoncello	大型五重奏：变奏曲与波兰舞曲，供吉他、两把小提琴、中提琴与大提琴演奏
CAPRICCIO a guisa di RONDO per Chitarra sola	回旋曲式的吉他独奏随想曲
THE AMATEUR'S FIRST BOOK FOR THE GUITAR	吉他爱好者第一册教程
THE SWEET BIRDS ARE WINGING	可爱的鸟儿在振翅飞翔
THE CACHUCHA	卡楚恰舞曲
WHAT HEART BETRAYING FROM NORMA	〈诺尔玛〉中的“这颗心泄露了什么”
THE MISSLETOE BOUGH	槲寄生枝
LA RUSE D'AMOUR	爱情的计谋
SUIVONS LE COURS DE L'EAU	让我们顺水而行
UNE BONNE FORTUNE	一段艳遇
CRAINS D'AIMER	害怕去爱
L'absence	缺席
L'INVITATION A LA VALSE	邀舞
LA LÉGENDE DU GRAND ÉTANG	大湖的传说
Au loin j'entends sous le feuillage	远处，树叶下，我听见
Au matin quand le soleil	清晨，当太阳升起
HOUSARD	轻骑兵
Je dois te fuir	我必须离开你
L'AMANT GÉNÉREUX	慷慨的情人
Non giova il sospirar	叹息无济于事
EMMA	Emma
GUSTAVE ou le Bal masqué	Gustave，或假面舞会
LE CONVOI DU PAUVRE	穷人的送葬队伍
LA DAME AU VOILE NOIR	戴黑面纱的女士
QU'ON EST HEUREUX QUAND ON CESSE D'ÊTRE AMOUREUX	不再恋爱时多么幸福
LE TROUSSEAU	嫁妆
ALADIN ou LA LAMPE MERVEILLEUSE	阿拉丁，或神灯
LE ROI D'IVETOT	伊沃托之王
FRANÇOISE DE FOIX	Françoise de Foix
CORISANDRE OU LA ROSE MAGIQUE	Corisandre，或魔法玫瑰
LE CONCERT INTERROMPUE	被打断的音乐会
IL MATINO	清晨
LES AMOURS DE PARIS	巴黎的爱情故事
Les Fantaisies d'ASPASIE	Aspasie 的奇思妙想
NOTTURNE A DUE VOCI	二声部夜曲
NOTTURNO DUODECIMO	第十二首夜曲
NOTTURNO SESTO	第六首夜曲
ON VIENT .... CHUT, CHUT, ÉLOIGNEZ-VOUS	有人来了……嘘，嘘，请离开
LES HERITIERS MICHAU OU LE MOULIN DE LIEURSAIN	Michau 的继承人，或 Lieursain 的磨坊
HERITIERS MICHAU OU LE MOULIN DE LIEURSAIN	Michau 的继承人，或 Lieursain 的磨坊
LE ROI ET LA LIGUE	国王与同盟
ALINE REINE DE GOLCONDE	Aline，戈尔康达女王
DANS MES ENNUIS	在我的烦恼中
LE PONT DE LA VEUVE	寡妇之桥
MA TANTE AURORE	我的 Aurore 姑妈
La maldicion jitana	吉普赛人的诅咒
El contrabandista	走私者
El chacho moreno	棕肤的小伙子
La gitanilla zelosa	嫉妒的吉普赛少女
El bajelito nuevo	新的小船
La guitarra: su historia y su industria	吉他：历史与制作业
Metodo mui facilissimo para aprender a tañer la guitarra a lo español	学习西班牙式吉他演奏的极简教程
Metodo de guitarra sin maestro: acompañamiento para canciones corridos, tangos y valses	吉他自学教程：歌曲、科里多、探戈与圆舞曲的伴奏
El sueño de Rosellen	Rosellen 的梦
El facil: schotisch para guitarra	轻松的——吉他肖蒂什舞曲
Introduccion, variaciones y coda sobre el himno de Riego	〈列戈颂〉主题引子、变奏与尾声
Arte de tocar la guitarra española por música: (Madrid, 1799)	识谱演奏西班牙吉他的艺术（马德里，1799年）
Método ilustrado para guitarra	图解吉他教程
La escuela de la guitarra. Curso primero	吉他教程：第一课程
Escuela razonada de la guitarra: basada en los principios de la técnica de Tarrega	吉他系统教程：以塔雷加的演奏技法原理为基础
Escuela razonada de la guitarra	吉他系统教程
El dilema del sonido en la guitarra	吉他的音色难题
La guitarra y su historia: Conferencia	吉他及其历史：讲座
La guitarra y su historia	吉他及其历史
Guitarra clásica-moderna: 2,250 acordes, tonalidad, atonalidad, pantonalidad	古典与现代吉他：2,250个和弦、调性、无调性与泛调性
La escuela de la guitarra: obra completa dividida en 7 volúmenes	吉他教程：完整著作，共七卷
Las primeras lecciones de guitarra	吉他入门课程
Instrucción de música sobre la guitarra española	西班牙吉他音乐教程
Homenaje a Manuel de Falla	向曼努埃尔·德·法雅致敬
Impresiones Argentinas	阿根廷印象
Staccatto-capricho	断奏随想曲
En la playa: recuerdo	海滩——回忆
Aragon: fantasia	阿拉贡——幻想曲
Minueto a Sylvia	献给 Sylvia 的小步舞曲
Sous le palmier: danza Espanola	棕榈树下——西班牙舞曲
Cantos de España: Oriental	西班牙之歌——东方曲
Cielo sin nubes: Barcarola no. 3	无云的天空——第三首船歌
Arie criollo no. 1	第一首克里奥尔曲调
An incorrigible dreamer	无可救药的梦想者
Blues for Rosy	献给 Rosy 的布鲁斯
Tres ritmos sudamericanos	三首南美节奏曲
Sequential	循序
Tarantella burlesca; & Bossa nova	诙谐塔兰泰拉舞曲与波萨诺瓦
Zambra granadina: danza orientale	格拉纳达桑布拉舞曲——东方舞曲
El polo: Iberia impressione n. 8	波罗——伊比利亚印象第8首
Corale dalla cantata n. 147	选自第147号康塔塔的众赞歌
