0	大吉他协奏曲，钢琴伴奏，作品36（A. Diabelli改编；吉他声部）
1	喜爱的曲调〈La Molinara〉主题的6首变奏曲，作品4
2	儿童的傻趣，作品41
3	第4集锦曲，作品42
4	我喜爱的花朵选集，或象征花束，作品46
5	奥地利民族曲调主题的12首变奏曲，作品47
6	练习：24首高难度小品，作品48
7	民族歌曲〈I bin a Kohlbauern Bub〉主题的6首变奏曲，作品49
8	12首兰德勒舞曲，三度吉他与常规吉他，作品55
15	6首兰德勒、6首圆舞曲与6首苏格兰舞曲，作品58
16	16首小品，作品59
20	8首变奏曲，作品6
22	俄罗斯原创主题的6首变奏曲，作品60
36	俄罗斯曲调〈Poschaluite sudarina〉主题的6首变奏曲，作品64
38	感伤的心情
41	吉他与钢琴变奏曲及波兰舞曲，作品65
42	Lambeth漫步
43	3首双吉他协奏性回旋曲，作品66
52	夜间里拉琴：三度吉他与常规吉他，作品69
57	第3吉他协奏曲，钢琴伴奏，作品70（Diabelli改编；吉他声部）
60	在Decca跺脚起舞
61	第3吉他协奏曲，钢琴伴奏，作品70（Diabelli改编；钢琴声部）
62	摇摆39
63	摇摆41
64	摇摆42，b
65	摇摆42
66	摇摆48
68	阿拉伯的酋长
69	歌剧〈Jeannot et Colin〉二重唱主题的8首变奏曲，作品72
73	简易悦耳的小品，长笛或小提琴与吉他，作品74
74	12首兰德勒舞曲，三度吉他与常规吉他，作品75
75	歌剧〈Tancred〉主题集锦曲，长笛或小提琴与吉他，作品76
76	12首兰德勒舞曲，三度吉他与常规吉他，作品80
77	长笛或小提琴与吉他变奏曲，作品84
78	18首夜间嬉游曲，长笛或小提琴与吉他，作品86
79	罗西尼〈Tancred〉中〈Di tanti palpiti〉主题的6首变奏曲，作品87
80	歌剧〈Fanchon〉中喜爱的浪漫曲主题大变奏曲，作品88
81	6首变奏曲及波兰舞曲与终曲，作品9
82	浪漫曲〈La Sentinelle〉主题大吉他独奏变奏曲，作品91（钢琴标记）
83	浪漫曲〈La Sentinelle〉主题大吉他变奏曲，第2吉他可选，作品91
84	浪漫曲〈La Sentinelle〉主题大吉他独奏变奏曲，作品91（A. Eggers钢琴声部）
85	浪漫曲〈La Sentinelle〉主题大吉他独奏变奏曲，作品91
86	12首兰德勒舞曲，三度吉他与常规吉他，作品92
87	12首兰德勒舞曲，三度吉他与常规吉他，作品94
88	歌剧〈L'ombre de la femme de Faust〉二重唱主题变奏曲，作品97
89	趣味练习曲：8首较简易小品，作品98
90	阿拉伯风格曲
91	阿斯图里亚斯舞曲
92	华丽小回旋曲……
93	阿拉伯风格曲
94	阿斯图里亚斯舞曲
95	吉他与管弦乐队协奏曲
96	铃鼓舞曲
97	4首小品选集……
98	俄罗斯民歌主题幻想曲
99	俄罗斯民歌主题幻想曲
100	嬉戏（Игровая）
101	加沃特舞曲
102	冲动
103	6首苏格兰民族曲调
104	低落的心绪
105	白俄罗斯民歌〈Перепелочка〉
106	俄罗斯民歌二重奏〈Встану встану я рано раненько〉
107	俄罗斯民歌二重奏〈Утушка луговая〉
108	俄罗斯民歌三重奏〈В низенькои светелке〉
109	俄罗斯民歌〈Во поле береза стояла〉
110	俄罗斯民歌〈Земелюшка-чернозем〉
111	俄罗斯民歌〈Поиду ль я выиду ль я〉
112	俄罗斯民歌〈Потеряла я колечко〉
113	俄罗斯民歌〈Ты поиди моя коровушка домои〉
114	谐谑曲
115	白日梦练习曲
116	纪念Schevchenko的练习曲
117	3个喜爱的主题及变奏……
118	俄罗斯浪漫曲〈На заре ты ее не буди〉主题变奏曲
119	俄罗斯主题〈Аи на горе дуб〉变奏曲
120	俄罗斯主题〈Ах ты матушка〉变奏曲
121	俄罗斯主题〈Как у нас во садочке〉变奏曲
122	俄罗斯主题〈Тонкая рябина〉变奏曲
123	俄罗斯主题〈У ворот ворот〉变奏曲
124	俄罗斯主题〈Хороводная〉变奏曲
125	萨伏依主题变奏曲
127	科林斯之围（Assedio di Corinto）
128	选集
129	2首大曲调
130	Donizetti歌剧〈L'esule di Roma〉二重唱
132	小钟（La Campanella）
133	贼鹊（Gazza ladra）
134	〈Semiramide〉引子中的进行曲，1或2把吉他
135	〈La Clémence de Titus〉序曲
136	〈La Vestale〉序曲
138	〈Il pirata〉序曲
139	歌剧曲调〈Di tanti palpiti〉主题双吉他大变奏曲，作品1
140	卡瓦蒂纳〈Di tanti palpiti〉主题双吉他变奏曲，作品1
141	Gluck歌剧〈Iphigenia in Aulis〉序曲，吉他与长笛改编（F. Carulli）
142	向塔雷加致敬，作品69
143	〈Tantum ergo〉主题幻想曲
144	加泰罗尼亚民曲〈El noi de la mare〉
145	加泰罗尼亚民曲〈La filla d'el marxant〉（1889）
146	加泰罗尼亚民曲〈La nit de nadal〉（1918）
147	回答：吉他即兴曲，献给Maria Luisa Anido（1922）
148	索尔主题变奏曲，作品15（1908）
149	变奏曲，献给Anjela Morejón女士
150	变奏曲，献给友人D. José López de la Flor
151	献给Geronimo Daguerre的变奏曲
152	〈La Lucrecia〉主题变奏曲
153	〈El ayre dañino〉歌曲，钢琴与吉他伴奏
154	痛苦的时刻：E小调练习曲
155	阿尔卑斯玫瑰兰德勒舞曲；Katharinen波尔卡
156	Ausseer施蒂里亚舞曲，双吉他
157	田园漫步
158	Jochprunellen舞曲
159	蒂罗尔山中的Jochprunellen
160	思绪碎片，作品109
161	二重奏序曲，作品15
162	西班牙舞曲第1号：优雅的小步舞曲，三重奏（Eythor Thorlaksson改编）
163	西班牙舞曲第10号：忧郁的悲伤之舞，三重奏（Eythor Thorlaksson改编）
164	西班牙舞曲第10号：忧郁的悲伤之舞（Thomas Konigs改编）
165	西班牙舞曲第10号：忧郁的悲伤之舞
166	西班牙舞曲第12号：波莱罗、阿拉伯风格曲（Thomas Konigs改编）
167	西班牙舞曲第2号：东方，三重奏（Eythor Thorlaksson改编）
168	西班牙舞曲第2号：东方
169	西班牙舞曲第3号：凡丹戈、萨拉班德，三重奏（Eythor Thorlaksson改编）
170	西班牙舞曲第4号：乡村风格曲，三重奏（Eythor Thorlaksson改编）
171	西班牙舞曲第5号：安达卢西亚，三重奏（Eythor Thorlaksson改编）
172	西班牙舞曲第5号：安达卢西亚（Thomas Konigs改编）
173	西班牙舞曲第5号，吉他改编（Miguel Llobet）
174	西班牙舞曲第6号：阿拉贡Rondalla、霍塔舞，三重奏（Eythor Thorlaksson改编）
175	西班牙舞曲第7号，吉他改编（Josefina Robledo）
176	青春的故事，作品1（Thomas Konigs改编）
177	12首西班牙舞曲，作品5第1号：优雅的小步舞曲
178	12首西班牙舞曲，作品5第10号：忧郁的悲伤之舞
179	12首西班牙舞曲，作品5第11号：桑布拉舞曲
180	12首西班牙舞曲，作品5第12号：波莱罗、阿拉伯风格曲
181	12首西班牙舞曲，作品5第2号：东方
182	12首西班牙舞曲，作品5第4号：乡村风格曲
184	12首西班牙舞曲，作品5第6号：阿拉贡Rondalla、霍塔舞
185	命运
187	美好的世界
188	12首西班牙舞曲，作品5第7号：瓦伦西亚风格曲
190	天蓝与白色
191	往昔
193	南方人
194	Salmatina舞曲
195	12首西班牙舞曲，作品5第8号：萨尔达纳舞曲、阿斯图里亚斯风格曲
196	墨西哥水彩画
197	逐渐衰退的记忆
198	Cacique：巴西探戈
199	珊瑚岛
200	两个音符的桑巴
201	黑人桑巴
204	欢乐
205	小歌曲（Canconetta）
209	Majo青年
212	回声
213	古风托纳迪利亚第3号：谨慎的Majo青年
214	古风托纳迪利亚第5号：害羞的Majo青年
215	加洛普舞曲
216	乌拉圭米隆加舞曲
217	爱
218	古风托纳迪利亚第7号：Tra-la-la与拨弦
219	Carulli圆舞曲，作品211第03号
222	向Raul Borges致敬
223	古风托纳迪利亚第8号：戈雅笔下的Maja（Eythor Thorlaksson改编）
227	潘帕斯草原的暮色
228	船歌
229	古风托纳迪利亚第8号：戈雅笔下的Maja（Thomas Konigs改编）
230	卡德里尔对舞曲
231	练习曲
232	古风托纳迪利亚第9号：悲伤的Maja，II〈Ay majo de mi vida〉
234	吊床上的午后
236	巴西圆舞曲
237	放出来的魔鬼
238	西班牙如歌旋律，作品41第1号
239	古风托纳迪利亚第9号：悲伤的Maja，III〈De aquel majo amante〉
240	昨日的米隆加
241	昨日的米隆加
242	滑动
243	对话
244	小夜曲（Seranata）
245	全景
246	诗意圆舞曲，双吉他（Thomas Konigs改编）
247	她的双眼合上了
248	题献
249	第3集6首浪漫曲，钢琴或吉他伴奏
250	雨中歌唱
252	和声诗：西班牙吉他定弦的多种指法谱曲集（马德里，1694；影印指法谱）
253	咏叹调2
254	Kamjunke：日出
255	霍罗波风格曲
259	小黑人
260	4首俄罗斯浪漫曲
261	小猫
262	黑人姑娘
263	黎明
266	阿拉瓜风格Pasaje曲
268	山丘上的傻瓜
269	女孩
270	变奏曲，小行板（原拼andtantino）
271	五月的爱
274	著名广板，长笛与吉他
275	小精灵之舞
276	唱着旧曲调
277	对舞曲，作品3第2号
278	追忆
279	著名广板，小提琴与吉他
281	威尼斯之夜：船歌
282	橡树
283	晴朗的夜晚
284	拉曼查塞吉迪亚舞曲
285	圣咏（Tarrega改编）
286	〈魔笛〉选曲
287	土耳其风格回旋曲，K331
288	歌曲或托卡塔
289	肖像
290	我逮到你了，cavaquinho
291	金色的水滴
292	泻湖中的一朵花
293	钟声
295	天使的米隆加
297	墨西哥风格曲（原题scerino）
298	查卡雷拉舞曲
299	霍恩派普舞曲
300	给Clara的歌曲
301	Alfonsina与海
304	Carora的歌曲
305	广板（咏叹调风格），依据H. Grove原吉他声部为鲁特琴改编与重新编辑（Fr. B. S.）
307	〈威廉·退尔〉中的快板
308	罗密欧与朱丽叶
309	第四弦上的轮指
310	小音乐盒
312	大协奏曲第4号中的小广板与快板，作品6
313	大协奏曲第5号中的小步舞曲，作品6
314	〈Samson〉：Symfony与小步舞曲
316	松树浪漫曲
317	母亲的小女孩
318	苏格兰肖罗2
319	小肖罗5
321	D小调组曲中的吉格舞曲
322	帕萨卡利亚舞曲
323	Marc主题变奏曲
324	婚礼进行曲
325	再次巴洛克
326	吉格舞曲2
327	A小调奏鸣曲〈不忠者〉，第1首：入场曲
328	A小调奏鸣曲〈不忠者〉，第2首：库朗特舞曲
329	A小调奏鸣曲〈不忠者〉，第3首：缪塞特舞曲
330	A小调奏鸣曲〈不忠者〉，第4首：小步舞曲
331	A小调奏鸣曲〈不忠者〉，第5首：萨拉班德舞曲
332	A小调奏鸣曲〈不忠者〉，第6首：乡村舞曲
334	情书
335	希腊民族主题〈La Romaika〉华丽回旋曲，作品14
336	土库曼主题〈L'Attun〉大幻想曲：商队歇息时的舞蹈，作品15
337	飞吧，小鸟，飞吧
339	行板（Terrega改编）
340	很慢的广板（Tarrega改编）
341	C大调小步舞曲，H.IX27（Tarrega改编）
342	小步舞曲（Tarrega改编）
343	小步舞曲（Segovia改编）
344	双吉他奏鸣曲，作品30（Klinger改编）
345	小夜曲（Fortea改编）
347	吉他与其他乐器
349	牧羊人的小歌曲
350	士兵的告别
356	有时仍然如此
357	〈威尼斯商人〉中的歌曲〈Sig hvor sig hvor〉（Fr. Birket-Smith改编）
358	著名练习曲〈uspiro de amor〉（Tarrega改编）
359	小仙子之歌
360	遗憾
361	萨帕特阿多舞曲
363	攀登几何
364	与月亮交谈
365	云中之地
366	列队行进
368	安达卢西亚民曲：塞维利亚纳舞曲
369	大地的形状
370	Shella的照片
373	Townshend沙夫尔曲
374	来访
375	英国布朗勒舞曲
376	〈Zampa〉加洛普舞曲
377	棕榈树下，1
378	棕榈树下，2
379	卡斯蒂利亚，二重奏
381	东方，作品232第2号
382	塞维利亚
383	一段爱情的故事
384	一段爱情的故事（源词History）
386	哀悼Dorethee de Stjerneld去世的悲伤幻想曲
387	忧郁的肖罗
388	退潮
389	邀请
390	轮指形式的悲歌
392	给Pancho的帕凡舞曲
393	多首舞曲与一首进行曲
394	坏人与美人
395	3个故事，第1首：月光的故事，肖罗
396	3个故事，第II首：思念的故事，圆舞曲
397	3个故事，第III首：灵感的故事，肖罗
398	希腊人Zorba
400	月亮巷
403	月亮巷（源拼Gallejon）
404	Lucia的吉卜赛人
405	讯息
408	地中海东部
409	Silla的王国
411	水之山
412	Silia与时间
413	里拉琴：音乐集
414	Arango叔叔
415	通向灵魂的窗户
416	想象中的经历
417	故乡
418	Chester先生
419	哦，圣诞树
420	捉迷藏
421	双吉他民族波兰舞曲，作品1
422	要是我有脑子就好了
423	暴风雨，1
424	暴风雨，2
429	一点Mark的音乐
430	华丽吉他圆舞曲，作品10
431	笨手笨脚（All Thumbs）
432	远远在马槽里
435	糖果人
437	商队
439	令人眩目的手指（源拼Dizzi）
440	回到家乡
445	夏威夷松弦调弦风格曲
448	伴随赏女孩的音乐
449	大幻想曲，作品14，v
452	撒旦的娃娃
455	B还是不B
460	〈Yankee Doodle〉与〈Dixie〉
462	低舞曲〈La Roque〉
469	耐心
470	Blondeau帕凡舞曲
474	只要我还活着
475	要是我有翅膀就好了
476	雪人Frosty，1
477	雪人Frosty，2
478	红鼻子驯鹿Rudolph
479	米隆加风格曲
480	维达拉风格曲
482	天蓝与白色
483	往昔
485	圣母颂（Jose De Azpiazu）
486	Salmatina舞曲
487	小唱名练习曲（源拼Solfeggettio）
488	G调小步舞曲，Anh.114
489	C小调小步舞曲，Anh.121
490	D调进行曲，Anh.122
491	小步舞曲，Anh.132
492	G小调小步舞曲，Anh.115
493	D调缪塞特舞曲，Anh.126
494	晨星闪耀得多么明亮，BWV1
495	舞剧〈Nina〉主题华丽双吉他变奏曲，作品2
496	所有调性的前奏曲、终止式与转调，作品21
497	愿我的上帝旨意成就，BWV111
498	我将不离开我的耶稣，BWV124
499	让我们欢喜跳跃，BWV140
500	耶稣，人们渴望的喜悦，BWV147
501	咏叹调风格曲（源拼Sinfornia），BWV156a
502	若主上帝未与我们同在，BWV178
503	向主唱一首新歌，BWV190
504	尘世的欢乐，BWV20
505	耶稣，我的喜悦，BWV227
506	被钉十字架：合唱，BWV232
507	哦，受伤的神圣头颅，BWV244
508	守护吧，我的灵魂，BWV248
509	一切依赖上帝的赐福，BWV263
510	起来，我的心，与我的全身心，BWV265
511	赞美我们的主上帝，BWV272
512	基督，信徒的支柱，BWV275
513	主基督在晚餐时，BWV285
514	耶稣基督，我们的主，BWV287
515	至高的上帝，我们亲爱的主，BWV297
516	伟大的忧患之人，BWV300
517	你，美好的天地，BWV301
518	站在上帝宝座之前，BWV309
519	上帝，你就是光，BWV316
520	上帝赐下福音，BWV319
521	主，我想起那时，BWV329
522	吉他幻想曲，献给Kintore伯爵夫人，作品40
523	唯有你，主耶稣基督，BWV33
524	主耶稣基督，你已……，BWV333
525	主啊，勿在愤怒中惩罚我，BWV338
526	我永远忠实的心，BWV34
527	主，我在你的权能之中，BWV345
528	上帝，我感谢你的所有恩惠，BWV346
529	我感谢你，亲爱的主，BWV347
530	耶稣，我心中的喜悦，BWV361
531	让我们向圣灵祈求真正的信仰，BWV385
532	基督躺在死亡的束缚中，BWV4
533	向你的上帝飞翔，BWV40
534	信徒啊，你们多么有福，BWV405
535	看吧，你们这些罪人，BWV408
536	我生命的最后时刻，BWV448
537	我软弱的灵魂，鼓起勇气，BWV454
538	愿你与我同在，BWV508
539	安心吧，BWV511
540	上帝，请与我同行，BWV514
541	我的主，请允准，BWV520
542	A小调前奏曲，BWV543
543	我的灵魂，欢喜吧，BWV55
544	永恒，你如雷鸣般的词语，BWV60
545	助我赞美上帝的善，BWV613
546	旧年已逝，BWV614
547	我怀着平安与喜悦前往，BWV616
548	无罪的上帝羔羊，BWV618
549	1或2把吉他华丽变奏曲，作品9
550	世人皆须死去，BWV643
551	沉睡者，醒来，BWV645
552	亲爱的灵魂，装点自己吧，BWV654
553	让众人感谢上帝，BWV657
554	我将不离开上帝，BWV658
555	荣耀只归于至高的上帝，BWV664
556	耶稣基督，我们的救主，BWV665
557	双吉他民族波兰舞曲
558	亲爱的基督徒，让我们一同欢喜，BWV734
559	我愿向你告别，BWV736
560	上帝之子说：到我这里来，BWV74
561	父神，与我们同住，BWV748
562	上帝所行尽善，BWV75
563	此刻森林皆在安歇，BWV756
564	愿上帝怜悯我们，BWV76
565	上帝，你慈善的上帝，BWV767
566	6首大吉他独奏变奏曲，带引子与终曲（Steinfels与Horetzky）
567	〈El lilí〉安达卢西亚歌曲
568	从睡梦中醒来，BWV78
569	至爱的上帝，我何时死去，BWV8
570	我们的上帝是坚固堡垒，BWV80
571	6首法国组曲，第6号E调的小步舞曲，BWV817
572	C小调前奏曲，BWV847，第1吉他
573	C小调前奏曲，BWV847，第2吉他
574	上帝是我的盾牌，BWV85
575	大型小夜曲集锦，钢琴、小提琴、吉他、单簧管、大管或长笛与大提琴，作品63
576	救恩来到我们这里，BWV9
577	赞美你，耶稣基督，BWV91
578	唯让亲爱的上帝掌管的人，BWV93
579	主基督，上帝唯一的儿子，BWV96
580	第II乐章：小广板，BWV972，第2吉他
581	第i乐章：快板，BWV972，第1吉他
582	第i乐章：快板，BWV972，第2吉他
583	吉他、单簧管或长笛与大管小夜曲，作品66
584	〈La sentinelle〉，吉他或大提琴与声乐，作品71
585	韦伯的2首喜爱曲调主题变奏曲，长笛与吉他，作品25
586	歌剧〈Preciosa〉进行曲主题变奏曲（Hunten）
587	乡村布朗勒舞曲
588	风笛布朗勒舞曲
589	鲁特琴入场曲
590	不安的爱情
611	歌剧〈Ioconde〉浪漫曲
618	Tieck〈Genoveva〉中的〈Dicht von Felsen eingeschlossen〉，作品26
619	〈Abri La Puerta Mi China〉，第1吉他
620	〈Abri La Puerta Mi China〉，第2吉他
621	爱的歌曲：吉他独奏
622	哎，哎，哎
624	〈塞维利亚的理发师〉，小提琴与双吉他
626	爱的形象
627	不祥的光（Luz Mala）
629	引子与阿拉贡霍塔舞曲
630	森林之梦
631	优雅的姑娘：吉他哈巴涅拉舞曲；爱开玩笑的姑娘：吉他美洲舞曲
632	塔兰泰拉舞曲〈那不勒斯的回忆〉
633	维达利塔曲
634	巴西水彩画
636	学习吉他扫弦的实用方法
637	曙光
638	歌曲
639	幻想曲（源拼Fantaise）
641	回忆
642	铃儿响叮当摇滚，第1吉他
643	铃儿响叮当摇滚，第2吉他
644	第7交响曲，第4乐章
645	第5交响曲
646	简明完整的新视唱教程
647	指法谱新基础教程：学习吉他自奏及本体系的最新方法
648	〈月光〉奏鸣曲，第III乐章：激动的急板
649	〈悲怆〉奏鸣曲，作品13第2乐章
650	土拨鼠，作品52第7号
651	第8钢琴奏鸣曲〈悲怆〉
652	美丽的Minka
653	为丢失一枚便士而愤怒
654	俄罗斯民歌曲调
655	贝加马斯卡舞曲
656	悲歌即兴曲，第III首
657	圣诞节什么也得不到
658	凌晨4点
659	欢快地吻了Quaker
660	萨尔萨舞曲
662	纯净的一滴
663	从Fingall归来
665	炼金术士
666	空气精灵之舞
668	Ponce de Leon波莱罗舞曲
669	歌剧〈卡门〉哈巴涅拉舞曲
670	斗牛士
671	琶音托卡塔
672	漫步云端
673	吟游诗人男孩上战场
674	早餐前的威士忌
675	童心，2
676	童心，第1吉他（源拼Nnio）
677	童心，第2吉他（源拼Nnio）
678	童心，第3吉他（源拼Nnio）
679	匈牙利歌曲
680	Blake的布雷克当舞曲（Breakdown）
681	奔向Georgia
683	Filippo小夜曲，出自〈Skriftemaalet〉
684	那不会再发生了
685	日本筝音乐（Koto）
687	多多吻我
688	五月破晓
689	亲爱的总统先生
690	在不断变化之中
691	玫瑰之吻
692	维苏威之歌，出自〈Santa Lucia〉，曼陀林与吉他改编（Frederik Birket-Smith）
693	不止言语
694	就在这里等你
695	洒满阳光的窗户
696	清醒中的扭曲
697	抚平我心上的伤
698	九月结束时叫醒我
699	四处漫步
700	祝你圣诞快乐
701	美好的今夜
702	神秘的栖息地
707	闲暇：六弦吉他，献给爱好者，第1号
710	珊瑚岛
711	狂欢节清晨，G小调
712	在Rio漫步
713	黑人桑巴
714	两个音符的桑巴
715	Orfeu的桑巴
716	铃儿响叮当摇滚
717	很快的快板，第1号，第1吉他
718	很快的快板，第1号，第2吉他
719	恋歌，作品10（原句i gammal）
720	让我们欢喜吧，第1吉他
721	让我们欢喜吧，第2吉他
722	降B调六重奏中的主题与变奏，作品18，第1吉他
723	降B调六重奏中的主题与变奏，作品18，第2吉他
724	沙龙小品，作品11
725	第1交响曲，第4乐章
726	匈牙利舞曲第4号
727	白雪，而我走着，作品12
728	蓝色的土耳其风格回旋曲
729	这个姑娘变了
730	这个姑娘变了（原句mo a）
731	会是什么呢
732	Orly的桑巴
733	纪念Wieniavski，作品13
734	你会看到的
735	蜘蛛
736	唱着圣诞颂歌
737	摇摆59
738	神圣之日
739	照亮列国的光
740	大地震颤
741	鹰的力量
742	4个动机幻想曲，作品15
743	幻想曲，作品15
744	孤儿之歌，作品16
745	〈Du ar for〉主题幻想曲，作品17
746	〈En kvist〉主题幻想曲，作品18
747	三驾马车，作品21
748	Ph. Em. Bach回旋曲，作品23（1779）
749	L. van Beethowen回旋曲，作品23
750	责备与辩解，作品3
751	J. Haydn奏鸣曲，双吉他，作品30
752	妈妈，小鸽子，作品4
753	怒气平息，作品5
754	〈Koketten〉幻想曲，作品6
755	〈Det finns mycket i varlden〉小夜曲，作品7
756	〈威尼斯狂欢节〉主题随想曲，作品8
757	为何你如此沉思，作品9
758	俄罗斯曲调第1号，双吉他
759	C. M. Weber奏鸣曲，作品19；Mendelssohn-Bartholdy冬之歌
760	Mendelssohn冬之歌，双吉他
761	告别的记号〈So ich traurig bin〉
762	新娘房前夜间音乐的咏叹调
763	士兵
764	小姑娘
765	夜
766	思乡（Heimeweh）
767	在工作室
768	异乡的爱情
769	6课渐进练习，作品11
770	渐进小品，作品15
771	上奥地利人，作品16
772	简易悦耳的小品，作品5
773	喜爱主题〈Denkst du dran mein〉的6首华丽变奏曲
774	马德里的时髦女子
775	练习曲与独奏曲
776	希望萌绿
777	〈天佑吾王〉主题吉他独奏的6首变奏曲，作品12
778	歌剧〈自由射手〉中〈Wir winden dir den Jungfernkranz〉主题的6首协奏性双吉他变奏曲，带引子，作品6
779	莫扎特〈Wer ein Liebchen hat gefunden〉主题的6首吉他变奏曲，作品7
780	Scherrer H.的2首合唱
781	交替拨弦
782	目光的嬉戏与痛楚
783	莱茵葡萄酒舞得轻快
784	Adam的〈Regine〉6首喜爱曲调
785	25首小奏鸣曲中的第24号〈Di Tanti Palpiti〉，作品80
786	Auber的〈La part du Diable〉6首喜爱曲调
787	H. Esser歌剧〈Die zwei Prinzen〉中的5首喜爱曲调
788	Donizetti的〈La fille du regiment〉6首喜爱曲调
789	H. Esser歌剧〈Die zwei Prinzen〉中的5首喜爱曲调
790	现代吉他手：歌剧喜爱小品的吉他改编
791	著名的Spa马祖卡舞曲
792	著名的Spa马祖卡舞曲，吉他独奏改编
793	长笛或小提琴、中提琴与吉他夜曲，三重奏，作品110
794	韦伯歌剧〈Euryanthe〉集锦曲，长笛或小提琴、中提琴与吉他，三重奏，作品144
795	初学者吉他小夜曲，小提琴伴奏，二重奏，作品16
796	哑剧：双吉他二重奏，作品165
797	歌剧〈Il crociato in Egitto〉主题的第18集锦曲，长笛或小提琴、中提琴与吉他，作品187
798	Meyerbeer歌剧〈Il crociato in Egitto〉集锦曲，长笛或小提琴、中提琴与吉他，三重奏，作品187
799	小提琴与吉他，作品20
800	阿尔卑斯歌曲〈Wenn ich in der Früh aufsteh〉主题的6首变奏曲，作品22
801	〈Die Stumme von Portici〉集锦曲，长笛或小提琴与吉他，二重奏，作品220
802	歌剧〈La Muette de Portici〉波莱罗舞曲，吉他或小提琴改编，作品221（原标二重奏）
803	第20集锦曲，长笛或小提琴、中提琴与吉他，作品226（原标二重奏）
804	音乐消遣：歌剧主题简易小品集，吉他与长笛或小提琴，作品321，第1—7、9、11、13—15册（二重奏）
805	长笛或小提琴与吉他小夜曲，二重奏，作品55
806	长笛或小提琴与吉他小夜曲，二重奏，作品72
807	25首小奏鸣曲中的第9号，作品80
808	长笛或小提琴与吉他小夜曲，二重奏，作品98
809	〈Zampa〉、〈Tell〉与〈Fra Diavolo〉集锦曲
810	多部歌剧主题集锦曲
811	喜爱舞曲曲集：波尔卡、加洛普与马祖卡
812	回旋曲，三吉他改编（Jessen）
813	歌剧〈La Muette de Portici〉芭蕾曲调波莱罗，吉他或小提琴改编，作品221（原标二重奏）
814	〈La sentinelle〉主题长笛与吉他变奏曲，二重奏，作品5
815	Auber歌剧〈La Muette de Portici〉主题长笛与吉他嬉游曲，二重奏，作品63
816	在无尽之中
817	〈Industrial Melanism〉练习曲
818	〈La part du Diable〉中的6首喜爱曲调（Küffner改编）
819	我与世界隔绝（源拼abhaden）
820	悼亡儿之歌第1首
821	幻想诗，作品45
822	斗牛士：浪漫曲（Mr. Clevel de Charlemagne作词）
823	〈Renaissance〉小夜曲，声乐与吉他伴奏，作品59
824	两只燕子，作品9
825	指法谱吉他演奏艺术教程
826	欢快的田野
827	快乐的春天
828	欢乐
829	〈古风组曲〉中的行板
591	C小调奏鸣曲，第1首：阿勒曼德舞曲
592	C小调奏鸣曲，第2首：库朗特舞曲
593	C小调奏鸣曲，第3首：布列舞曲
594	C小调奏鸣曲，第4首：萨拉班德舞曲
595	C小调奏鸣曲，第5首：小步舞曲
596	C小调奏鸣曲，第6首：曲调
597	C小调奏鸣曲，第7首：吉格舞曲
598	D小调奏鸣曲，第1首：前奏曲
599	D小调奏鸣曲，第2首：阿勒曼德舞曲
600	D小调奏鸣曲，第3首：库朗特舞曲
601	D小调奏鸣曲，第4首：布列舞曲
602	D小调奏鸣曲，第5首：小步舞曲
603	D小调奏鸣曲，第6首：萨拉班德舞曲（1）
604	D小调奏鸣曲，第6首：萨拉班德舞曲
605	D小调奏鸣曲，第7首：小步舞曲II
606	D小调奏鸣曲，第8首：咏叹调
607	D小调奏鸣曲，第9首：波兰舞曲
608	A小调组曲，第1首：前奏曲
609	A小调组曲，第2首：阿勒曼德舞曲
610	A小调组曲，第3首：库朗特舞曲
612	A小调组曲，第4首：小步舞曲
613	A小调组曲，第5首：小步舞曲II
614	A小调组曲，第6首：加沃特舞曲
615	A小调组曲，第7首：萨拉班德舞曲
616	A小调组曲，第8首：小步舞曲III
617	A小调组曲，第9首：吉格舞曲
703	6首巴尔干小品，第1部分
704	6首巴尔干小品，第2部分
705	6首巴尔干小品，第3部分
706	6首巴尔干小品，第4部分
708	6首巴尔干小品，第5部分
709	6首巴尔干小品，第6部分
830	随想行板，双吉他
831	安达卢西亚速写
832	善良
833	小音乐盒
834	小歌曲（Canconeta）
835	古巴小姑娘
836	我的生命如浪涛（Mitt lif är en vag Vagen）
837	Campdevanol民间舞曲
838	Majo青年
839	速写（原词Guitana）
840	简易加沃特舞曲
841	加沃特舞曲
842	吉他小品集（影印指法谱）
843	哈巴涅拉舞曲（源拼Habenera）
845	吉卜赛悲歌：索莱阿（Solea）
846	匈牙利进行曲
847	军队进行曲
848	吉他指法谱第1册：歌曲、幻想曲、帕凡、加利亚德、阿勒曼德及各类布朗勒舞曲（巴黎，1551；影印指法谱）
849	美丽的群山（Muntanyes Regalades）
850	小斗牛舞曲（Pasodoblillo）
851	小塔兰泰拉舞曲
852	朗格多克民间曲调
853	好感
854	阿根廷探戈
855	一次爱抚（原注Senata）
856	小歌曲
857	桑布拉舞曲
858	〈古风组曲〉中的萨拉班德舞曲
859	Iamesis的天空下
860	回声
861	Cano练习曲
864	帕凡舞曲（Padoana）
865	第8利切尔卡尔曲
866	小舞曲（Ti baleto da balar bello）
867	盗贼的心（Coeur des Voleurs）
868	36首圆舞曲中的2首小练习曲
869	Aguinaldo圣诞歌曲〈Melisa y Verina〉
870	Albazo风格曲〈Mila〉
871	Baguala民歌曲〈Johan〉
872	巴伊昂舞曲〈Gustavo〉
873	玻利维亚拜莱西托舞曲
874	拜莱西托舞曲〈Silvia〉
875	哥伦比亚班布科舞曲
876	波莱罗舞曲〈Antoine〉
877	小音乐盒〈Laureana〉
878	歌剧〈Ernani〉中Elvira的卡瓦蒂纳
879	智利歌曲
880	摇篮曲〈Luciana〉
881	Portena歌曲
882	小狂欢舞曲〈Thibaut〉（Carnavalito）
883	查卡雷拉舞曲〈Diego〉
884	查卡雷拉舞曲
885	查马梅舞曲〈Santiaguito〉
886	Chamarrita舞曲〈Clementina〉
887	肖罗〈Pedro〉
888	歌剧〈Ernani〉引子
889	Cifra风格曲〈Jorge〉
890	智利库埃卡舞曲
891	库埃卡舞曲〈Jose〉
892	昆比亚舞曲〈Maciek〉
893	儿童舞曲〈Aline〉
894	节庆之日
895	加洛帕舞曲〈Bruno〉
896	阿根廷加托舞曲
897	加托舞曲〈Fada〉
898	Gualambao舞曲〈Diana〉
899	马祖卡、吉卜赛姑娘与卡楚恰舞曲
900	瓜拉尼亚曲〈Sarita〉
901	Huella舞曲〈Maria〉
902	霍罗波舞曲〈Leandro〉
903	儿童游戏〈Samuel〉
904	传奇〈Simon〉
905	乌拉圭米隆加，24首南美小品
906	米隆加〈Citlallin〉
907	港口风格米隆加〈Zeynep〉
908	哥斯达黎加Paillo曲〈Pierre〉
909	Pala Pala舞曲〈Alejandra〉
910	帕西约舞曲〈Laura〉
911	波尔卡舞曲〈Rodrigo〉
912	玛格丽塔岛Polo曲
913	委内瑞拉Polo曲
914	后奏曲〈Ema〉
915	Rasguido doble风格曲〈Joaquin〉
916	巴西桑巴
917	桑巴〈Guadalupe〉
918	Sanjuanito舞曲〈Zurine〉
919	谐谑曲，或4首变奏曲，作品10
920	小夜曲〈Mira〉
921	山地风格曲〈Javier〉（Serrano）
922	玻利维亚Takirari舞曲
923	探戈〈Jose Maria〉
924	黑人主题
925	托纳达曲〈Belen〉
926	暴风雨〈Daniel〉
927	Trunifo风格曲〈Florian Andreas〉
928	委内瑞拉圆舞曲
929	委内瑞拉圆舞曲〈Alp〉
930	克里奥尔小圆舞曲〈Laurita〉
931	维达拉曲〈Ana Lucia〉
932	维达利塔曲〈Jimena〉
933	秘鲁Wayno舞曲
934	赞巴舞曲〈Sofia〉
935	蒂罗尔主题大变奏曲，作品12
936	Harry Lime主题
937	梅伦格舞曲
938	4首蒙费里纳舞曲，第1吉他
939	4首蒙费里纳舞曲，第2吉他
940	昨夜月下
941	感受我的爱
942	F小调夜曲，作品55第1号
943	前奏曲，作品28第11号
944	喜爱的〈湖上女郎〉卡瓦蒂纳主题变奏曲，作品18
945	歌剧〈湖上女郎〉的2个喜爱主题，作品18与24
946	所有大调与小调的36首随想曲，作品20
947	〈诺玛〉主题变奏曲，作品201
948	〈革命〉练习曲
949	给Adeline的叙事曲，第1吉他
950	给Adeline的叙事曲，第2吉他
951	爱的婚礼
952	温柔的Mary放下她的孩子
953	匈牙利民族旋律，作品203
954	广板2
955	啊，温柔的Robyn
957	杜鹃
958	小小琐事
959	谐谑小回旋曲，作品204
960	波希米亚狂想曲
961	疯狂的小玩意，叫作爱
962	杀手女王
963	喜爱的〈Zelmira〉卡瓦蒂纳主题引子与变奏曲，作品21
964	骄傲与喜悦
965	我们是冠军
966	小品（Toy）
967	现代旋律集，作品222第1册
968	现代旋律集，作品222第2册
969	现代旋律集，作品222第3册
970	现代旋律集，作品222第4册
971	6首小随想曲，作品250
972	吉他学习教程，作品250
973	歌剧〈Zelmira〉的喜爱主题，作品26
974	罗西尼歌剧〈Cenerentola〉喜爱主题协奏性变奏曲，吉他与钢琴，或双小提琴、中提琴与大提琴伴奏，作品28
975	罗西尼原创主题的吉他与钢琴协奏性变奏曲，作品28
976	大利切尔卡尔曲，作品3
977	罗西尼〈Cendrillon〉浪漫曲主题变奏曲，作品30
978	歌剧〈阿尔及利亚的意大利女郎〉二重唱与随想曲，作品5
979	大练习曲，作品60
980	36首难度渐进圆舞曲，作品63
981	歌剧〈阿尔及利亚的意大利女郎〉卡瓦蒂纳，作品7
982	歌剧〈阿尔及利亚的意大利女郎〉选曲〈Pensa alla Patriade〉，作品8
983	吉他学习
984	〈An Alexis send ich dich〉主题与变奏
985	3首吉他奏鸣曲，小提琴必奏，作品17
986	一个夏夜
987	歌曲
988	木吉他之魂（Acoustic Spirit）
989	Aleza的双眼
990	Trollhättan的回忆
991	美丽的女子（Bella Donna）
992	生于海中
994	接近天堂
995	沙漠之花
996	Delphi山谷的回声
997	再见，Robbie
998	大峡谷
999	地中海之舞
1000	母亲的泪
1001	就在昨天
1002	自由奔跑
1003	给Carol的歌，第1吉他
1004	给Carol的歌，第2吉他
1005	同一片天空下
1006	离开吧，Renee，第2吉他
1007	离开吧，Renee
1008	为什么不呢
1009	丑角
1011	赞美上帝
1012	自从我的星辰愿意……（Poi Che Volse La Mia Stella）
1013	组曲中的费拉拉风格帕凡舞曲
1014	组曲中的皮瓦舞曲
1015	圣诞曲
1016	告别Stromness
1017	母亲的孩子（El Noi de Mare）
1018	M. Mouton悼曲
1019	2首阿拉伯风格曲，第1号：小行板
1020	〈通向帕纳索斯山阶梯〉博士
1021	亚麻色头发的少女（源拼Cheveaux）
1022	〈贝加莫组曲〉前奏曲
1023	良好的意图
1024	失落的城市
1025	来自抗议歌曲
1026	来自午后
1027	面具游行
1028	今日天气晴好
1029	今天害怕我吧
1031	无言之海
1032	无言之海，第2吉他
1033	讯息
1034	讯息，第2吉他
1035	别要求我当你的朋友
1036	遗忘
1037	今天
1038	Aguinaldo圣诞歌曲
1039	委内瑞拉风格曲
1040	赞歌
1041	一颗星如何哭泣
1042	加莱隆曲（Galeron）
1045	Guatirena奎尔帕曲（Quirpa）
1046	狂热
1047	一滴偷偷落下的泪
1048	深沉而盲目的布鲁斯风格曲（Big Blind Bluesy）
1049	市中心的跺脚舞
1051	她能为自己辩解吗
1052	Digorie Piper船长的加利亚德舞曲
1053	再来吧
1054	哀诉
1055	Dowland的加利亚德舞曲
1056	Case博士的帕凡舞曲
1057	命运，我的敌人
1058	离开我的窗前：简易版
1059	离开我的窗前
1060	Hasellwood的加利亚德舞曲
1061	Hammond夫人的阿勒曼德舞曲
1062	Hunsdon夫人的阿勒曼德舞曲
1063	Laiton夫人的阿勒曼德舞曲
1064	欢迎Willoughby勋爵归来
1065	忧郁的加利亚德舞曲
1067	Winter夫人的跳跃
1068	Dowland先生的午夜
1069	Vaux夫人的吉格舞曲
1070	White夫人的无物
1071	White夫人的小东西
1072	Nicol夫人的阿勒曼德舞曲
1074	Piper的帕凡舞曲
1075	伊丽莎白女王的加利亚德舞曲
1076	圆形战斗加利亚德舞曲（Round Battle Galliard）
1077	John Smith爵士的阿勒曼德舞曲
1078	商人的女儿：加泰罗尼亚民曲，吉他和声改编
1079	入睡吧，任性的思绪
1080	Tarleton的复活（源拼Riserrectione）
1081	尊敬的Derby伯爵Ferdinando的加利亚德舞曲
1082	尊敬的Essex伯爵Robert的加利亚德舞曲
1083	Lady Rich的加利亚德舞曲（原题另署Robert）
1084	鞋匠的妻子：小品
1085	Walsingham加利亚德舞曲
1087	我在外漫步时
1088	灌木与荆棘
1089	关于一位勇敢的水手
1091	矮矮的金雀花丛中
1092	我的男孩Willie
1093	童话，作品119第I首
1094	〈Kalinka〉，作品119第iii首
1095	可怜的Sally坐着哭泣
1096	唱着常春藤
1097	组曲，第iii首：圆舞
1098	低地里的年轻Edwin
1102	摇篮：卡纳里舞曲
1113	捕捉光
1115	Caleb的报告
1116	盒中的爵士
1117	Laguna的沙
1118	双六发左轮手枪
1119	U2集锦曲
1120	给Heidi的白玫瑰
1122	索尔主题变奏曲，作品15
1123	歌剧主题变奏曲，作品1
1124	歌剧〈Le Macon〉主题华丽变奏曲，作品15
1125	贝利尼歌剧〈梦游女〉喜爱主题幻想曲，作品22
1126	Aphrodite圆舞曲，作品4
1127	Carino波尔卡马祖卡舞曲，双吉他
1128	奥地利Margareten恋歌
1129	我的Nackeldei
1130	2首低地德语歌曲〈Ja Ja〉
1131	2首低地德语歌曲〈Lewark〉
1132	淘气鬼之歌：感激且谦逊
1133	太迟
1134	2首卡德里尔对舞曲，作品13
1135	歌剧〈Il Crocialo〉喜爱曲调第1混成曲，作品20
1136	12首加洛普舞曲，作品23
1137	Reichstadt公爵的圆舞曲
1138	吉他教程笔记
1139	回忆与遗憾，作品1
1140	圣诞节我想要的只有你
1141	圣诞节我想要的只有你，第2吉他
1142	绿手指的人，2
1143	绿手指的人
1144	泪：柔板，作品2
1146	Amy，第2版本
1099	阿勒曼德舞曲H
1100	阿勒曼德舞曲J
1101	阿勒曼德舞曲K
1103	库朗特舞曲H
1104	库朗特舞曲N
1105	库朗特舞曲Q
1106	库朗特舞曲R
1107	库朗特舞曲S
1108	库朗特舞曲T
1109	库朗特舞曲U
1110	库朗特舞曲W
1111	吉格舞曲H
1112	萨拉班德舞曲J
1150	泪：柔板，来自第1十弦吉他大协奏曲，作品2
1151	Biskie，第3版本
1153	Borsalino，现场版
1155	Borsalino，第3版本
1157	任性的姑娘，作品3
1158	穿新鞋的Chaplin，CAAS2006现场版
1159	圣诞回忆；Wheels
1160	圣诞回忆；Wheels
1161	Classical Gas，现场版
1162	Classical Gas（Walk Don't Run）间奏
1163	北方之花，作品3第1号
1164	Classical Gas引子
1167	俄罗斯民族曲调〈Kamarinskaia〉音乐会改编与变奏，十弦吉他，作品5
1174	想念我：吉他练习曲，献给Nap. Coste，作品6
1178	Mertz的回忆，作品9
1181	西班牙小夜曲（Fortea改编）
1189	Mombasa，第2版本
1191	老兄弟Hubbard，2
1192	老兄弟Hubbard
1193	老兄弟Hubbard
1194	滑音练习曲
1195	小坏蛋（Son of a Gun）
1197	Sukiyaki，现场版
1199	TE牧场
1200	B还是不B
1201	C还是不C
1202	从澳大利亚走来（Up From Down Under）
1204	马拉加的道路
1205	低音弦上的法尔塞塔段落
1206	赞美索莱阿
1207	弗拉门戈敲击
1208	吉卜赛浪漫曲
1209	Escudero塞维利亚纳舞曲
1210	春天：Mendelssohn无词浪漫曲，作品12
1213	大婚礼进行曲
1214	大西洋高地
1217	圣诞节就是……
1218	鬼火之歌
1219	大阿拉贡霍塔舞曲，吉他
1220	致敬Claude Debussy
1221	鬼火
1222	巴西黑发小姑娘，第2吉他
1223	巴西黑发小姑娘
1224	也许，也许，也许
1225	Jean Racine赞歌
1226	慈悲的耶稣（Pie Jesu）
1227	点燃我的火
1228	放出来的魔鬼
1229	回忆（原拼Souvernir）
1230	随想曲第1号，作品11
1231	随想曲第2号，作品11
1233	礼物：Recado波萨诺瓦
1234	亲切的人
1235	花束
1236	〈花束〉帕凡舞曲，作品41第2号
1237	〈花束〉马祖卡舞曲，作品41第3号
1239	梦幻回忆：吉他、长笛与小提琴三重奏
1242	夜行列车
1243	诗意练习曲〈Dialogano〉
1244	我的最爱（源拼Favourita）
1245	长大后的圣诞愿望单
1246	长大后的圣诞愿望单，第2吉他
1247	哥伦比亚风格曲（Columbiana）
1248	带变奏的曲调〈La Frescobalda〉
1249	L. van Beethoven小夜曲，小提琴、中提琴与吉他三重奏改编（Matiegka）
1250	L. van Beethoven小夜曲，小提琴、中提琴与吉他三重奏改编（Matiegka）
1251	远远在马槽里，第1吉他
1252	远远在马槽里，第2吉他
1253	意大利风格曲
1254	意大利组曲，第I乐章：活泼的快板，第1吉他
1255	意大利组曲，第I乐章：活泼的快板，第2吉他
1256	韦拉克鲁斯伦巴舞曲
1257	她的双眼合上了
1258	长笛、中提琴与吉他夜曲，三重奏，作品21
1259	他们夺不走我的那份情
1260	婚姻生活：〈Up〉主题
1261	给Bonfa的拥抱
1262	快车2222
1263	每一位巴伊亚姑娘
1264	Gilewitz的回声
1265	我亲爱的爱人
1266	水与葡萄酒，第1吉他
1267	水与葡萄酒，第2吉他
1268	〈Candyman〉主题音乐盒，第1吉他
1269	〈Candyman〉主题音乐盒，第2吉他
1270	Truman入睡，第1吉他
1271	Truman入睡，第2吉他
1272	精灵之舞
1273	长笛、中提琴与吉他小夜曲，三重奏，作品26
1274	圣母颂（来源同时署Bach、Gounod与Franz Schubert）
1275	西班牙舞曲第12号：阿拉伯风格曲
1276	西班牙舞曲第8号：阿斯图里亚斯风格曲
1277	西班牙舞曲第4号：乡村风格曲
1278	题献
1279	东方，舞曲第2号，第1吉他
1280	东方，舞曲第2号，第2吉他
1281	西班牙舞曲第11号：桑布拉舞曲
1282	西班牙舞曲第6号：阿拉贡风格曲
1283	西班牙舞曲第7号：瓦伦西亚风格曲
1284	乡村风格曲
1285	Anitra之舞，主题
1286	Ase之死
1287	清晨氛围，第1吉他
1288	清晨氛围，第2吉他
1289	清晨氛围，吉他独奏
1290	清晨情绪
1291	感受与幻觉的叙事曲
1292	歌剧〈La prova de un opera seria〉序曲（Campanone）
1293	深情的夜曲
1294	热情的夜曲
1295	夏日心绪
1296	地道的兰德勒舞曲
1297	百慕大三角的出口
1298	布鲁斯并不干涩
1299	Buck舞者的选择
1301	有色人种贵族
1302	死亡悄然而至
1303	Schliersee的回忆：幻想曲
1304	扬起尘土
1305	Kinklets两步舞曲
1306	Lemon的跳跃
1309	无母的孩子
1310	Parson的泥泞
1311	Schliersee的回忆
1312	Pigtown弗林舞曲
1313	看那个坐在篱笆上的姑娘
1315	Blarney的朝圣者
1317	钢丝绳
1318	来自Donori的女人
1319	Yazoo盆地布吉曲
1320	狩猎：〈Jeune Henri〉序曲（Francesco Calegari改编）
1321	圣诞时节来到了，第2吉他
1322	圣诞时节来到了
1341	Daisy进行曲
1342	Moorea低音声部
1350	Daisy进行曲，吉他独奏（源拼itarre）
1351	练习曲2（Cramer-Meier）
1352	Cramer练习曲的吉他改编
1353	〈For now home sweet home〉：吉他或鲁特琴歌曲与独奏曲，改编及原创曲，第1—2期
1354	Cramer钢琴练习曲的吉他改编
1355	〈Nur nix ubahud ln〉莱茵舞曲；〈Lammerstraat Leed〉古汉萨歌曲
1356	Nussdorf吉他手进行曲
1357	西班牙圆舞曲，献给Rischel主任（G. Meier，Hamburg）
1358	〈仲夏夜之梦〉婚礼进行曲
1359	小歌曲，作品12第1号
1360	降E大调小歌曲，作品12
1361	无词歌1，作品19
1362	威尼斯船歌，作品19
1363	威尼斯船歌第6号，作品19B
1364	西班牙特色歌剧〈Los dos Fígaros〉序曲
1365	贝利尼歌剧〈清教徒〉选曲
1366	贝利尼歌剧〈梦游女〉选曲
1367	小行板（Freie Vereinigung第7号）
1368	欢迎圣诞节
1369	硬糖圣诞节
1370	船歌（Gitarristische Vereinigung第5号）
1371	硬糖圣诞节，第2吉他
1372	示巴女王的到来
1373	你是否烦忧，吉他
1374	音乐会吉他独奏曲，钢琴改编
1375	向主歌唱
1376	合唱
1377	水上音乐：霍恩派普风格曲，HWV349
1378	牧羊人Sinfonie
1379	霍恩派普舞曲
1380	吉他独奏小协奏曲
1381	普世欢腾
1382	歌剧〈Xerxes〉广板
1383	让我哭泣吧
1384	〈弥赛亚〉序曲
1385	Schulz协奏曲与〈Hugenotten〉
1392	德国曲调幻想曲（Freie Vereinigung第7号）
1396	D小调奏鸣曲
1397	〈快乐的铁匠〉主题
1398	〈水上音乐〉曲调
1399	当牧羊人看守羊群时
1400	祭司Zadok
1401	公社（Commune）
1402	狂欢节万岁（第II吉他缺失）
1403	北方之歌，作品725
1404	德国人之歌
1405	练习曲（Freie Vereinigung第1号）
1406	空中的界限
1408	因为它在那里
1410	11只小蟑螂
1411	假日
1413	吉他练习曲（Freie Vereinigung第6号）
1414	中途停留
1416	木腿速度王
1417	衣衫褴褛的孩子
1418	Rickover的梦
1419	赤裸的茎
1421	乐谱集第14页的练习曲
1422	与好友共度时光
1423	绿树之下
1425	但是很美，第1吉他
1426	但是很美，第2吉他
1427	该死的梦，第1吉他
1428	该死的梦，第2吉他
1429	自笔手稿练习曲第1号
1430	那个雨天来到了，第1吉他
1431	那个雨天来到了，第2吉他
1432	想象，第1吉他
1433	想象，第2吉他
1434	像坠入爱河的人，第2吉他
1435	像坠入爱河的人
1436	自笔手稿练习曲第2号
1437	Dixie之地
1439	宇宙吉他手，第1吉他
1440	宇宙吉他手，第2吉他
1441	巴伊亚的市场
1442	自笔手稿练习曲第3号
1443	献给狂野老妇人的托卡塔
1444	晚祷
1445	Alice的奇幻世界
1447	自笔手稿练习曲第4号
1448	白昼渐长
1449	清晨的乌鸫
1168	Tommy Emmanuel范例1
1169	Tommy Emmanuel范例2
1170	Tommy Emmanuel范例3
1171	Tommy Emmanuel范例4
1172	Tommy Emmanuel范例5
1173	Tommy Emmanuel范例6
1175	Tommy Emmanuel范例7
1176	Tommy Emmanuel范例8
1177	Tommy Emmanuel范例9
1323	按照我的方式，第1吉他
1324	按照我的方式，第2吉他
1325	按照我的方式，第3吉他
1326	欢乐，第1吉他
1327	欢乐，第2吉他
1328	欢乐，第3吉他
1329	欢乐，第4吉他
1330	〈Bem Bem Maria〉，第1吉他
1331	〈Bem Bem Maria〉，第2吉他
1332	〈Bem Bem Maria〉，第3吉他
1334	星系，第1吉他
1335	星系，第2吉他
1336	〈加州旅馆〉引子，第1吉他
1337	〈加州旅馆〉引子，第2吉他
1338	〈加州旅馆〉引子，第3吉他
1339	灵感，第1吉他
1340	灵感，第2吉他
1343	〈Moorea〉，第1吉他
1344	〈Moorea〉，第2吉他
1345	〈Moorea〉，第3吉他
1346	法老，第1吉他
1347	法老，第2吉他
1348	法老，第3吉他
1349	法老，第4吉他
1386	A小调奏鸣曲，第1首：快板
1387	A小调奏鸣曲，第2首：柔板
1388	A小调奏鸣曲，第3首：托卡塔
1389	A小调奏鸣曲，第4首：小步舞曲
1390	A小调奏鸣曲，第5首：小步舞曲II
1391	A小调奏鸣曲，第6首：萨拉班德舞曲
1393	A小调奏鸣曲，第7首：吉格舞曲
1394	A小调奏鸣曲，第8首：帕萨卡利亚舞曲
1395	A小调奏鸣曲，第9首：赋格
1450	Blackwater河畔
1452	回来吧，宝贝
1453	自笔手稿练习曲第5号
1454	Kildare的Curragh
1455	破晓
1456	现在你听见我了吗
1457	顺流而下
1459	如美好的周日清晨般清新
1460	从内心出发
1461	高涨的情感
1462	自笔手稿练习曲第6号
1463	如果你在想我
1464	只是一个简单的灵魂
1465	Nancy夫人
1468	你的爱多么强烈
1469	给Jo的一首曲子
1470	诉苦（Poor Mouth）
1471	自笔手稿练习曲第7号
1472	美丽的Saro
1473	漂泊将要了我的命
1474	离家而去
1475	傻女人
1476	烟雾缭绕的河
1477	圣Fiacre的复仇
1478	沿公路漫步
1479	告诉我何为真爱
1480	自笔手稿练习曲第8号
1481	时刻将会来到
1482	3位梦想者
1483	Tic Tocative，第2吉他
1485	贝利尼〈诺玛〉主题幻想曲
1486	旅行者
1490	〈海盗〉主题幻想曲
1492	韦伯最后的构思主题幻想曲
1493	蜜蜂吸蜜之处
1494	Alabama欢庆
1495	飞舞的手指
1496	天芥菜花束
1497	原创拉格泰姆曲集
1498	银色天鹅
1499	轻松的赢家
1500	垂柳
1501	事情就是这么简单（Bob's Your Uncle）
1502	又踩在我的背上
1503	告别：英国民歌（乐谱集）
1504	喷泉跳跃
1505	月食
1506	我亲爱的Martha
1507	哦，亲爱的
1508	推卸责任
1509	仍有余温
1510	爱尔兰民歌（乐谱集）
1511	永远的草莓园
1513	真相暴露了（The Jig Is Up）
1514	前往New Amsterdam
1515	White Pass小径
1516	前往晚祷
1517	〈Lucie de Lammermoor〉主题大随想曲
1518	双吉他即兴曲
1519	〈Je pense a to〉（Freie Vereinigung第4号）
1520	布谷鸟（Musikalische Rundschau）
1521	F调马祖卡舞曲，双吉他
1522	F. Chopin马祖卡舞曲
1523	吉他教程
1524	悲歌第1首：在他心爱之人的墓前
1525	悲歌第2首〈I think your〉
1526	悲歌第3首：葬礼进行曲
1527	G. Meyerbeer歌剧〈北方之星〉，作品100
1528	6首舒伯特歌曲的吉他改编，作品13
1529	F. Schubert小夜曲，作品13第1号
1530	F. Schubert〈邮车〉，作品13第2号
1531	F. Schubert〈停留〉，作品13第4号
1532	F. Schubert〈爱的使者〉，作品13第5号
1533	F. Schubert〈信鸽〉，作品13第6号
1534	G. Donizetti歌剧〈Linda von Chamounix〉主题幻想曲，作品14
1535	G. Donizetti歌剧〈Don Pasquale〉嬉游曲，作品15
1536	F. Flotow〈Martha〉，作品16
1537	G. Meyerbeer〈先知〉，作品21
1538	F. Abt歌曲〈Agathe〉，作品22第1—2号
1539	作品24第1—2号：第1号H. Proch〈钟声〉；第2号P. Lindpaintner〈护旗岗哨〉
1540	G. Donizetti〈Linda di Chamounix〉，作品27
1541	歌剧〈Don Juan〉主题幻想曲，作品28
1542	歌剧〈Alessandro Stradella〉主题幻想曲，作品29
1543	歌剧〈Belisar〉主题幻想曲，作品30
1544	歌剧〈Des Teufels Antheil〉主题幻想曲，作品31
1545	H. Proch〈小花〉，作品34
1546	V. Bellini〈梦游女〉，作品35
1547	二重奏，作品38第1号：德国曲调
1548	二重奏，作品38第3号：舞会
1549	Cyanen续集，作品5
1550	C. M. Weber喜爱主题随想曲，作品50
1551	失落；齐特琴演奏者，作品52
1552	G. Verdi〈Nabucco〉，作品62
1553	G. Verdi〈弄臣〉，作品63
1554	Suppe〈乡村姑娘〉，作品8第18号
1555	Rossini〈塞维利亚的理发师〉，作品8第23号
1556	Boieldieu〈白衣女郎〉，作品8第25号
1557	Nicolai〈温莎的风流娘儿们〉，作品8第33号
1558	O. Nicolai〈温莎的风流娘儿们〉，作品85
1559	G. Verdi〈游吟诗人〉，作品86
1560	G. Donizetti〈La Favorita〉，作品87
1561	〈El Ole〉、〈La Madrilena〉，作品89
1562	一闪而过的思绪：狂想曲
1563	Mertz的回忆：随想曲
1564	Johann Strauss最喜爱舞曲选集
1565	塔兰泰拉舞曲（第I吉他缺失）
1566	E小调变奏曲
1567	双吉他晚祷之行
1568	4首练习曲（Vereinigung第4号）
1569	华丽变奏曲，带引子与尾声，作品2
1570	小牧神的故事
1571	碎屑（Häckerling）
1572	梦见鬈发上的小花环
1573	歌剧〈Roberto il Diavolo〉地狱圆舞曲
1574	利切尔卡尔曲（Recercata）
1575	优雅幻想曲
1576	大奏鸣曲，作品7
1577	傍晚
1578	我不会忘记你
1579	3首西班牙歌曲，钢琴与吉他伴奏
1580	一个真相：歌曲，钢琴与吉他伴奏
1581	蒂拉纳风格波莱罗舞曲（Boleras atiranadas）
1582	〈La bola〉波莱罗舞曲
1583	青豆波莱罗舞曲
1584	反复音型波莱罗舞曲（Sonsonete）
1585	12首歌曲，吉他伴奏
1586	谜
1588	疑惑
1589	承诺
1590	吉卜赛人的爱情
1591	受戏弄的Nice，或小眼睛
1592	六弦组吉他演奏基础，前附一般音乐基础知识
1593	六弦组吉他演奏基础，前附一般音乐基础知识
1594	2首Bertini练习曲
1595	2首练习曲
1596	所有大调与小调的24首前奏曲
1597	4个Beethoven主题
1598	吉他指法谱第1册：歌曲、加利亚德、帕凡、布朗勒、阿勒曼德与幻想曲（Guillaume Morlaye，巴黎1552）
1599	吉他指法谱与西特琴第4册（Guillaume Morlaye及其他作者，巴黎1552）
1600	吉他指法谱第2册：歌曲、加利亚德、帕凡、布朗勒、阿勒曼德与幻想曲（Guillaume Morlaye，巴黎1553）
1601	吉他指法谱第3册：二重奏、三重奏与Janequin三声部战役曲（Simon Gorlier，巴黎1551）
1602	6首吉他随想曲
1603	一阵风
1604	痛苦
1605	Lario的庆典
1606	抒情小夜曲
1607	慢圆舞曲
1608	Alexandre帕凡舞曲
1609	3册指法谱音乐集（塞维利亚1546；影印指法谱）
1610	〈阿尔卑斯之王〉中的小咏叹调
1611	吉他声部伴奏概论（马德里1714；影印指法谱）
1612	多首喜爱主题的3首集锦曲，作品2
1613	韦伯歌剧〈自由射手〉喜爱主题双吉他集锦曲，作品3
1614	贝利尼歌剧〈清教徒〉主题双吉他集锦曲，作品33
1615	贝利尼歌剧〈清教徒〉主题集锦曲，作品33
1616	喜爱歌剧主题双吉他集锦曲，作品4
1617	歌剧〈Fra Diavolo〉集锦曲，作品5
1618	喜爱歌剧主题双吉他集锦曲，作品5
1619	喜爱歌剧主题集锦曲，长笛、小提琴或中提琴与吉他，长笛声部亦可由小提琴演奏，作品6
1620	Cecilia曲集
1621	较新歌剧喜爱主题的集锦曲（简易小品分册）
1622	较新歌剧喜爱主题的双吉他集锦曲（简易小品第6册）
1623	丹麦颂歌
1624	华丽圆舞曲
1625	大胆的小姑娘，双吉他
1626	小男孩
1627	Batuque舞曲，双吉他
1630	随想曲（源拼Caprise）
1631	杜姆卡曲
1632	第1音乐会组曲，第1首：引子
1633	第1音乐会组曲，第2首：圆舞曲
1634	第1音乐会组曲，第3首：间奏曲；第4首：马祖卡舞曲
1635	加沃特舞曲；祈祷
1636	即兴曲（源拼Impromtu）
1637	幻想小步舞曲；悲歌
1638	原创曲集第1册
1639	原创曲集第2册
1640	第2音乐会组曲，第1首：嬉游曲
1641	第2音乐会组曲，第2首：Arlequin与Colombine
1642	第2音乐会组曲，第3首：马祖卡风格曲
1643	6首吉他与小提琴变奏曲
1644	苏格兰曲调主题的第3钢琴与吉他二重奏
1645	精选喜爱主题的8首吉他与钢琴二重奏
1646	精选喜爱主题的8首吉他与钢琴二重奏
1647	Donizetti〈Anna Bolena〉喜爱曲调主题引子与变奏，钢琴与吉他二重奏
1648	威尼斯夜曲〈Buona notte amato bene〉主题引子与变奏曲，钢琴与吉他
1649	9首吉他与钢琴二重奏
1650	〈Non più mesta〉：吉他与钢琴二重奏改编曲调系列第1首
1651	第2钢琴与吉他二重奏，作品10
1652	Meyerbeer歌剧〈Robert〉中〈L'or est une chimère〉，吉他与钢琴二重奏曲调系列第4首，作品12
1653	Himmel主题协奏性双吉他二重奏，作品16
1654	Himmel圆舞曲主题引子与变奏，西班牙吉他，第2吉他或钢琴伴奏，作品16
1655	6首双吉他嬉游曲，作品6
1656	浪漫曲，突出地（Marcato）
1657	16首独奏小品
1658	Príncipe剧院的拉曼查塞吉迪亚舞曲，作品4
1659	西班牙女王的吉他圆舞曲，作品5
1660	公爵的爱情
1661	舞会
1662	丑角
1663	女人善变
1664	吉他幻想曲〈天佑女王〉
1665	歌剧回忆，吉他与钢琴，第10号
1666	歌剧回忆，吉他与钢琴，第6号
1667	12首施蒂里亚兰德勒舞曲，作品21
1668	Gérolstein大公夫人
1669	〈地狱中的Orpheus〉歌曲选集
1670	Subiza的磨坊主
1672	新隆德尼亚曲（Rondeña）
1673	D大调卡农（原注ch、tr Minami）
1674	第1大回旋曲，作品10，M
1675	第1双吉他大回旋曲，作品10
1676	V. Bellini〈诺玛〉主题变奏曲，作品16
1677	Bellini〈Montechi e Capuleti〉主题幻想曲，作品17，M
1678	Bellini〈Montechi e Capuleti〉主题幻想曲，作品17
1679	第1双吉他大波兰舞曲，作品18
1680	Bellini〈诺玛〉主题幻想曲，作品20，M
1681	Bellini〈诺玛〉主题幻想曲，作品20
1682	Mayerbeer〈Robert le Diable〉主题幻想曲，作品21
1683	Bellini〈La Straniera〉主题幻想曲，作品22
1684	Donizetti〈Anna Bolena〉主题幻想曲，作品23
1685	V. Bellini〈梦游女〉主题幻想曲，作品24
1686	Mayerbeer歌剧〈Robert le Diable〉主题变奏曲，作品25
1687	V. Bellini〈Montechi und Capuletti〉主题引子与变奏曲，作品26
1688	V. Bellini〈Montechi u Capuletti〉主题引子与变奏曲，作品26
1689	Bellini〈清教徒〉主题幻想曲，作品51
1690	Bellini〈梦游女〉主题引子与变奏曲，作品52
1691	里拉琴曲集，作品53
1692	思念，作品57
1693	记念我，作品58
1694	人生图景，作品59
1695	吉他消遣，第4首：波兰舞曲，作品6
1696	消遣，作品6
1697	孤独的女子，作品60
1698	Donizetti〈Lucrezia Borgia〉主题引子与变奏曲，作品61
1699	威尼斯狂欢节，作品62
1700	威尼斯狂欢节主题协奏性双吉他变奏曲，作品62
1701	威尼斯狂欢节，作品62
1702	匈牙利民族曲调主题吉他引子与变奏曲，作品9
1703	26首原创曲
1704	随想曲第23号（Osinskiy）
1705	随想曲第24号（Borka）
1706	随想曲第24号（Larichev）
1707	〈Centone di Sonate〉6首奏鸣曲，小提琴与吉他
1708	女巫之舞
1709	如歌曲，小提琴与吉他，M.S.109
1710	D调如歌曲，小提琴与吉他，M.S.109（源拼Cantabileforbviolin）
1711	吉他奇想小品集（Ghiribizzi），M.S.43
1712	吉他奏鸣曲集，M.S.84
1713	多首吉他小品，M.S.85—105
1714	6首小提琴与吉他奏鸣曲，作品2a2
1716	斜向与反向音阶
1717	原创主题小提琴华丽变奏曲，钢琴或吉他伴奏
1718	威尼斯狂欢节主题变奏曲
1719	曼陀林风格歌曲
1720	曼陀林风格歌曲
1721	吉他理论与实践课程教程
1722	Auber歌剧〈La fiancée〉动机主题大幻想曲，作品25
1723	低音吉他夜曲，作品41
1724	西班牙曲调第2集，钢琴与吉他伴奏
1725	教程第2版
1726	D小调肖罗
1728	问询：肖罗
1729	丹麦吉他新教程补编
1730	钟声
1731	6首吉他独奏教学圆舞曲，作品3
1732	小提琴与吉他变奏曲（原注conc）
1733	小提琴与吉他协奏性变奏曲
1734	阿尔卑斯号角之歌
1735	三度吉他与基调吉他嬉游曲
1736	瑞典曲调主题幻想曲
1737	卡楚恰：西班牙舞曲，七弦吉他改编
1738	6首吉他独奏圆舞曲，作品1
1739	6首圆舞曲，作品1
1740	瑞典主题的简易双吉他嬉游曲，作品11
1741	挪威民族曲调〈Sönner af Norges det æld gamle Rige〉吉他幻想曲，作品12
1742	三驾马车，作品14
1743	俄罗斯民族曲调〈Bože, carja chrani!〉吉他幻想曲，作品15
1744	俄罗斯国歌〈Boze, carja chrani〉吉他幻想曲，作品15
1745	歌剧〈Les Huguenots〉喜爱主题的四吉他幻想曲，作品16
1746	歌剧〈Les Huguenots〉喜爱主题的四吉他幻想曲，作品16
1747	歌剧〈Les Huguenots〉喜爱主题的四吉他幻想曲，作品16
1748	歌剧〈Montekki i Kapuletti〉主题嬉游曲，作品17
1749	贝利尼〈I Capuletti ed i Montecchi〉主题嬉游曲，作品17
1750	〈Boze Carja chrani〉幻想曲，作品18
1751	上帝保佑沙皇，作品18
1752	红色萨拉凡裙，作品19
1753	红色萨拉凡裙幻想曲，作品19
1754	我怎样令你伤心了，作品21
1755	我怎样令你伤心了：变奏曲，作品21
1756	〈Čem tebja ja ogorčila〉七弦吉他变奏曲，作品21
1757	Bellini喜爱主题的沙龙幻想曲，双吉他，作品22
1758	2个主题及变奏、进行曲与圆舞曲，七弦吉他，作品23
1759	圆舞曲、进行曲与2个主题，作品23
1760	Bellini歌剧〈La Straniera〉主题双吉他幻想曲，作品24
1761	Bellini喜爱的〈Le Pirata〉卡瓦蒂纳主题变奏曲，作品26
1762	俄罗斯浪漫曲主题二重奏，吉他与小提琴或长笛，作品27
1763	喜爱的俄罗斯浪漫曲主题二重奏，吉他与小提琴或长笛，作品27
1764	〈韦伯最后的构思〉主题吉他与钢琴幻想曲，作品28
1765	6首教学圆舞曲，作品3
1766	Bellini〈梦游女〉曲调主题的吉他与钢琴小二重奏，作品30
1767	浪漫曲主题幻想曲，作品31
1768	旋律主题幻想曲，作品32
1769	我的回忆，作品6
1770	我的回忆，作品6
1771	我的回忆：1或2把吉他嬉游曲，作品6
1772	吉他集锦曲，第2吉他伴奏，作品9
1773	主题与变奏
1774	主题与变奏
1775	主题与变奏
1776	蒂罗尔曲调及变奏
1777	现代体系的吉他与班杜里亚琴指法谱教程
1778	第2变奏主题，小提琴、吉他与大提琴三重奏，第2号，作品18
1779	小奏鸣曲，长笛与吉他二重奏改编，第1册
1780	4首C大调作品
1781	雨滴（Sadepisara）
1782	胚芽之旅
1783	起源
1784	我会没事的
1785	小星星
1786	保持灯芯修剪，让灯燃烧
1787	在Chelsea的第3周
1788	真正的信仰
1789	城堡呼唤
1790	相当突然
1791	墨西哥小谐谑曲
1792	忍不住爱上那个男人，第1吉他
1793	忍不住爱上那个男人，第2吉他
1794	那个雨天来到了，第1吉他
1795	那个雨天来到了，第2吉他
1796	很久以前，在遥远之地，第1吉他
1797	很久以前，在遥远之地，第2吉他
1799	Carmine街
1800	做错事
1802	谎言
1804	与粉红噪声共舞
1805	付出这么多，只换来这么少
1807	涟漪
1808	还有男孩
1809	运动员
1810	婴儿的眼睛
1811	道晚安之前
1812	羁绊（Bonds）
1813	男孩的梦
1814	爱的道路（源拼Chamins）
1815	霜的光辉
1816	改变世界
1817	敞篷车
1818	蒲公英
1819	莎莉花园畔
1820	流动的云
1821	夏末之海
1822	永恒
1823	长大
1824	开始（Hajimari）
1825	练习曲续集，作品48第1册
1827	幸福
1828	心弦
1829	梦中
1830	灵感
1831	岛民
1833	回忆（Omoide）
1834	练习曲续集，作品48第2册
1835	午夜孤独
1836	奇迹之山
1837	十一月
1838	心灵之地
1839	雨中的窗
1840	爱的致意
1841	Silver Thaw的光辉
1842	不眠之夜
1843	春天来了
1844	溪流
1845	夏日节拍
1846	日落峰顶
1848	遥远的记忆（Tooi Kioku）
1849	真相
1850	奔行的风
1851	冬
1852	美好的今夜
1853	长江
1854	昨日重现
1855	两个人（fu ta ri）
1857	无词歌与速写〈黄昏〉
1858	哭一会儿
1859	要是我有脑子就好了
1861	一厢情愿
1862	无词歌与速写〈被遗忘〉：即兴曲
1863	无词歌与速写〈悲伤〉、〈失去的爱〉、〈悲叹〉
1864	无词歌与速写〈思念〉与〈疲倦〉
1865	临近正午的鳟鱼
1866	手风琴的钟声（源拼Acordian）
1867	街的对面
1868	灵巧的N
1869	隔绝空气（Airproofing）
1870	无论如何
1871	豆子时刻
1872	更大的局面
1873	坏掉的自行车
1875	Gilewitz的回声
1876	破壳齿（Eggtooth）
1877	8英里高处
1878	白昼中的空洞
1879	小Martha
1880	乡间生活
1881	机器第2号
1884	红与白
1885	圆环，现场版
1886	呼吸管
1887	偷走
1888	Taxco的台阶
1889	塔姆布兰回旋曲，吉他改编（Barbe）
1891	西瓜
1892	夜间仙境
1893	〈Do Not Scold Me〉民曲（原注Native）
1894	田野中立着白桦树
1895	古风小步舞曲
1897	Kutilang鸟（Burung Kutilang）
1898	光辉（Sinaran）
1900	苏格兰舞曲
1901	自行车
1902	进行曲〈Am grünen Ehein〉
1903	年轻人，看看你的鞋
1904	仅此一次
1908	Papelon之舞
1909	永远舒适自在：巴伐利亚兰德勒舞曲
1910	小黑人
1911	男孩
1912	小猫
1915	阿拉瓜Pasaje曲
1917	委内瑞拉组曲第1首：Registro
1918	委内瑞拉组曲第2首：黑人之舞
1919	委内瑞拉组曲第3首：歌曲
1920	委内瑞拉组曲第4首：圆舞曲
1922	三联曲第1首〈Armida〉
1923	三联曲第2首：黎明
1924	三联曲第3首：黑人姑娘
1925	委内瑞拉圆舞曲第1号〈Tatiana〉
1926	委内瑞拉圆舞曲第2号〈Andreina〉
1927	委内瑞拉圆舞曲第3号〈Natalia〉
1930	勃艮第布朗勒舞曲3
1931	勃艮第布朗勒舞曲4
1932	勃艮第布朗勒舞曲5
1933	安达卢西亚
1934	Lecumi舞曲
1935	巡游队伍（La Comparsa）
1937	河湾美女
1938	Coging的荣耀
1939	Kinvarra的孩子
1940	Jack夫人的最后抵抗
1941	破损的指甲
1942	瑟堡的雨伞
1943	看看会发生什么
1944	Funkomatic，第I首
1945	变奏曲调1，作品21
1946	月下，第1吉他
1947	月下，第2吉他
1956	变奏曲调2，作品22
1969	Galisteo的暮色，二重奏，第1吉他
1970	Galisteo的暮色，二重奏，第2吉他
1971	爱的歌曲
1972	Montmartre之歌
1973	匈牙利狂想曲第2号
1974	小钟（La Campanella）
1976	商人的女儿
1977	夜莺
1978	索尔主题变奏曲，作品15
1979	东方，作品232第2号（来源署名Miguel Llobet与Issac Albeniz）
1980	悲叹
1981	回答
1982	五月的爱
1983	恰空舞曲
1986	E小调〈禁食〉（Ayuno）
1987	Tenek舞曲
1988	失爱
1989	一月作品（Enero Opus）
1993	升向天空（原文pao）
2003	黑人姑娘的叹息
2006	Chinitas咖啡馆
2009	献给Cadiz的珍珠
2012	Huelva凡丹戈〈Aires Choqueros〉
2014	铁路街区
2015	嫉妒的姑娘
2016	安达卢西亚根脉
2017	雄鸡啼唱时
2021	香桃木丛中
2022	两水之间，三重奏，邦戈鼓
2023	两水之间，三重奏，第1吉他
2024	两水之间，三重奏，第2吉他
2025	Lucia的法鲁卡曲（Farruca）
2028	巴伊亚姑娘的心爱之物（Xodo da Baiana）
2029	泉源与水流
2030	赞颂Nino Ricardo
2032	Lucia的瓜希拉曲
2033	冲劲
2034	Puerto Real平原
2035	松树林
2036	风情万种的马拉加姑娘，三重奏，第1吉他
2037	风情万种的马拉加姑娘，三重奏，第2吉他
2038	风情万种的马拉加姑娘，三重奏，第3吉他
2039	Ch. von Breuning摇篮曲
2042	地中海太阳舞，二重奏，第1吉他
2043	地中海太阳舞，二重奏，第2吉他
2044	我的灵感（原词Inspiration）
2047	盐之修道院
2048	弗拉门戈面包师
2051	弗拉门戈打击乐
2052	高处广场
2053	San Juan广场
2054	小广场
2056	雄鸡啼唱时
2057	Patio的回忆：阿莱格里亚斯曲
2066	魔法
2067	吉卜赛踏跟舞
2068	探戈及法尔塞塔段落（原词Sy保留）
2070	现代吉他教程：塔雷加学派第1册
2072	Monty的Zarda，二重奏，第1吉他
2073	Monty的Zarda，二重奏，第2吉他
2074	〈Zyryab〉三重奏，第1吉他
2075	〈Zyryab〉三重奏，第2吉他
2076	〈Zyryab〉三重奏，第3吉他
2077	现代吉他教程：塔雷加学派第2册
2078	现代吉他教程：塔雷加学派第3册
2079	这是最深重、最苦涩的痛楚
2080	心中有阳光
2081	宁静的幸福
2082	〈西班牙吉他和声随想集〉3首小品，第I首：前奏曲
2083	〈西班牙吉他和声随想集〉3首小品，第II首：加沃特舞曲
2084	〈西班牙吉他和声随想集〉3首小品，第III首：吉格舞曲
2085	西班牙吉他和声随想集（Bergamo，1692；伦敦British Library影印指法谱）
2086	西班牙吉他和声随想集中的吉格舞曲
2087	回忆
2088	歌剧〈阿尔及利亚的意大利女郎〉中〈Pensa alla patria〉合唱与回旋曲，吉他独奏改编（Luigi Legnani，作品8a）
2089	歌剧〈Mois〉的2首芭蕾曲调，钢琴与吉他改编（Matteo Carcassi，作品28第1号）
2090	罗西尼歌剧〈Moise〉的2首芭蕾曲调，钢琴与吉他改编（Matteo Carcassi，作品28第2号）
2091	歌剧〈阿尔及利亚的意大利女郎〉二重唱
2092	〈灰姑娘〉，圆舞曲拍的吉他、长笛与小提琴三重奏改编（I. H. C. Bornhardt，作品159）
2093	〈Semiramide〉引子中的进行曲，1或2把吉他改编（Mauro Giuliano）
2094	罗西尼歌剧〈La Semiramis〉祈祷曲
2095	〈Semiramide〉五重唱〈Qual mesto gemito〉，长笛或小提琴与吉他改编
2096	歌剧〈湖上女郎〉回旋曲与变奏，长笛与吉他改编（Ph. Ernst，第16号）
2097	罗西尼序曲集第2号〈灰姑娘〉，小提琴与吉他改编（Ferd. Carulli）
2098	漫游者的夜歌（Fr. Birket-Smith改编）
2099	幻想圆舞曲
2100	拖鞋
2101	黑骑士（源拼Schwartze）
2102	我听见镰刀沙沙作响
2103	吉他教程，附精选托卡塔曲集
2104	吉他教程，附精选托卡塔曲集
2105	2首作品：A小调坚定而突出地，E小调小行板
2106	吉他小品册页集（Henrik与Frederik Rung），第1—2册
2107	2首吉他三重奏
2108	吉他小品册页集（Henrik与Frederik Rung），第1—2册
2109	悲歌：意大利的回忆，第I首
2110	晨歌
2111	意大利的回忆，第III首：布列舞曲
2112	意大利语及丹麦语词的双声部歌曲集，歌唱教学用，第I册
2113	2首吉他三重奏（1864）
2114	2首吉他三重奏，a
2115	2首吉他三重奏，m
2116	2首吉他三重奏
2117	说不清的什么（El no sé qué）
2118	请求
2129	民歌曲调
2130	葡萄酒与玫瑰的日子
2131	梦之城
2132	直达宝贝身边
2133	〈Hatari〉主题
2134	〈Emily〉二重奏，第1吉他
2135	〈Emily〉二重奏，第2吉他
2136	自杀无痛（Suicide Is Painless）
2137	在山脉高处，第1吉他
2138	在山脉高处，第2吉他
2139	随着伦巴的节奏
2140	马拉加风格曲
2141	阿莱格里亚斯风格的演奏
2142	塞吉里亚斯风格的演奏（Siguiriyas）
2143	法鲁卡风格的演奏
2144	布莱里亚风格的演奏
2145	索莱阿风格的演奏
2146	Tientos风格的演奏
2147	阿莱格里亚曲（Alegria）
2148	英国小舞曲
2149	抢步波莱罗（Bolero Robado）
2150	Curro Paula卡尼亚曲（Cana）
2151	Fillo卡尼亚曲（Cana）
2152	马拉加风格曲
2153	拉曼查风格曲
2154	面包师（Panaderos）
2157	Fillo波罗曲（Polo）
2158	第2部分
2159	山地风格曲（Serranas）
2160	吉卜赛塞吉里亚斯曲（Siguirillas）
2161	小塞吉里亚斯曲（Siguirillas）
2162	Arcas的索莱阿曲
2163	Vito舞曲
2164	祝福这天气
2165	对你的爱无法更多
2166	就在刚才
2167	愿你永不……
2168	凝固的空气
2169	可爱的小谜团
2170	哈瓦那微风：瓜希拉曲
2171	Alosno凡丹戈舞曲
2172	第1索莱阿曲
2173	我的歌谣：塞维利亚纳舞曲
2174	塞维利亚纳舞曲（源拼Sevillianas）
2175	传统索莱阿法尔塞塔段落
2176	冲动：探戈
2177	塔兰托曲（Tarantos）
2178	Verdiales风格曲
2179	摩尔Zamra曲（源拼）
2180	〈Thais〉中的沉思曲（源拼Mediation）
2181	黑色的泪
2182	妈妈，他们来自山间（Mama Son De La Loma）
2183	对舞曲，作品3第2号
2187	漂流
2188	乌木海岸
2189	人人都想统治世界
2190	猎人之月
2191	进入海洋
2192	悬浮汽车的钥匙
2193	我作为CPA的生活
2197	Samus的星际驱动器（Stardrive）
2198	她
2199	从未见面的朋友，右手
1948	巴塞罗那之夜，四重奏，第1吉他
1949	巴塞罗那之夜，四重奏，第2吉他
1950	巴塞罗那之夜，四重奏，第3吉他
1951	巴塞罗那之夜，四重奏，第4吉他
1952	暴风雨，二重奏，第1吉他
1953	暴风雨，二重奏，第2吉他
1954	斗牛士的梦，二重奏，第1吉他
1955	斗牛士的梦，二重奏，第2吉他
1957	月下起舞，二重奏，第1吉他
1958	月下起舞，二重奏，第2吉他
1959	浪漫之花，四重奏，第1吉他
1960	浪漫之花，四重奏，第2吉他
1961	浪漫之花，四重奏，第3吉他
1962	浪漫之花，四重奏，第4吉他
1963	心仍在跳动，三重奏，第1吉他
1964	心仍在跳动，三重奏，第2吉他
1965	心仍在跳动，三重奏，第3吉他
1966	〈Santa Fe〉三重奏，第1吉他
1967	〈Santa Fe〉三重奏，第2吉他
1968	〈Santa Fe〉三重奏，第3吉他
1990	抒情的奇异产物，四重奏，第1吉他
1991	抒情的奇异产物，四重奏，第2吉他
1992	抒情的奇异产物，四重奏，第3吉他
1994	抒情的奇异产物，四重奏，第4吉他
1995	存在的低语，五重奏，第1吉他
1996	存在的低语，五重奏，第2吉他
1997	存在的低语，五重奏，第3吉他
1998	存在的低语，五重奏，第4吉他
1999	存在的低语，五重奏，第5吉他
2000	〈Zacatecas〉三重奏，第1吉他
2001	〈Zacatecas〉三重奏，第2吉他
2002	〈Zacatecas〉三重奏，第3吉他
2010	在你身旁，二重奏，第1吉他
2011	在你身旁，二重奏，第2吉他
2018	育婴堂的孩子，二重奏，第1吉他
2019	育婴堂的孩子，二重奏，第2吉他
2026	撕裂的弗雷沃舞曲，二重奏，第1吉他
2027	撕裂的弗雷沃舞曲，二重奏，第2吉他
2040	Lecuona的马拉加风格曲，二重奏，第1吉他
2041	Lecuona的马拉加风格曲，二重奏，第2吉他
2045	磨咖啡，二重奏，第1吉他
2046	磨咖啡，二重奏，第2吉他
2049	激情、优雅与火，二重奏，第1吉他
2050	激情、优雅与火，二重奏，第2吉他
2058	宽阔的河，二重奏，第1吉他
2059	宽阔的河，二重奏，第2吉他
2060	即兴伦巴舞曲，二重奏，第1吉他
2061	即兴伦巴舞曲，二重奏，第2吉他
2062	马拉加山地风格曲，二重奏，第1吉他
2063	马拉加山地风格曲，二重奏，第2吉他
2064	民间塞维利亚纳舞曲，二重奏，第1吉他
2065	民间塞维利亚纳舞曲，二重奏，第2吉他
2121	卡特雷特舞曲，四重奏，第1吉他
2122	卡特雷特舞曲，四重奏，第2吉他
2123	卡特雷特舞曲，四重奏，第3吉他
2124	卡特雷特舞曲，四重奏，第4吉他
2125	弗雷沃舞曲〈Isquena o pe〉，四重奏，第1吉他
2126	弗雷沃舞曲〈Isquena o pe〉，四重奏，第2吉他
2127	弗雷沃舞曲〈Isquena o pe〉，四重奏，第3吉他
2128	弗雷沃舞曲〈Isquena o pe〉，四重奏，第4吉他
2185	海豚，二重奏，第1吉他
2186	海豚，二重奏，第2吉他
272	小巴伊昂舞曲（Baia o zinho）
296	小星星（源拼Estrelita）
1985	若他问起（Se El Perguntar）
2120	小巴伊昂舞曲（Baia O Zinho）
11	Babik（Bi-Bop），第1录音版本
12	Babik（Bi-Bop），第2录音版本
13	Babik（Bi-Bop），第2录音版本
26	Del Salle，第1录音版本
27	Del Salle，第2录音版本
34	H.C.Q.昂首阔步（Strut）
35	在Boudon附近闲逛
39	〈Jeepers Creepers〉，另一录音版本
50	Montmartre：Django的跳跃
51	长崎
53	Paramount跺脚舞
54	Brouckere广场
55	Porto Cabello：墨西哥人
59	斯德哥尔摩
70	那双眼睛
126	投入另一重束缚（Ad altro laccio）
137	多么悲伤的哀叹（Qual mesto gemito）
183	科尔多瓦
186	忍冬（Kaprifol）
206	古风托纳迪利亚第1号：爱与恨
207	哎呀（Caramba）
211	Iamesis的天空下
220	母猫与流氓（La gata i el belitre）
273	我不知你如何（No se tu）
294	Bachin的小男孩
338	Cathrine小姑娘，为何你有那美丽的秀发
362	玉米粉里的小雀鸟（Tico Tico no Fuba）
367	西雅图
371	慢动作下的烤牛肉餐厅诱惑
372	纯洁灵魂即将消亡
380	科尔多瓦
401	科尔多瓦
410	罗马
438	唐人街（源拼Chinatawn）
441	汽车驶入式影院（Drive In）
442	Humahuaca的人（El Humahuaqueno）
447	Bojangles先生
450	红翼
451	岩石之巅
453	障碍赛道巷
454	大摇大摆地走（Struttin）
465	身体（Corps）
471	既然……（Puisque）
664	无为（Wu Wei）
956	树林深处（Nan Fon Bwa）
1073	Hunsdon夫人的Puffe（源拼Hundons）
1086	Wilson的Wilde
1090	Maisry夫人
1179	一点一点（Haba na Haba）
1180	一点一点（Haba na haba）
1196	大摇大摆地走（Struttin）
1203	Wabash炮弹
1232	多米诺（Domino）
1238	舞蹈缪斯Terpsicore
1451	喀里多尼亚
1488	Corcovado山
1491	Mojave沙漠
1727	Grauna鸟
1801	虾虎鱼（Goby）
1847	感谢你……（Thank You For）
1874	Cripple溪
1883	眼睛（Ojo）
1890	凡士林机关枪（Vaseline Machine Gun）
1984	Policinello丑角
2008	Zorongo舞曲
2119	双声部维拉内拉歌曲第1选集（原拼dve）
1916	Seis por derecho：霍罗波曲
