0	供爱好者研习的渐进吉他小品集，作品111，第I部分
1	供爱好者研习的渐进吉他小品集，作品111，第II部分
2	24首渐进吉他独奏初级练习，分4部分，供爱好者自学提高，作品139，第1部分
3	北国舞神：吉他独奏舞曲精选集，第1—3部分，作品147
4	Giulianate：吉他独奏抒情小品，第1（—2）部分，作品148
5	吉他英雄大奏鸣曲，作品150
6	〈塞米拉米德〉改编的12首吉他圆舞曲（带引子与大终曲）
7	大五重奏：变奏曲与波兰舞曲，吉他、两把小提琴、中提琴与大提琴，作品65
8	歌剧〈奥赛罗〉卡瓦蒂纳〈Deh' calma oh ciel〉主题变奏曲，吉他及两把小提琴、中提琴、大提琴伴奏，作品101
9	吉他练习：24首高难度曲目、前奏曲、技巧段落与独奏，作品48
10	吉他独奏歌剧主题大集锦曲（带引子与尾声），作品238
11	歌剧〈诺玛〉主题引子与变奏曲、如歌段与终曲，六弦或八弦吉他，作品201
12	马祖卡、吉卜赛舞与卡楚恰：3首民族舞曲的简易吉他独奏改编
13	6首吉他小随想曲（补充作品250）
14	所有大调与小调的36首吉他随想曲，作品20
15	36首难度渐进的吉他独奏圆舞曲
16	多尼采蒂歌剧〈Linda di Chamounix〉旋律的吉他小幻想曲，作品27
17	威尔第歌剧〈游吟诗人〉旋律的吉他小幻想曲，作品86
18	威尔第歌剧〈弄臣〉主题的吉他与钢琴嬉游曲，作品60
19	6首小提琴与吉他奏鸣曲，作品2
20	6首小提琴与吉他奏鸣曲，作品2
21	热那亚的回忆：Giovanni Rinaldi船歌的九弦吉他改编
22	罗西尼歌剧〈塞米拉米德〉五重唱〈Qual mesto gemito〉，长笛或小提琴与吉他改编
23	威尔第歌剧〈茶花女〉选曲的吉他独奏改编
24	威尔第歌剧〈Ernani〉中Ernani的卡瓦蒂纳，长笛与吉他改编
25	威尔第歌剧〈Ernani〉中Elvira的卡瓦蒂纳，长笛与吉他改编
26	威尔第歌剧〈弄臣〉精选旋律的吉他改编，作品8第21号
27	贝多芬小夜曲的小提琴、中提琴与吉他改编（吉他声部简易）
28	来自远方：苏格兰舞曲（书目补注为吉他独奏）
29	吉他创作曲与改编曲集
30	威尔第的回忆：吉他幻想曲
31	歌曲〈Tengo più di trentun' anni e mi voglio maritar〉的吉他独奏变奏曲，作品147
32	吉他练习：24首高难度曲目、前奏曲、技巧段落与独奏，作品48
33	意大利之花：意大利音乐精选的吉他独奏改编，作品146，第1部分
34	歌剧〈塞米拉米德〉序曲的吉他独奏改编
35	那不勒斯歌曲〈Si monaca te faje, io frate mi farò〉主题的4首吉他独奏变奏曲与终曲，作品144
36	趣味练习：吉他原创小品集，作品98
37	舞剧〈Il barbiere di Seviglia〉选曲的吉他改编，作品16
38	罗西尼主题幻想曲第VI号，作品124（〈塞米拉米德〉、〈湖上女郎〉与〈科林斯之围〉主题）
39	歌剧〈诺玛〉主题引子与变奏曲、如歌段与终曲，六弦或八弦吉他，作品201
40	马祖卡、吉卜赛舞与卡楚恰：3首民族舞曲的简易吉他独奏改编
41	吉他独奏加沃特舞曲
42	歌剧〈Lucrezia Borgia〉主题的吉他独奏幻想曲
43	Il Fronimo：吉他与鲁特琴季刊
44	帕萨梅佐主题加利亚德舞曲：古典吉他改编（原鲁特琴指法谱）
45	长笛、小提琴、中提琴与吉他四重奏
46	多位古典作曲家的6首咏叹调，长笛与吉他改编
47	Mercadante主题的吉他独奏变奏曲
48	贝利尼等作曲家歌剧主题的吉他小奏鸣曲改编
49	Coppola歌剧〈La pazza per amore〉选段的简易吉他独奏改编
50	3首双吉他二重奏（吉他音乐文库第I年第XI号）
51	吉他序曲
52	两把小提琴与吉他三重奏
53	罗西尼歌剧〈灰姑娘〉大序曲的吉他改编
54	长笛、小提琴、中提琴与吉他小夜曲
55	罗西尼歌剧〈Aureliano in Palmira〉大序曲的吉他独奏改编
56	6首吉他变奏曲
57	罗西尼歌剧〈塞米拉米德〉中〈Giuro ai Numi〉主题的吉他变奏曲
58	6首里拉琴或吉他独奏大变奏曲，作品112
59	卡瓦蒂纳〈Di tanti palpiti〉主题的6首华丽简易吉他变奏曲
60	吉他独奏变奏曲
61	萨瓦主题的吉他独奏大变奏曲
62	吉他与管弦乐队伴奏的变奏曲
63	3首吉他与小提琴或长笛二重奏（吉他音乐文库第1年第10号）
64	3首小提琴与吉他二重奏
65	多尼采蒂歌剧〈Anna Bolena〉的小提琴与吉他改编
66	罗西尼歌剧〈阿尔及利亚的意大利女郎〉大序曲的吉他独奏改编
67	36首吉他独奏曲（书目补注：随想曲）
68	Weigl三重唱〈Pria che l'impegno〉主题的吉他独奏变奏曲
69	罗西尼歌剧〈阿尔及利亚的意大利女郎〉二重唱〈Ai capricci della sorte〉的吉他独奏改编
70	罗西尼歌剧〈阿尔及利亚的意大利女郎〉卡瓦蒂纳〈Languir per una bella〉的吉他独奏改编
71	罗西尼歌剧〈阿尔及利亚的意大利女郎〉合唱与回旋曲〈Pensa alla Patria〉的吉他独奏改编
72	吉他与小提琴二重奏第3号
73	Mercadante歌剧〈Elisa e Claudio〉二重唱〈Dove mai, dove trovanto?〉，两支长笛、小提琴与吉他改编
74	3首吉他与长笛或小提琴二重奏
75	法国吉他嬉游曲集
76	法国吉他田园曲
77	吉他回旋曲
78	吉他独奏大奏鸣曲
79	西班牙福利亚主题的吉他变奏曲
80	舞剧〈L'Allievo della Natura〉中〈Danza de' tre Moretti〉主题的吉他变奏曲
81	舞剧〈La Vestale〉选曲的吉他独奏改编
82	Mercadante歌剧〈Elisa e Claudio〉中〈Coro degli Sgherri〉主题的吉他独奏引子与变奏曲
83	罗西尼如歌旋律主题的吉他独奏集锦曲
84	罗西尼如歌旋律主题的吉他独奏集锦曲
85	四季：4首法国吉他独奏奏鸣曲
86	法国吉他主题与变奏曲
87	6首小提琴与吉他奏鸣曲
88	贝利尼歌剧〈诺玛〉卡瓦蒂纳〈Casta Diva che inargenti〉的吉他独奏改编
89	Generali清唱剧〈Jefte〉合唱〈Tacita notte e bruna〉的吉他独奏改编
90	音乐算术游戏：用2枚骰子编作无数吉他圆舞曲
91	Sinfonia（两把小提琴、大提琴与吉他协奏）
92	新年祝福：长笛、小提琴与吉他小夜曲
93	两支长笛与吉他轮流演奏的嬉游曲
94	Mercadante歌剧〈Elisa e Claudio〉咏叹调〈Ah d'amor〉，小提琴、长笛与吉他改编
95	Mercadante歌剧〈Il Posto Abbandonato〉二重唱〈Non temer mio bel Cadetto〉，中提琴与吉他改编（源注〈ADELE ed EMERICO〉）
96	Mercadante歌剧〈Elisa e Claudio〉选曲〈Fin che al fianco io non ti veda〉，长笛、2把小提琴、吉他与巴松管
97	新年的第一天：长笛、小提琴与吉他小夜曲
98	Rossini：两支长笛、小提琴与吉他嬉游曲
99	小夜曲：3首长笛、小提琴与吉他小奏鸣曲
100	Sinfonia（吉他独奏）
101	小提琴与吉他华丽小二重奏
102	Rossini：两支长笛、小提琴与吉他嬉游曲
103	吉他与小提琴协奏性二重奏及变奏曲
104	歌剧〈凯普莱特与蒙泰古〉第1终曲的吉他独奏改编
105	Vaccai二重唱〈Deh! Lascia ch'io respiri〉，长笛、2把小提琴、吉他与巴松管（源补注〈Zadig ed Astarte〉）
106	罗西尼原创主题的吉他与钢琴协奏性变奏曲
107	随想圆舞曲：用两张表格编作各不相同的法国吉他圆舞曲的简易方法
108	6首小咏叹调，吉他伴奏（高音谱号）
109	4首小咏叹调，吉他伴奏（高音谱号），作品11
110	献给女士们的吉他幻想曲集，作品14
111	6首法国对舞曲，吉他
112	启程：吉他抒情奏鸣曲
113	〈La Contadina bizzarra〉中卡瓦蒂纳〈Venga avanti〉，吉他伴奏（高音谱号）
114	10首法国对舞曲，吉他
115	卡瓦蒂纳〈Da voi sperar vorrei〉，吉他伴奏（高音谱号）
116	卡瓦蒂纳〈Quando io era bambinella〉，吉他伴奏（高音谱号）
117	3首小提琴与吉他二重奏
118	6首小咏叹调，S.声部与吉他或钢琴伴奏
119	蒙费里纳舞曲、圆舞曲、佩里戈尔舞曲与对舞曲集，双吉他（亦可吉他独奏）
120	女巫对舞曲，吉他
121	3首长笛与吉他二重奏，作品26
122	Weigl主题的吉他变奏曲，作品27
123	6首法国对舞曲，吉他
124	大五重奏：吉他、两把小提琴、中提琴与大提琴变奏曲及波兰舞曲，作品65
125	大五重奏：吉他、两把小提琴、中提琴与大提琴变奏曲及波兰舞曲，作品65
126	3首小提琴与吉他二重奏
127	舞剧〈Allievo della Natura〉中〈Danza dei Moretti〉主题的吉他变奏曲，作品34（原目录标记1.）
128	西班牙福利亚主题的吉他变奏曲，作品7
129	两把小提琴、吉他、圆号与大提琴大五重奏，作品16
130	钢琴与吉他简易嬉游曲，作品56，第I册
131	舞剧〈Psammi Re d'Egitto〉主题的长笛与吉他变奏曲，作品40
132	舞剧〈Psammi Re d'Egitto〉主题的吉他变奏曲，作品41
133	钢琴与吉他简易嬉游曲，作品56，第II册
134	6首蒙费里纳舞曲、6首圆舞曲与4首英国对舞曲，两把小提琴、低音乐器与吉他，作品2
135	卡瓦蒂纳〈Da me che vuoi, che brami〉，吉他伴奏改编（高音谱号）
136	舞剧〈Otello〉中的弗尔拉纳舞曲，吉他
137	威尼斯及米兰方言歌曲〈Cara Nina〉，采用舞剧〈Otello〉弗尔拉纳舞曲主题，吉他伴奏（高音谱号）
138	3首小提琴、中提琴与吉他三重奏，供小夜曲演奏
139	3首小提琴、中提琴与吉他三重奏，供小夜曲演奏
140	3首小提琴、中提琴与吉他三重奏，供小夜曲演奏
141	罗西尼歌剧〈贼鹊〉主题的6首吉他变奏曲
142	抒情主题的吉他变奏曲，作品43
143	Viganò舞剧〈La Vestale〉选曲的吉他改编
144	Viganò舞剧〈La Vestale〉选曲的吉他改编
145	3首小提琴、中提琴、吉他与大提琴大四重奏，作品4
146	3首小提琴、中提琴、吉他与大提琴大四重奏，作品4
147	3首小提琴、中提琴、吉他与大提琴大四重奏，作品4
148	3首小提琴、中提琴、吉他与大提琴四重奏，作品5
149	3首小提琴、中提琴、吉他与大提琴四重奏，作品5
150	3首小提琴、中提琴、吉他与大提琴四重奏，作品5
151	吉他曲集：〈Tancredi〉中〈Di tanti palpiti〉主题变奏曲及〈Demetrio e Polibio〉中〈Pien di contento in seno〉主题回旋曲，作品45
152	地震主题吉他变奏曲，作品1
153	Weigl三重唱〈Pria che l'impegno〉主题的吉他变奏曲，作品4
154	吉他大利切尔卡尔或练习曲（第2版）
155	Viganò舞剧〈Bianca〉中Aiblinger的西西里舞曲，吉他
156	吉他大随想曲，作品6（第2版）
157	罗西尼歌剧〈Tancredi〉主题的吉他与长笛或小提琴集锦曲第1号
158	6首卡瓦蒂纳，吉他伴奏（高音谱号），作品21
159	Mercadante歌剧〈Elisa e Claudio〉中〈Coro degli Sgherri〉主题的吉他引子与变奏曲，作品62
160	罗西尼歌剧选曲的4首长笛与吉他嬉游曲，作品61
161	Mercadante歌剧〈Elisa e Claudio〉主题的长笛与吉他小夜曲，作品63
162	10首吉他特色小奏鸣曲，附调性准备小前奏曲与预备练习，作品64
163	吉他与钢琴大变奏曲及波兰舞曲，作品65（第2版）
164	罗马民族主题的吉他集锦曲，作品108
165	阿波罗的时光：渐进吉他小品精选，作品111，第I部分
166	6首爱尔兰曲调的吉他变奏曲，作品125
167	狩猎：吉他大回旋曲，作品109
168	凯鲁比尼歌剧〈Les Deux Journées〉进行曲主题的吉他变奏曲，作品110
169	6首吉他大变奏曲，作品112
170	吉他托卡塔
171	罗西尼歌剧〈塞维利亚的理发师〉选曲，长笛、小提琴与吉他改编，作品67（第2版）：第I幕引子、Lindoro的卡瓦蒂纳、〈Largo al factotum〉与二重唱〈All'idea di quel metallo〉
172	卡瓦蒂纳〈Guardami in viso〉，吉他伴奏（高音谱号）
173	小咏叹调〈Api erranti〉，吉他伴奏（高音谱号）
174	小咏叹调〈Ogni zeffiro che spira〉，吉他伴奏（高音谱号）
175	威尼斯小咏叹调〈Ah se ti fossi o Nina〉，吉他伴奏（高音谱号）
176	罗西尼歌剧选曲的10首小提琴与吉他卡瓦蒂纳改编：〈Tancredi〉、〈Il Barbiere〉、〈La Gazza Ladra〉、〈Torvaldo e Dorliska〉、〈La Pietra del Paragone〉、〈La Donna del Lago〉、〈Bianca e Falliero〉、〈Eduardo e Cristina〉
177	小咏叹调〈Quel cor che mi prometti〉，吉他伴奏（高音谱号）
178	小咏叹调〈Cessa di piangere〉，吉他伴奏（高音谱号）
179	威尼斯小咏叹调〈Come, no no ti dissi adesso〉，吉他伴奏（高音谱号）
180	威尼斯方言小咏叹调〈El gusto del bocolo〉，吉他伴奏（高音谱号）
181	威尼斯方言小咏叹调〈Vicin de Nina〉，吉他伴奏（高音谱号）
182	小咏叹调〈Bellezza mia cara〉，吉他伴奏（高音谱号）
183	罗西尼主题的吉他集锦曲，作品70
184	小咏叹调〈Fra tanti palpiti〉，吉他伴奏（高音谱号）
185	小咏叹调〈Languir d'amore〉，吉他伴奏（高音谱号）
186	小咏叹调〈Mio ben ricordati〉，吉他伴奏（高音谱号）
187	小咏叹调〈Dal dì ch'io vi mirai〉，吉他伴奏（高音谱号）
188	小歌曲〈Un sguardo tenero〉，吉他伴奏（高音谱号）
189	小咏叹调〈Dove sei, bell' idol mio〉，吉他伴奏（高音谱号）
190	歌剧〈Aureliano in Palmira〉小咏叹调〈perché mai le luci aprimmo〉，吉他伴奏（高音谱号）
191	歌剧〈Adele di Lusignano〉小咏叹调〈O cara memoria〉，吉他伴奏（高音谱号）
192	阿波罗的时光：渐进吉他小品精选，作品111，第II部分
193	罗西尼主题的长笛或小提琴与吉他幻想曲
194	罗西尼如歌旋律主题的长笛与吉他嬉游曲，作品69
195	6首小咏叹调，吉他伴奏（高音谱号），作品39
196	6首小咏叹调，吉他伴奏（高音谱号），作品59
197	6首小咏叹调，吉他伴奏（高音谱号），作品56
198	Pacini歌剧〈Amazilia〉卡瓦蒂纳〈Io ti vidi e t'adorai〉主题的吉他变奏曲，作品128
199	罗西尼歌剧〈塞米拉米德〉中〈Giuro ai Numi〉主题的吉他变奏曲，作品9
200	亨德尔主题的吉他变奏曲，作品107
201	罗西尼主题幻想曲第6号，吉他，作品124（〈塞米拉米德〉、〈湖上女郎〉与〈科林斯之围〉主题）
202	歌剧〈湖上女郎〉浪漫曲〈Aurora! ah sorgerai〉，吉他伴奏（高音谱号）
203	48首小提琴圆舞曲，附钢琴或吉他凭听觉即兴伴奏，含即兴式变奏
204	长笛或小提琴与吉他大集锦曲，作品126（罗西尼〈Zelmira〉、〈塞米拉米德〉、那不勒斯民歌及多尼采蒂〈Alfredo il Grande〉主题）
205	小咏叹调〈Ho sparse tante lagrime〉，吉他伴奏（高音谱号）
206	威尼斯方言小咏叹调〈La notte xe bella〉，吉他伴奏（高音谱号）
207	二重唱〈Ch' io mai vi possa lasciar〉，吉他伴奏（高音谱号）
208	2首小提琴波兰舞曲，钢琴或吉他伴奏，第1号
209	2首小提琴波兰舞曲，钢琴或吉他伴奏，第2号
210	歌剧〈L'Esule di Roma〉二重唱〈Se a me fido ognor sarai〉的中速快板，吉他改编
211	吉他嬉游曲
212	贝利尼歌剧〈海盗〉咏叹调〈Tu vedrai la sventurata〉如歌快板主题的吉他变奏曲
213	歌剧〈Il Conte Ory〉的小提琴与吉他改编，第1册
214	歌剧〈Il Conte Ory〉的小提琴与吉他改编，第2册
215	萨瓦主题的吉他大变奏曲
216	〈塞米拉米德〉改编的12首吉他圆舞曲（带引子与大终曲）
217	散步：阿那克里翁风格歌曲，吉他伴奏（高音谱号）
218	多尼采蒂歌剧〈Anna Bolena〉主题的卡德里尔对舞曲，小提琴或长笛与吉他
219	歌剧〈凯普莱特与蒙泰古〉的小提琴与吉他改编，第1册
220	歌剧〈凯普莱特与蒙泰古〉的小提琴与吉他改编，第2册
221	歌剧〈梦游女〉引子与合唱的吉他改编
222	歌剧〈梦游女〉卡瓦蒂纳〈Tutto è gioja〉的吉他改编
223	歌剧〈梦游女〉二重唱〈Son geloso〉的吉他改编
224	歌剧〈梦游女〉选曲〈Oh come lieto〉的吉他改编
225	吉他变奏曲，作品3
226	罗西尼歌剧〈灰姑娘〉中〈Non più mesta〉主题的吉他变奏曲，作品1
227	歌剧〈Elisa e Claudio〉二重唱〈Qui fra voi〉的吉他改编
228	歌剧〈Antigone〉咏叹调〈Io godrò〉的长笛与吉他改编
229	歌剧〈Andronico〉卡瓦蒂纳的长笛与吉他改编
230	Mercadante主题的吉他变奏曲
231	〈Tebaldo ed Isolina〉浪漫曲的吉他改编
232	芭蕾舞剧〈La Festa da Ballo in Maschera〉圆舞曲，长笛配钢琴或吉他，亦可配小提琴与低音乐器
233	歌剧〈魔鬼罗贝尔〉地狱圆舞曲的吉他改编
234	歌剧〈La Straniera〉与〈L'Esule di Roma〉主题的吉他随想曲
235	二重唱〈Stolto, ad un sol mio grido〉的吉他改编
236	贝利尼〈I Capuleti〉中〈L'amo, ah l' amo〉主题的5首吉他变奏曲与终曲，作品1
237	双声部田园曲〈Dormi, non piangere, Gesù diletto〉，C.与T.声部，吉他与长笛或钢琴伴奏（高音谱号），作品149
238	Belliniana：贝利尼歌剧选曲的吉他改编与变奏，作品2第1号（〈I Capuleti〉、〈Il Pirata〉、〈La Straniera〉）
239	6首苏格兰民间曲调的吉他变奏曲
240	歌曲〈Tengo più di trentun' anni〉的吉他变奏曲，作品147
241	Belliniana：贝利尼歌剧选曲的吉他改编与变奏，作品2第2号（〈诺玛〉、〈梦游女〉、〈La Straniera〉）
242	Belliniana：贝利尼歌剧选曲的吉他改编与变奏，作品2第3号（〈La Straniera〉、〈Beatrice〉、〈梦游女〉）
243	歌剧〈Anna Bolena〉的小提琴与吉他改编，第I幕
244	歌剧〈Anna Bolena〉的小提琴与吉他改编，第II幕
245	Belliniana：贝利尼歌剧选曲的吉他改编与变奏，作品2第4号（〈Beatrice〉、〈梦游女〉、〈海盗〉、〈诺玛〉）
246	Belliniana：贝利尼歌剧选曲的吉他改编与变奏，作品2第5号（〈梦游女〉、〈诺玛〉、〈I Capuleti〉）
247	Belliniana：贝利尼歌剧选曲的吉他改编与变奏，作品2第6号（〈诺玛〉、〈清教徒〉、〈Beatrice〉）
248	罗西尼歌剧〈灰姑娘〉中〈Non più mesta accanto al fuoco〉主题的吉他变奏曲，作品5
249	贝利尼歌剧〈梦游女〉中〈Ah perché non posso odiarti〉主题的吉他变奏曲，作品3
250	Mercadante主题的吉他变奏曲，作品9
251	多尼采蒂〈Lucia di Lammermoor〉主题的吉他改编，第12号；Vaccai〈Cosacco del Volga〉
252	长笛与吉他歌剧选曲，第II册：〈Lucia〉终曲与〈Il Pirata〉卡瓦蒂纳
253	歌曲〈Partant pour la Syrie〉主题的吉他与钢琴变奏曲，作品104
254	那不勒斯歌曲〈Chi ta fatta sta scarpettiella〉主题的4首吉他变奏曲与终曲，作品140
255	24首渐进吉他初级练习，分4部分，供爱好者自学提高，作品139
256	2首为E大调定弦吉他而作的大圆舞曲
257	那不勒斯歌曲〈La Riccioletta〉主题的4首吉他变奏曲与终曲，作品141
258	那不勒斯歌曲〈Si tu Nenna m'amave, n'aut' anno〉主题的4首吉他变奏曲与终曲，作品142
259	阿那克里翁颂歌，S.声部与吉他或钢琴伴奏，作品151bis
260	3首小咏叹调，T.声部与吉他伴奏（高音谱号）
261	那不勒斯歌曲〈E' nato miezo mare〉主题的4首吉他变奏曲与终曲，作品143
262	那不勒斯歌曲〈Si monaca le faje, io fratemi farò〉主题的4首吉他变奏曲与终曲，作品144
263	那不勒斯歌曲〈Sì cara, sì buona, sì bella graziosa〉主题的4首吉他变奏曲与终曲，作品145
264	Mercadante歌剧〈Il Bravo〉主题的4首小提琴与吉他幻想曲，第1号
265	Mercadante歌剧〈Il Bravo〉主题的4首小提琴与吉他幻想曲，第2号
266	Mercadante歌剧〈Il Bravo〉主题的4首小提琴与吉他幻想曲，第3号
267	Mercadante歌剧〈Il Bravo〉主题的4首小提琴与吉他幻想曲，第4号
268	4首长笛、小提琴与吉他圆舞曲（遗作）
269	贝利尼〈Bianca e Fernando〉主题的吉他变奏曲
270	郊区居民：吉他圆舞曲，作品195
271	城市与乡村生活：吉他圆舞曲，作品136
272	舞会掠影（Danza in giro／Ball-Contouren）：吉他圆舞曲
273	水仙女之舞：吉他圆舞曲，作品198
274	幻想家们：吉他圆舞曲，作品139
275	音乐协会舞曲：吉他圆舞曲，作品140
276	游吟诗人：吉他圆舞曲，作品197
277	吟游诗人：吉他圆舞曲，作品141
278	Latona圆舞曲，吉他，作品143
279	Schönbrunn圆舞曲，3把吉他，作品200
280	乡愁：施蒂里亚兰德勒舞曲，吉他，作品202
281	Mino的回忆（Minos-Klänge）：吉他圆舞曲，作品145
282	快乐漫步者：吉他圆舞曲，作品146
283	女巫之舞：吉他圆舞曲，作品203
284	吉他教程选编的12首练习
285	为Walhalla干杯：吉他圆舞曲，作品147
286	恶魔：吉他圆舞曲，作品149
287	Almacks舞曲：吉他圆舞曲，作品205
288	艺术家舞会圆舞曲，吉他，作品150
289	舞蹈随想：吉他圆舞曲，作品152
290	Loreley与莱茵河之声：吉他圆舞曲，作品154
291	欢乐伙伴：兰德勒舞曲形式的吉他圆舞曲，作品155
292	Die Rosensteiner：吉他圆舞曲，作品204
293	Astrea舞曲：吉他圆舞曲，作品156
294	Astrea舞曲：吉他圆舞曲，作品159
295	森林少女的婚礼之舞：吉他圆舞曲，作品160
296	欢乐礼炮：吉他圆舞曲，作品163
297	歌剧〈Don Pasquale〉主题的2首长笛与吉他集锦曲，第1号
298	歌剧〈Don Pasquale〉主题的2首长笛与吉他集锦曲，第2号
299	歌剧〈Lucia di Lammermoor〉主题的2首长笛与吉他集锦曲，第1号
300	歌剧〈Lucia di Lammermoor〉主题的2首长笛与吉他集锦曲，第2号
301	歌剧〈Linda di Chamounix〉主题的2首长笛与吉他集锦曲，第1号
302	歌剧〈Linda di Chamounix〉主题的2首长笛与吉他集锦曲，第2号
303	歌剧〈I Lombardi〉主题的2首长笛与吉他集锦曲，第1号
304	歌剧〈I Lombardi〉主题的2首长笛与吉他集锦曲，第2号
305	无刺玫瑰：吉他圆舞曲，作品166
306	Aurora节庆之声：吉他圆舞曲，作品164
307	Wiener Früchteln：吉他圆舞曲，作品167
308	欢迎之声：吉他圆舞曲，作品168
309	面具之歌：吉他圆舞曲，作品170
310	歌剧〈I Due Foscari〉主题的2首长笛与吉他集锦曲，第1号
311	歌剧〈I Due Foscari〉主题的2首长笛与吉他集锦曲，第2号
312	Eunomien舞曲：吉他圆舞曲，作品171
313	Odeon舞曲：吉他圆舞曲，作品172
314	维也纳舞会的秘密：吉他圆舞曲，作品176
315	歌剧〈Maria di Rohan〉主题的吉他练习曲式集锦曲第1号
316	歌剧〈Maria di Rohan〉主题的吉他练习曲式集锦曲第2号
317	歌剧〈Maria di Rohan〉主题的长笛与吉他序曲式集锦曲第1号
318	歌剧〈Maria di Rohan〉主题的长笛与吉他幻想集锦曲第2号
319	〈Ernani〉中的卡瓦蒂纳，长笛与吉他改编
320	歌剧〈Saffo〉主题的长笛与吉他序曲式集锦曲
321	歌剧〈Saffo〉的2个主题变奏曲，长笛与吉他
322	〈Giovanna d'Arco〉主题的长笛与吉他圆舞曲变奏式集锦曲第1号
323	狂欢节趣事：吉他圆舞曲，作品175
324	歌剧〈Maria di Rohan〉主题的小提琴与吉他序曲式集锦曲第1号
325	歌剧〈Maria di Rohan〉主题的小提琴与吉他幻想集锦曲第2号
326	歌剧〈Saffo〉主题的小提琴与吉他序曲式集锦曲
327	歌剧〈Saffo〉的2个主题变奏曲，小提琴与吉他
328	〈Giovanna d'Arco〉主题的小提琴与吉他圆舞曲变奏式集锦曲第1号
329	上述歌剧主题的小提琴与吉他田园序曲式集锦曲第2号
330	吉他歌剧主题大集锦曲（带引子与尾声），作品238：〈Ernani〉、〈Il Templario〉、〈Beatrice di Tenda〉与〈Nina Pazza〉
331	〈Ernani〉第II幕引子的吉他改编
332	歌剧〈Saffo〉主题的吉他圆舞曲变奏曲
333	歌剧〈Saffo〉主题的吉他幻想曲
334	奥地利欢庆之声：吉他圆舞曲，作品179
335	夏夜之梦：吉他圆舞曲，作品180
336	欢愉的生活图景：吉他圆舞曲，作品181
337	乡村绅士：吉他圆舞曲，作品182
338	Concordia圆舞曲，吉他，作品184
339	Sofia圆舞曲，吉他，作品185
340	摩尔达维亚的回忆（Moldau-Klänge）：吉他圆舞曲，作品186
341	领舞者：吉他圆舞曲，作品189（来源开头标记1）
342	Epionen舞曲：吉他圆舞曲，作品190
343	节庆旋律：吉他圆舞曲，作品193
344	无名之辈：吉他圆舞曲，作品195
345	花束：纪念Troppau的吉他圆舞曲，作品197
346	各地各有风俗：兰德勒风格吉他圆舞曲，作品198
347	Themis之声：吉他圆舞曲，作品201
348	心声：吉他圆舞曲，作品203
349	Elena圆舞曲，吉他，作品204
350	瑞典歌曲主题的吉他圆舞曲，作品207
351	燕子：吉他圆舞曲，作品208
352	Marien圆舞曲，吉他，作品212
353	6首吉他小随想曲（补充下列作品250）
354	田野之花：吉他圆舞曲，作品213
355	参与者（Gli Addetti）：吉他圆舞曲，作品216
356	舞蹈的召唤：吉他圆舞曲，作品218
357	Aeaciden：吉他圆舞曲，作品222
358	Amphion的回忆：吉他圆舞曲，作品224
359	以太之梦：吉他圆舞曲，作品225
360	歌剧〈I Due Foscari〉选曲的吉他与小提琴或长笛改编
361	歌剧〈Giovanna d'Arco〉选曲的吉他与小提琴或长笛改编
362	排忧解愁：吉他圆舞曲，作品230
363	国家的色彩：吉他圆舞曲，作品232
364	旅人的告别：吉他圆舞曲，作品237
365	和平使者：吉他圆舞曲，作品241
366	歌剧〈弄臣〉叙事歌〈Questa o quella per me pari sono〉的吉他改编
367	歌剧〈弄臣〉咏叹调〈Caro nome che il mio cor〉的吉他改编
368	歌剧〈弄臣〉二重唱〈E' il sol dell'anima, la vita è amore〉的吉他改编
369	歌剧〈弄臣〉二重唱〈Tutte le feste al tempio〉的吉他改编
370	歌剧〈茶花女〉咏叹调〈Ah forse è lui che l' anima〉的吉他改编
371	歌剧〈茶花女〉二重唱〈Parigi, o cara, noi lasceremo〉的吉他改编
372	歌剧〈茶花女〉咏叹调〈Ah forse è lui che l' anima〉的长笛与吉他改编
373	歌剧〈茶花女〉二重唱〈Pura siccome un angelo〉的长笛与吉他改编
374	歌剧〈茶花女〉二重唱〈Parigi, o cara, noi lasceremo〉的长笛与吉他改编
375	歌剧〈游吟诗人〉歌曲〈Stride la vampa〉的吉他改编
376	歌剧〈游吟诗人〉咏叹调〈Ah sì, ben mio, coll' essere io tuo〉的吉他改编
377	歌剧〈游吟诗人〉二重唱〈Mira, di acerbe lagrime〉的吉他改编
378	歌剧〈游吟诗人〉卡瓦蒂纳〈Tacea la notte placida〉的长笛与吉他改编
379	歌剧〈游吟诗人〉咏叹调〈Ah sì, ben mio, coll'essere io tuo〉的长笛与吉他改编
380	歌剧〈游吟诗人〉二重唱〈Mira, di acerbe lagrime〉的长笛与吉他改编
381	歌剧〈Fiorina〉咏叹调〈Era nube inargentata〉的吉他改编
382	歌剧〈Fiorina〉歌曲〈Amarti è limpido〉的吉他改编
383	歌剧〈Fiorina〉咏叹调〈Fra le tue balze or donami〉的吉他改编
384	歌剧〈Fiorina〉歌曲〈Amarti è, limpido〉的长笛与吉他改编
385	歌剧〈Fiorina〉终段卡巴莱塔〈Ah! vien, m' abbraccia〉的长笛与吉他改编
386	威尔第歌剧〈游吟诗人〉旋律的吉他小幻想曲，作品86
387	威尔第歌剧〈茶花女〉精选旋律的吉他改编，作品8第29号
388	威尔第歌剧〈弄臣〉精选旋律的吉他改编，作品8第21号
389	Luigi Vento大圆舞曲的六弦、八弦及九弦吉他改编
390	威尔第歌剧〈弄臣〉主题的钢琴与吉他嬉游曲，作品60
391	〈Giovanna de Guzman（西西里晚祷）〉波莱罗舞曲的长笛与钢琴或吉他改编
392	〈Giovanna de Guzman（西西里晚祷）〉波莱罗舞曲的吉他改编，钢琴或第2吉他声部可选
393	威尔第歌剧〈游吟诗人〉精选旋律的吉他改编，作品8第27号
394	威尔第歌剧〈西西里晚祷〉精选旋律的吉他改编，作品8第31号
395	多尼采蒂歌剧〈Linda di Chamounix〉旋律的吉他小幻想曲，作品27
396	威尔第歌剧〈弄臣〉旋律的吉他小幻想曲，作品63
397	歌剧〈茶花女〉选曲的吉他改编（Razzetti作品47）
398	法国吉他指板练习（第2版）
399	歌剧〈弄臣〉旋律的吉他改编
400	舞剧〈Uno Spirito Maligno〉中马祖卡舞曲的吉他改编
401	贝利尼歌剧〈清教徒〉引子与小四重唱的九弦吉他改编
402	多尼采蒂〈Lucia di Lammermoor〉主题的吉他改编（第2版）
403	Tecla之歌，吉他伴奏改编（高音谱号）
404	告别：歌曲的吉他伴奏改编（高音谱号）
405	〈Che!〉浪漫曲的吉他伴奏改编（高音谱号）
406	歌剧〈游吟诗人〉中〈Miserere〉的吉他改编
407	向前走一步：米兰民歌主题波尔卡的吉他改编
408	歌剧〈魔鬼罗贝尔〉地狱圆舞曲的吉他改编（第2版）
409	2首托斯卡纳民歌，第1号〈Tempo passato perché non ritorni〉，独唱与吉他伴奏（高音谱号）
410	2首托斯卡纳民歌，第2号〈O Santissima Vergine〉（〈Ogni sabato avrete il lume acceso〉），独唱与吉他伴奏（高音谱号）
411	多尼采蒂歌剧〈军中女郎〉主题的吉他随想曲
412	迈耶贝尔〈Le Pardon de Ploërmel〉中舞曲的吉他改编
413	〈梦游女〉中〈Ah perché non posso odiarti〉主题的九弦或六弦吉他变奏曲（钢琴伴奏可选）
414	随想圆舞曲：用两张表格编作各不相同的法国吉他圆舞曲的简易方法（新版）
415	Menny波尔卡，长笛与吉他
416	Menny波尔卡，吉他（第2声部可选）
417	La Luvisella：吉他主题与变奏曲
418	加里波第之歌——阿尔卑斯猎兵战歌〈Si scopron le tombe, si levano i morti〉的吉他改编（第2声部可选）
419	加里波第之歌——阿尔卑斯猎兵战歌〈Si scopron le tombe, si levano i morti〉的吉他改编（第2声部可选），另含长笛与吉他改编
420	歌剧〈假面舞会〉歌曲〈Di' tu se fedele il flutto m'aspetta〉，吉他伴奏改编（高音谱号）
421	威尔第歌剧〈假面舞会〉旋律的吉他改编
422	威尔第歌剧〈游吟诗人〉精选旋律的吉他改编
423	吻：华丽圆舞曲的声乐与吉他改编
424	吻：华丽圆舞曲的吉他改编（第2声部可选）
425	吻：华丽圆舞曲的长笛与吉他改编
426	吻：华丽圆舞曲的小提琴与吉他改编
427	吻：华丽圆舞曲的长笛、小提琴与吉他改编
428	〈Quando al mio piede〉浪漫曲，吉他伴奏
429	告别，姑娘，告别：船歌，吉他伴奏
430	〈Lo Varcajuolo〉那不勒斯歌曲的吉他伴奏改编
431	〈La Sorrentina〉那不勒斯歌曲的吉他伴奏改编
432	没有你我无法生活：E小调小咏叹调，吉他伴奏
433	那不勒斯歌曲〈La Carolina〉主题的吉他变奏曲
434	热那亚的回忆：G. Rinaldi船歌的九弦吉他改编
435	歌剧〈Zampa〉精选旋律的吉他改编
436	美丽的Gigogin：米兰狂欢节吉他曲，作品17
437	吉他舞曲集，作品15：1.〈可怜的Maria！〉马祖卡；2.〈爱神与Psyche〉马祖卡；3.〈Gioconda〉波尔卡；4.〈Linda〉马祖卡；5.〈Alcina〉波尔卡；6.〈Ida〉马祖卡
438	Flotow歌剧〈Marta〉主题的吉他改编，作品14
439	吉他改编曲集，作品16：1.舒曼前奏曲；2.舒曼前奏曲；3.舒曼船歌；4.巴赫前奏曲；5.古诺小夜曲；6.Gardana军旅叙事曲
440	歌剧〈西西里晚祷〉波莱罗舞曲的吉他改编，作品22
441	蓝色多瑙河：吉他圆舞曲，作品314
442	蓝色多瑙河：小提琴与吉他圆舞曲，作品314
443	蓝色多瑙河：长笛与吉他圆舞曲，作品314
444	温柔的回忆：音乐会歌曲，作品517
445	梦幻：吉他独奏幻想曲
446	梦幻：吉他独奏幻想曲
447	爱之舞，吉他或鲁特琴，作品17
448	迷人的异域风情：间奏曲
449	小歌曲〈Deh tergi quel pianto mia carà del ciglio〉，吉他或钢琴
450	梦见你：马祖卡舞曲
451	6首双声部夜曲，钢琴或吉他伴奏
452	6首双声部夜曲，钢琴或吉他伴奏
453	6首双声部夜曲，钢琴或吉他伴奏
454	6首双声部夜曲，钢琴或吉他伴奏
455	小夜曲：瓦拉几亚传说
456	甜美的回忆（简易）
457	12首渐进吉他独奏圆舞曲
458	莫扎特二重唱〈Là ci darem la mano〉主题的吉他独奏变奏曲
459	多首渐进吉他奏鸣曲（分册）
460	多首渐进吉他奏鸣曲（分册）
461	暴风雨：吉他独奏抒情奏鸣曲
462	西西里小夜曲，曼陀林与吉他（第2曼陀林声部可选）
463	加里波第之歌——阿尔卑斯猎兵战歌〈Si scopron le tombe, si levano i morti〉
464	Menny波尔卡，长笛与吉他，或吉他配可选第2声部
465	曼陀林或小提琴谐谑曲，吉他伴奏
466	单册6首吉他小品
467	歌剧〈La Favorita〉选曲〈Oh! mio Fernando〉
468	80项吉他每日练习
469	吉他独奏回旋曲
470	6首吉他前奏曲，作品46
471	6首卡瓦蒂纳，钢琴或吉他伴奏，作品39
472	歌剧〈Tancredi〉卡瓦蒂纳〈Di tanti palpiti〉主题的6首华丽简易吉他变奏曲，作品87
473	俄罗斯曲调〈Pascialiute, ludarina〉主题的6首吉他变奏曲，作品64
474	吉他嬉游曲：12首中等难度小品，作品37
475	吉他嬉游曲：12首中等难度小品，作品37
476	吉他嬉游曲：12首中等难度小品，作品37
477	吉他嬉游曲：12首中等难度小品，作品37
478	吉他练习：24首高难度曲目、前奏曲、技巧段落与独奏，作品48
479	Giulianate：吉他独奏抒情小品，作品148
480	Giulianate：吉他独奏抒情小品，作品148
481	大五重奏：吉他、两把小提琴、中提琴与大提琴变奏曲及波兰舞曲，作品65
482	萨瓦主题的吉他独奏大变奏曲
483	Carafa曲调〈Oh! cara memoria〉主题的吉他大变奏曲，作品114
484	阿波罗的时光：供爱好者研习的渐进吉他小品集，作品111（分期作品）
485	8首吉他独奏变奏曲，作品VI
486	供爱好者研习的渐进吉他小品集，作品111
487	Mad. Catalani演唱的4首曲调精选，吉他独奏装饰与变奏改编
488	6首小咏叹调，钢琴或吉他伴奏，作品95
489	6首卡瓦蒂纳，钢琴或吉他伴奏，作品39
490	趣味练习：吉他原创小品集，作品98
491	3首进行曲的吉他改编
492	3首难度渐进的吉他奏鸣曲，供初学者使用，作品71
493	18首难度渐进的夜间嬉游曲，长笛或小提琴与吉他，作品86
494	古鲁特琴指法谱选曲
495	〈浮士德〉大幻想曲，曼陀林与吉他（第2曼陀林声部可选）
496	3首吉他与小提琴或长笛二重奏
497	3首小提琴与吉他二重奏，作品8
498	舞剧〈Amenie〉主题的吉他华丽变奏曲与终曲，作品2
499	所有大调与小调的36首吉他随想曲，作品20
500	罗西尼歌剧〈威廉·退尔〉序曲中的行板与快板，吉他独奏改编，作品202
501	罗西尼歌剧〈威廉·退尔〉序曲中的行板与快板，吉他独奏改编，作品202
502	回旋曲式吉他独奏随想曲
503	〈Nel cor più non mi sento〉主题的吉他独奏大变奏曲，带宣叙调与终尾声，作品16
504	歌剧〈诺玛〉主题引子与变奏曲、如歌段与终曲，六弦或八弦吉他，作品201
505	吉他引子与回旋曲
506	原创主题的吉他引子、大变奏曲与尾声，作品27
507	吉他独奏引子、主题、变奏与终曲，作品64
508	马祖卡、吉卜赛舞与卡楚恰：3首民族舞曲的简易吉他独奏改编
509	罗西尼歌剧〈Zelmira〉、〈Corradino〉及其他原创主题的吉他独奏变奏曲，作品26
510	谐谑曲：4首吉他独奏变奏曲，用左手单指演奏，作品10
511	双曼陀林小歌曲，吉他伴奏
512	悲伤：歌曲（Mestitia）
513	12首小歌曲，钢琴或吉他伴奏
514	12首蒙费里纳舞曲与6首圆舞曲，法国吉他，作品5，第1部分（第2版）
515	12首蒙费里纳舞曲、6首意大利对舞曲与6首圆舞曲，法国吉他，第2部分，作品7
516	3首吉他与长笛或小提琴二重奏，作品15
517	3首吉他奏鸣曲（书目补注：奏鸣曲第1册）
518	协奏性吉他独奏：原创曲与改编曲精选集
519	6首简易渐进的曼陀林与吉他嬉游曲，摘自吉他伴奏练习
520	6首简易渐进的曼陀林与吉他嬉游曲，摘自吉他伴奏练习
521	琶音与和声循环：全部升降号大调及关系小调的法国吉他练习，作品15
522	6首小咏叹调，吉他伴奏，作品56
523	6首小咏叹调，吉他伴奏，作品59
524	细微色彩：吉他小夜曲、谐谑曲与匈牙利舞曲
525	细微色彩：吉他小夜曲、谐谑曲与匈牙利舞曲
526	意大利与德国小咏叹调，吉他伴奏（无歌者时可由小提琴代奏）
527	3首小提琴、中提琴、吉他与大提琴大四重奏，作品4
528	3首小提琴、中提琴、吉他与大提琴四重奏，作品5
529	伦巴第学生乐队（Estudiantina lombarda）：马祖卡舞曲，1或2把曼陀林与吉他
530	6首小歌曲，古钢琴或竖琴或吉他伴奏
