0	〈清教徒〉：歌剧主题集第3号，吉他曲（贝利尼音乐）	〈清教徒〉：歌剧主题集第3号，吉他曲
1	〈游吟诗人〉，吉他曲，作品86（威尔第音乐）	〈游吟诗人〉，吉他曲，作品86
2	〈游吟诗人〉，吉他曲，作品86（威尔第音乐）	〈游吟诗人〉，吉他曲，作品86
3	〈游吟诗人〉：歌剧主题集第27号，吉他曲（威尔第音乐）	〈游吟诗人〉：歌剧主题集第27号，吉他曲
4	〈游吟诗人〉，吉他曲（原题将Jl解释为Il；威尔第音乐）	〈游吟诗人〉，吉他曲
5	儿童童话，吉他曲
6	布谷鸟（24首简易娱乐小品）
7	〈茶花女〉，吉他曲（威尔第音乐）	〈茶花女〉，吉他曲
8	〈宠姬〉，吉他曲（唐尼采蒂音乐）	〈宠姬〉，吉他曲
9	〈宠姬〉：歌剧主题集第16号，吉他曲（唐尼采蒂音乐）	〈宠姬〉：歌剧主题集第16号，吉他曲
10	〈魔鬼的份额〉：歌剧主题集第19号，吉他曲（欧伯音乐）	〈魔鬼的份额〉：歌剧主题集第19号，吉他曲
11	〈魔鬼的份额〉，吉他曲（原题将de解释为du；欧伯音乐）	〈魔鬼的份额〉，吉他曲
12	Piper先生的嘉利亚德舞曲
13	〈梦游女〉，吉他曲（贝利尼音乐）	〈梦游女〉，吉他曲
14	威尼斯狂欢节：主题变奏曲，吉他曲，作品6
15	威尼斯狂欢节，作品6
16	无词歌；玛祖卡舞曲（均为吉他曲）	无词歌；玛祖卡舞曲，吉他曲
17	〈拉美莫尔的露西娅〉，吉他曲（唐尼采蒂音乐）	〈拉美莫尔的露西娅〉，吉他曲
18	〈卢克雷齐娅·博尔贾〉，吉他曲（唐尼采蒂音乐）	〈卢克雷齐娅·博尔贾〉，吉他曲
19	〈卢克雷齐娅·博尔贾〉：歌剧主题集第1号，吉他曲（唐尼采蒂音乐）	〈卢克雷齐娅·博尔贾〉：歌剧主题集第1号，吉他曲
20	〈Marco Spada〉，吉他曲（欧伯音乐）	〈Marco Spada〉，吉他曲
21	〈Marco Spada〉：歌剧主题集第26号，吉他曲（欧伯音乐）	〈Marco Spada〉：歌剧主题集第26号，吉他曲
22	〈玛丽，军中女郎〉，吉他曲（唐尼采蒂音乐）	〈玛丽，军中女郎〉，吉他曲
23	〈玛丽，军中女郎〉：歌剧主题集第7号，吉他曲（唐尼采蒂音乐）	〈玛丽，军中女郎〉：歌剧主题集第7号，吉他曲
24	〈Marino Falliero〉，吉他曲（唐尼采蒂音乐）	〈Marino Falliero〉，吉他曲
25	〈Marino Falliero〉：歌剧主题集第11号，吉他曲（唐尼采蒂音乐）	〈Marino Falliero〉：歌剧主题集第11号，吉他曲
26	〈玛尔塔〉，吉他曲，作品16（弗洛托音乐）	〈玛尔塔〉，吉他曲，作品16
27	〈摩西〉，吉他曲（罗西尼音乐）	〈摩西〉，吉他曲
28	〈纳布科〉，吉他曲（威尔第音乐）	〈纳布科〉，吉他曲
29	〈纳布科〉：歌剧主题集第22号（威尔第音乐）	〈纳布科〉：歌剧主题集第22号
30	〈纳布科〉：歌剧主题集第22号，吉他曲（威尔第音乐）	〈纳布科〉：歌剧主题集第22号，吉他曲
31	夜紫罗兰：旋律小品，作品2
32	〈Mignarda〉嘉利亚德舞曲
33	夜紫罗兰：旋律小品，作品2
34	〈诺尔玛〉，吉他曲（贝利尼音乐）	〈诺尔玛〉，吉他曲
35	〈诺尔玛〉：歌剧主题集第17号，吉他曲（贝利尼音乐）	〈诺尔玛〉：歌剧主题集第17号，吉他曲
36	歌剧主题集第24号，吉他曲（罗西尼音乐）	歌剧主题集第24号，吉他曲
37	〈地狱中的奥菲欧〉：歌剧主题集第36号，吉他曲（奥芬巴赫音乐）	〈地狱中的奥菲欧〉：歌剧主题集第36号，吉他曲
38	M. Oginski亲王波兰舞曲精选，吉他曲，第1—4号
39	M. Oginski亲王波兰舞曲精选，吉他曲，第5—7号
40	〈弄臣〉，吉他曲（威尔第音乐）	〈弄臣〉，吉他曲
41	〈弄臣〉：歌剧主题集第21号，吉他曲（威尔第音乐）	〈弄臣〉：歌剧主题集第21号，吉他曲
42	Langton先生的嘉利亚德舞曲
43	吉他独奏浪漫曲（从作曲家遗稿中为J.G.V.购得）	吉他独奏浪漫曲
44	浪漫曲；谐谑曲；渴望（均为吉他曲）	浪漫曲；谐谑曲；渴望，吉他曲
45	俄罗斯吉卜赛歌曲，吉他曲，作品88；图林根民歌
46	俄罗斯吉卜赛歌曲，吉他曲，作品88
47	〈Satanella〉，吉他曲（Pugni音乐）	〈Satanella〉，吉他曲
48	〈Satanella〉：歌剧主题集第28号，吉他曲（Pugni音乐）	〈Satanella〉：歌剧主题集第28号，吉他曲
49	舒伯特歌曲集
50	Hunsdon夫人的Puffe
51	〈陌生的女子〉，吉他曲（贝利尼音乐）	〈陌生的女子〉，吉他曲
52	〈陌生的女子〉：歌剧主题集第10号，吉他曲（贝利尼音乐）	〈陌生的女子〉：歌剧主题集第10号，吉他曲
53	匈牙利祖国之花，作品1
54	精巧变奏曲，吉他曲
55	祖国之花：原创匈牙利风格吉他曲，作品1
56	连德勒风格圆舞曲，吉他曲
57	匈牙利祖国之花，作品1
58	Piper的帕凡舞曲
59	吟游诗人的歌声，作品13第4号：船歌
60	吟游诗人的歌声，作品13第5号：芬格尔洞穴
61	吟游诗人的歌声，作品13第7号：精巧变奏曲
62	伊丽莎白女王的嘉利亚德舞曲
63	吟游诗人的歌声，作品13第8号：儿童童话
64	歌剧〈唐帕斯夸莱〉主题嬉游曲，作品15（唐尼采蒂音乐）	歌剧〈唐帕斯夸莱〉主题嬉游曲，作品15
65	〈玛尔塔〉，作品16（弗洛托音乐）	〈玛尔塔〉，作品16
66	〈吉卜赛姑娘〉：歌剧主题集第15号，吉他曲，作品17（M.W. Balfe音乐）	〈吉卜赛姑娘〉：歌剧主题集第15号，吉他曲，作品17
67	舒伯特歌曲〈泪之赞〉，作品22第2号
69	歌剧〈贝利萨里奥〉主题幻想曲，作品30
70	3首吉他夜曲，作品4
71	矢车菊：〈夜紫罗兰〉续集，原创吉他旋律小品系列，作品5
72	矢车菊：〈夜紫罗兰〉续集，原创吉他旋律小品系列，作品5（原题另标第5部作品）	矢车菊：〈夜紫罗兰〉续集，原创吉他旋律小品系列，作品5
73	〈El ole la madrilena〉：西班牙民族舞曲，吉他改编，作品89
74	六弦吉他教程，附音乐基础（Federico Moretti编写）	六弦吉他教程，附音乐基础
75	六组弦吉他演奏入门，前附音乐基础（Federico Moretti上尉编写）	六组弦吉他演奏入门，前附音乐基础
76	〈Round Battle〉嘉利亚德舞曲
77	双吉他协奏二重奏
78	原创蒂罗尔圆舞曲主题吉他变奏曲，作品8
79	吉他与小提琴大二重奏，作品9（出版者题献Antonio Nava）	吉他与小提琴大二重奏，作品9
80	吟游诗人的告别：浪漫曲，附德文与意大利文歌词；声乐、钢琴、吉他与小提琴娱乐曲，带交替变奏
81	钢琴与吉他或双钢琴协奏大二重奏（J. Moscheles与M. Giuliani署名）	钢琴与吉他或双钢琴协奏大二重奏
82	歌剧〈蒂托的仁慈〉序曲，双吉他改编（毛罗·朱利亚尼改编）	歌剧〈蒂托的仁慈〉序曲，双吉他改编
83	〈魔笛〉选曲（A. Meissonnier改编）	〈魔笛〉选曲
84	〈蒙太基与卡普莱特〉集锦曲，作品18（贝利尼音乐）	〈蒙太基与卡普莱特〉集锦曲，作品18
85	Henry Guilforde爵士的阿勒曼德舞曲
86	〈Fra Diavolo〉集锦曲，作品5
87	一年四季：4首法式吉他独奏奏鸣曲
88	瑞士小夜曲，C调单簧管与吉他，作品29
89	小提琴、中提琴、吉他与大提琴的3首四重奏，作品4第1号
90	俄罗斯国歌主题吉他幻想曲，作品15
91	John Smith爵士的阿勒曼德舞曲
92	德国进行曲，吉他与钢琴二重奏（Sidney Pratten夫人作曲）	德国进行曲，吉他与钢琴二重奏
93	第1首吉他主题变奏曲，作品21
94	第2首吉他主题变奏曲，作品22
95	John Souchs爵士的嘉利亚德舞曲
96	第1首主题变奏曲，作品21
97	第2首主题变奏曲中的变奏，作品22
98	〈Espanita〉：西班牙圆舞曲
99	歌剧〈塞米拉米德〉序曲，吉他独奏改编（M. Giuliani改编）	歌剧〈塞米拉米德〉序曲，吉他独奏改编
100	少女与死神
101	年轻的母亲
102	流浪的磨坊工
103	〈Romeo〉：莎士比亚小夜曲
104	舒伯特歌曲集，吉他改编（J.K. Mertz改编）	舒伯特歌曲集，吉他改编
105	永远做我唯一的爱
106	Schuman吉他自学教程：新修订增订版，附英文与德文
107	西班牙波莱罗舞曲
108	Tarleton的复活
109	12首练习曲（作品6续集），作品29
110	25首入门练习曲，作品60（原题意大利文另列25首初学者练习曲）	25首入门练习曲，作品60（25首初学者练习曲）
111	Lisle子爵的嘉利亚德舞曲
112	3首社交小品，第2集，作品34（原题注明sic）	3首社交小品，第2集，作品34
113	12首吉他圆舞曲，作品21（原题将walzes解释为waltzes）	12首吉他圆舞曲，作品21
114	悦耳的小花束：12首简易吉他小品，作品15第2号
115	舒伯特〈告别〉（F. Tárrega改编）	舒伯特〈告别〉
116	海顿行板，吉他改编（弗朗西斯科·塔雷加改编）	海顿行板，吉他改编
117	舒曼摇篮曲（弗朗西斯科·塔雷加改编）	舒曼摇篮曲
118	亨德尔众赞歌（弗朗西斯科·塔雷加改编）	亨德尔众赞歌
119	〈可怜的Valbuena〉：日本风格波尔卡舞曲（Valverde与Torregrosa音乐；弗朗西斯科·塔雷加改编）	〈可怜的Valbuena〉：日本风格波尔卡舞曲
120	〈老鼠〉：探戈（de la cadera），吉他改编（Calleja音乐；弗朗西斯科·塔雷加改编）	〈老鼠〉：探戈（de la cadera），吉他改编
121	Prudent练习曲（F. Tárrega改编）	Prudent练习曲
122	Alard华丽练习曲（F. Tárrega署名）	Alard华丽练习曲
123	舒曼〈各色叶片〉（原题将Schumam解释为Schumann；弗朗西斯科·塔雷加改编）	舒曼〈各色叶片〉
124	舒曼赋格（弗朗西斯科·塔雷加改编）	舒曼赋格
125	舒曼小赋格（F. Tárrega改编）	舒曼小赋格
126	Prudent即兴曲（F. Tárrega改编）	Prudent即兴曲
127	民间主题霍塔舞曲（Fco. Tárrega作曲，弟子Daniel Fortea修订）	民间主题霍塔舞曲
128	〈阿莱城的姑娘〉中的国王进行曲，吉他改编（比才音乐；弗朗西斯科·塔雷加改编）	〈阿莱城的姑娘〉中的国王进行曲，吉他改编
129	〈浮士德的沉沦〉中的仙女之舞（原题解释dannation为damnation；柏辽兹音乐；F. Tárrega改编）	〈浮士德的沉沦〉中的仙女之舞
130	巴赫卢尔舞曲，吉他改编（弗朗西斯科·塔雷加改编）	巴赫卢尔舞曲，吉他改编
131	瓦格纳〈唐豪瑟〉进行曲（F. Tárrega改编）	瓦格纳〈唐豪瑟〉进行曲
132	肖邦玛祖卡舞曲第22号，吉他改编（弗朗西斯科·塔雷加改编）	肖邦玛祖卡舞曲第22号，吉他改编
133	肖邦钢琴玛祖卡舞曲，作品33第4号，吉他改编（弗朗西斯科·塔雷加改编）	肖邦钢琴玛祖卡舞曲，作品33第4号，吉他改编
134	贝多芬小步舞曲，吉他版（弗朗西斯科·塔雷加署名）	贝多芬小步舞曲，吉他版
135	海顿小步舞曲，吉他版（弗朗西斯科·塔雷加署名）	海顿小步舞曲，吉他版
136	亨德尔小步舞曲，吉他改编（弗朗西斯科·塔雷加改编）	亨德尔小步舞曲，吉他改编
137	12首富有教益与趣味的练习曲，作品46第1册
138	莫扎特D小调弦乐四重奏K.421中的小步舞曲（弗朗西斯科·塔雷加改编）	莫扎特D小调弦乐四重奏K.421中的小步舞曲
139	肖邦夜曲第2号，作品9第2号（弗朗西斯科·塔雷加署名）	肖邦夜曲第2号，作品9第2号
140	前奏曲第6号（源末degree mark为序数排印描述）	前奏曲第6号
141	前奏曲第7号（源末degree mark为序数排印描述）	前奏曲第7号
142	肖邦前奏曲第11号（F. Tárrega改编）	肖邦前奏曲第11号
143	前奏曲第12号；贝多芬第7交响曲片段
144	肖邦前奏曲第15号（弗朗西斯科·塔雷加改编）	肖邦前奏曲第15号
145	12首富有教益与趣味的练习曲，作品47第2册
146	前奏曲第6号；前奏曲第7号；肖邦前奏曲第20号，吉他版（弗朗西斯科·塔雷加署名）	前奏曲第6号；前奏曲第7号；肖邦前奏曲第20号，吉他版
147	门德尔松主题前奏曲（F. Tárrega署名）	门德尔松主题前奏曲
148	门德尔松降E大调第1弦乐四重奏，作品12中的小咏叹调
149	海顿G小调四重奏H.III:74中的很慢的广板，小提琴2把、中提琴与大提琴（改编）	海顿G小调四重奏H.III:74中的很慢的广板，小提琴2把、中提琴与大提琴
150	莫扎特D大调五重奏K.593中的小步舞曲，小提琴、中提琴与大提琴
151	舒曼浪漫曲（原题将Schumamm解释为Schumann；F. Tárrega改编）	舒曼浪漫曲
152	门德尔松无词浪漫曲第6号（F. Tárrega改编）	门德尔松无词浪漫曲第6号
153	〈Rosita〉：吉他波尔卡舞曲；〈Marieta〉：吉他玛祖卡舞曲
154	舒曼梦幻曲（F. Tárrega改编）	舒曼梦幻曲
155	舒曼〈圣尼古拉〉（弗朗西斯科·塔雷加改编）	舒曼〈圣尼古拉〉
156	舒伯特G大调钢琴奏鸣曲D.894中的小步舞曲（改编）	舒伯特G大调钢琴奏鸣曲D.894中的小步舞曲
157	贝多芬降A大调钢琴奏鸣曲第12号，作品26：英雄之死葬礼进行曲
158	贝多芬升C小调钢琴奏鸣曲第14号，作品27第2号：绵延的柔板
159	贝多芬A大调钢琴奏鸣曲第2号，作品2第2号：谐谑曲
160	贝多芬降E大调钢琴奏鸣曲第4号，作品7：广板，富于表情
161	贝多芬C小调钢琴奏鸣曲第8号，作品13：如歌的柔板
162	贝多芬A大调小提琴与钢琴奏鸣曲第9号，作品47：行板与变奏
163	巴赫小提琴奏鸣曲与帕蒂塔，BWV1001—1006：第1帕蒂塔中的布列舞曲速度
164	巴赫小提琴奏鸣曲与帕蒂塔，BWV1001—1006：第1奏鸣曲中的赋格
165	Henselt〈爱的叹息〉／〈Repòs d’amour〉，吉他改编（F. Tárrega改编）	Henselt〈爱的叹息〉／〈Repòs d’amour〉，吉他改编
166	〈唐豪瑟〉序曲片段（改编）	〈唐豪瑟〉序曲片段
167	Thalberg主题与音乐会练习曲
168	肖邦钢琴圆舞曲，作品34第2号
169	舒伯特著名小夜曲，作品11
170	十弦吉他音乐会波兰舞曲
171	模仿竖琴：前奏曲，作品36
172	秋日忧思：夜曲，作品4
173	降雪：牧歌，作品29
174	乡愁：小步舞曲速度，作品1
175	军团经过：模仿性进行曲，作品22
176	〈摩西〉中的祈祷，作品20（罗西尼音乐，改编）	〈摩西〉中的祈祷，作品20
177	高山小夜曲，作品9
178	〈Joseph〉与〈Benjamin〉浪漫曲主题吉他变奏曲
179	哦，你崇高甜美的晚星
180	布加勒斯特回忆：十弦吉他音乐会集锦曲
181	Winner的Eureka班卓琴教程（来源附宣传语：最新与最好的教程）	Winner的Eureka班卓琴教程
182	6首圣经夜曲，作品3（原题将6解释为Six）	6首圣经夜曲，作品3
183	3首英国浪漫曲精选主题嬉游曲，作品8
184	〈威尼斯狂欢节〉主题变奏幻想曲，作品5
185	〈当我清晨起床〉曲调主题变奏幻想曲，作品1
186	歌剧〈奥赛罗〉浪漫曲〈Assisa à piè〉主题变奏幻想曲，作品7
187	〈韦伯最后的思绪〉主题夜曲，作品9
188	〈当我清晨起床〉曲调主题变奏幻想曲，作品1
189	〈哦，亲爱的回忆〉名曲主题变奏幻想曲，作品10
190	〈C.M. 韦伯最后的思绪〉主题夜曲，作品9
191	仙女轮舞：小随想曲，作品2
192	圣经夜曲，作品3
193	〈威尼斯狂欢节〉主题变奏幻想曲，作品5
194	歌剧〈奥赛罗〉浪漫曲〈Assisa a pie〉主题变奏幻想曲，作品7
195	3首英国浪漫曲精选主题嬉游曲，作品8
196	仙女回旋曲：小随想曲，作品2
197	匈牙利主题吉他幻想曲（手稿）	匈牙利主题吉他幻想曲
198	匈牙利主题吉他幻想曲
199	匈牙利主题幻想曲
200	民歌主题幻想曲
201	自由幻想曲
202	波斯大进行曲
203	歌剧〈拉美莫尔的露西娅〉主题幻想曲，作品2
204	4首小品：1.歌剧〈玛尔塔〉中的〈啊，多么虔诚〉；2.〈Ragozy〉进行曲；3.〈Hujnady〉；4.恰尔达什舞曲
205	舒伯特哀伤圆舞曲与变奏
206	Troi吉他幻想曲
207	D调与G调圆舞曲
208	歌剧〈少年亨利的狩猎〉序曲，双吉他改编（梅于尔音乐，Etienne Dunst改编）	歌剧〈少年亨利的狩猎〉序曲，双吉他改编
209	吉他、violone与中提琴小夜曲
210	15首简易双吉他二重奏（Adolph Julius Eggers改编）	15首简易双吉他二重奏
211	25首歌曲与民谣
212	双吉他二重奏，第1集
213	双吉他二重奏，第2集
214	双吉他二重奏，第3集
215	吉他教程：卡鲁利、索尔、梅尔茨、卡尔卡西与Costa的24首小品，另附10首吉他伴奏歌曲
216	吉他教学精选曲集，附指法，第II卷，梅尔茨（A. Eggers署名；源Total语义未定）	吉他教学精选曲集，附指法，第II卷，梅尔茨
217	吉他教学精选曲集，附指法，第I—II卷，梅尔茨（A. Eggers署名；源GuitarTotal连写未定）	吉他教学精选曲集，附指法，第I—II卷，梅尔茨
218	Kuffner、迪亚贝利与索尔的双吉他二重奏选集
219	歌剧〈两个王子〉中的5首精选曲调（Küffner改编）	歌剧〈两个王子〉中的5首精选曲调
220	〈Thomas Riquiqui〉的6首精选曲调（Küffner改编）	〈Thomas Riquiqui〉的6首精选曲调
221	我等王后进行曲
222	巴斯回忆：6首圆舞曲与2首加洛普舞曲
223	蒂罗尔旋律，西班牙吉他简易改编
224	〈家，甜美的家〉主题吉他变奏曲（C. Eulenstein改编）	〈家，甜美的家〉主题吉他变奏曲
225	〈Love s ritornella〉，吉他与钢琴二重奏，作品18（C. Eulenstein改编）	〈Love s ritornella〉，吉他与钢琴二重奏，作品18
226	吉他独奏大幻想曲，作品2
227	六弦与十二弦吉他指法表
228	西班牙吉他依谱演奏艺术
229	西班牙吉他依谱演奏艺术
230	巨人与大头人
231	三幕萨苏埃拉〈夜晚九点〉中的霍塔舞曲
232	萨苏埃拉〈夜晚九点〉中的霍塔舞曲
233	〈蒙眼捉人〉：男中音与男低音二重唱
234	〈我的宝贝〉：著名民间哈巴涅拉舞曲
235	2首吉他夜曲，作品11，1888年	2首吉他夜曲，作品11
236	12首吉他小步舞曲，作品12，1888年	12首吉他小步舞曲，作品12
237	吉他幻想哀歌，作品13，1888年	吉他幻想哀歌，作品13
238	夜晚的湖上：幻想曲与变奏，作品14，1888年	夜晚的湖上：幻想曲与变奏，作品14
239	〈La gallegada〉：田园幻想曲与变奏，作品15，1892年	〈La gallegada〉：田园幻想曲与变奏，作品15
240	巴黎的魅力：幻想随想曲，作品16，1888年	巴黎的魅力：幻想随想曲，作品16
241	〈萨拉曼卡的学生〉：吉他探戈圆舞曲，作品31
242	4首渐进式吉他小品，作品4，1885年	4首渐进式吉他小品，作品4
243	小花束：10首吉他小品，作品5，1885年	小花束：10首吉他小品，作品5
244	帕尔纳索斯的微风：4首吉他小品，作品6，1888年	帕尔纳索斯的微风：4首吉他小品，作品6
245	宁静的时光：8首简易吉他小品，作品8，1885年	宁静的时光：8首简易吉他小品，作品8
246	3首吉他圆舞曲，作品9，1885年	3首吉他圆舞曲，作品9
247	歌剧与芭蕾名曲精选，吉他独奏改编，第1—6册
248	〈梦游女〉主题嬉游曲
249	歌剧〈梦游女〉主题嬉游曲
250	饮酒歌，作品7第1号
251	致我的鲁特琴，作品7第2号
252	夜游，作品8第1号
253	士兵之爱
254	满足：肖蒂什舞曲
255	2首音乐会练习曲
256	2首练习曲，C调与E调，作品8
257	西班牙歌曲与舞曲集第6号，吉他改编（Severino Garcia Fortea改编）	西班牙歌曲与舞曲集第6号，吉他改编
258	古巴瓜希拉舞曲
259	蒂罗尔曲调变奏曲，吉他独奏，作品1
260	第5首吉他独奏幻想曲，〈西班牙福利亚〉主题，作品12
261	4首吉他独奏嬉游曲，选自海顿作品，作品13
262	吉他、小提琴与低音声部的3首协奏三重奏，作品18第1号
263	吉他、小提琴与低音声部的3首协奏三重奏，作品18第2号
264	吉他、小提琴与低音声部的3首协奏三重奏，作品18第3号
265	罗西尼歌剧选段的5首对舞曲与2首精选圆舞曲，作品8
266	歌剧〈巴格达的哈里发〉序曲（布瓦尔迪厄音乐）	歌剧〈巴格达的哈里发〉序曲
267	歌剧〈狄多〉序曲，双吉他改编（皮契尼音乐）	歌剧〈狄多〉序曲，双吉他改编
268	永远的挚友赠念
269	〈Riberhus〉进行曲
270	题为〈Orphenica lyra〉的吉他曲谱集，塞维利亚1554年（摹真指法谱）	〈Orphenica lyra〉吉他曲谱集
271	3首主题变奏曲，吉他与长笛二重奏
272	〈茶花女〉咏叹调〈告别过去〉，作品43（原标edita照留）	〈茶花女〉咏叹调〈告别过去〉，作品43
273	〈Et folkesagn〉中的婚礼圆舞曲
274	前奏曲，作品3第2号，吉他改编（Andreis改编）	前奏曲，作品3第2号，吉他改编
275	连德勒舞曲
276	6首吉他连德勒舞曲，作品1
277	舞蹈〈Alba flor, La Pesarosa〉中演奏的大圆舞曲
278	西班牙抒情随想曲第5号
279	西班牙抒情随想曲第6号
280	梅耶贝尔歌剧〈La Pardon de Ploërmel〉中的舞曲
281	Giovanni Rinaldi船歌
282	唐尼采蒂〈军中女郎〉主题随想曲
283	爸爸，你好
284	威尔第歌剧〈西蒙·波卡涅拉〉中的卡瓦蒂娜〈Come in quest’ora bruna〉
285	2首奏鸣曲，1.加沃特舞曲
286	2首奏鸣曲，2.玛祖卡舞曲
287	Garibaldi进行曲（Gustavo Rossari音乐）	Garibaldi进行曲
288	〈清教徒〉中的引子与小四重奏
289	〈La Carolina〉：那不勒斯歌曲，主题与变奏
290	〈La Luvisella〉：主题与变奏
291	梅耶贝尔〈非洲女〉集锦曲
292	舞剧〈恶灵〉中的玛祖卡舞曲
293	舒曼旋律
294	威尔第歌剧〈假面舞会〉中的旋律
295	〈游吟诗人〉中的〈求主垂怜〉
296	弗洛托歌剧〈玛尔塔〉的多个主题，作品14
297	舞曲，作品15
298	改编曲集，作品16
299	〈美丽的Gigogin〉：米兰狂欢节，作品17
300	威尔第〈西西里晚祷〉中的波莱罗舞曲，作品22
301	歌剧〈Linda di Chamounix〉主题随想曲，作品3
302	罗西尼〈塞维利亚的理发师〉，作品40
303	舒曼小练习曲，作品41
304	练习与乐趣，作品42第1首：蝴蝶（〈Contessa dAmalfi〉）
305	拨弦波尔卡，作品45（Giovanni Strauss音乐）	拨弦波尔卡，作品45
306	美丽的意大利：圆舞曲，作品46（Giovanni Strauss原作作品364）	美丽的意大利：圆舞曲，作品46（原作作品364）
307	练习曲：歌剧〈诺尔玛〉中的引子，作品47
308	波尔卡舞曲与华沙维恩舞曲，作品7
309	歌剧〈Giovanna de Gusman〉／〈西西里晚祷〉中的波莱罗舞曲，作品8
310	吉他波兰舞曲，作品80
311	〈Daghela avanti un passo〉波尔卡舞曲
312	威尔第〈弄臣〉中的四重奏〈Un di se ben rammentomi〉
313	威尔第歌剧〈游吟诗人〉旋律选集
314	Hérold歌剧〈Zampa〉旋律选集
315	练习与乐趣第3首：歌剧〈恶魔罗贝尔〉主题幻想曲
316	多个主题的吉他变奏曲，作品18
317	唐尼采蒂名曲主题变奏曲，作品85
318	主题变奏曲，长笛与吉他二重奏，作品9第1号
319	6首双吉他圆舞曲
320	精选主题变奏曲第2号
321	Svanhvit之歌
322	歌剧〈La Pamela〉序曲，吉他改编（Daidi署名）	歌剧〈La Pamela〉序曲，吉他改编
323	Rode名曲主题柔板与华丽变奏，吉他必奏声部，作品41
324	吉他音乐基础教程
325	吉他音乐基础
326	6首前奏曲，作品46
327	贝利尼2个精选主题（Giuliani改编）	贝利尼2个精选主题
328	罗西尼〈塞米拉米德〉中的卡瓦蒂娜〈Bel raggio Lusinghiero〉
329	忠贞之死
330	协奏大二重奏（M. Giuliani与J. Moscheles署名，钢琴）	协奏大二重奏，钢琴
331	〈塞米拉米德〉：12首吉他圆舞曲，附引子与大终曲
332	〈Deh calma, o ciel〉主题变奏曲，作品101，弦乐四重奏
333	罗西尼〈奥赛罗〉中的〈Deh calma, o ciel〉主题变奏曲，作品101
334	〈Nume perdonami se in tale istante〉主题变奏曲，作品102
335	名曲〈Partant pour la Syrie〉主题大型变奏曲，作品104
336	歌剧〈爱情与荣耀〉浪漫曲主题变奏曲，作品105
337	亨德尔主题变奏曲，作品107
338	凯鲁比尼歌剧〈两日〉中的进行曲主题变奏曲，作品110
339	Carafa名曲〈哦，亲爱的回忆〉主题大型变奏曲，作品114
340	10首富于表情的特色圆舞曲，双吉他，作品116
341	歌剧〈Amazilla〉名曲主题变奏曲，作品128
342	3首双吉他协奏波兰舞曲，作品137
343	4段变奏与终曲，作品141
344	意大利之花，第1与第2部分，作品146
345	北方的舞蹈缪斯，作品147
346	〈Tengo più di trent’un anni〉主题变奏曲，作品147b
347	〈Giulianate〉，作品148
348	16首连德勒舞曲，三度吉他与普通吉他，作品16a
349	第1集锦曲，作品18
350	12首吉他圆舞曲，作品21
351	12首新森林连德勒舞曲，作品23
352	14首民族舞曲与3首进行曲，作品24b
353	第1集锦曲，作品26
354	第1协奏曲，作品30（A. Diabelli改编，吉他声部）	第1协奏曲，作品30，吉他声部
355	第1协奏曲，作品30（A. Diabelli改编，钢琴声部）	第1协奏曲，作品30，钢琴声部
356	大协奏曲，钢琴伴奏，作品36（钢琴声部，A. Diabelli改编）	大协奏曲，钢琴伴奏，作品36，钢琴声部
