0	Leonhardt Bulmans鲁特琴与吉他教程
1	José Campo y Castro（别名Jocaste Posayoc）简明吉他教程
2	Ferdinando Carulli吉他教程补编，作品192
4	Charles Henlein吉他新旋律教程（1901）
5	Charleroi的牛仔
6	Mounsiers阿勒曼德舞曲
7	第5a课
8	第6a课
9	第8a、8b与9a课
10	Adolph Julius Eggers吉他教程
13	与Virginia
14	与你
17	Ampostina幻想曲
25	Montsià组曲
26	Herbert J. Ellis吉他完整教程
27	12首西班牙舞曲，作品37
28	Federico Cano Lombard吉他教程
29	Federico Moretti吉他演奏基础
30	Ferdinand Pelzer西班牙吉他教程
31	Ferdinando Carulli吉他教程
32	Ferdinando Carulli吉他教程
33	Fernando Ferrandiere西班牙吉他演奏艺术（1799）
34	Foden's吉他综合教程
35	Daniel Fortea吉他教程
36	Francesco Batioli吉他教程第1册
37	Francesco Batioli吉他教程第2册
38	Francesco Batioli吉他教程第3册
39	Francesco Batioli吉他教程第4册
40	Francesco Molino吉他教程
42	小品（Toy）
43	Francisco Cimadevilla简易渐进吉他教程
44	和声诗：西班牙吉他定弦的多种指法谱曲集（Cristiano Burghausen编辑）
45	Peterneras：西班牙民间曲调（依据Gaspar Sagreras原曲）
46	一滴泪：狂想（依据Gaspar Sagreras原曲）
48	Anton Graeffer吉他教程
49	Henry, Bonaventure吉他新教程，作品21
50	Nina主题变奏曲，双吉他，作品2
51	民族波兰舞曲，双吉他，作品1
52	维也纳的回忆：12首双吉他圆舞曲，作品35
53	Jaime Ruet吉他教程（1861）
54	鲁特琴作品全集（Cristiano Burghausen吉他改编）
55	吉他与Mandore作品集（Cristiano Burghausen吉他改编）
56	C大调组曲（Piotr Bąk吉他改编）
57	D大调组曲（Piotr Bąk吉他改编）
58	D小调组曲（Piotr Bąk吉他改编）
59	E小调鲁特琴组曲（Bernhard Manger吉他改编）
60	吉他作品集第5部分，作品44—59
61	吉他作品集第1部分，作品1—10
62	吉他作品集第4部分，作品33—43
63	吉他作品集第2部分，作品11—22
64	吉他作品集第3部分，作品23—32
65	Isabelle，作品23a（指法谱）
66	Ida Presti奏鸣曲，作品31
67	Viviane，作品1
69	皮瓦舞曲
70	Johann Abraham Nüske西班牙吉他教程
71	Johann Decker-Schenk吉他自学教程
72	D小调鲁特琴协奏曲，FaWV L:d1
73	青蛙加利亚德舞曲，P23a
74	欢迎Willoughby勋爵归来，P66a
75	贝利尼歌剧〈le mur de nuit Lerinn〉主题幻想曲，作品22
76	Moraima（依据Gaspar Espinosa原曲）
78	La Güeya：随想练习曲
80	Nelly：赞巴舞曲（Zamba）
81	蓝色圆舞曲（依据Alfred Margis原曲）
82	维达利塔主题变奏曲，1或2把吉他
83	紫罗兰：简易圆舞曲
84	Don Julio：克里奥尔探戈，作品125
85	Delia，作品24
86	Magdalena，作品26
87	Anita，作品32
88	Elisa，作品41
89	Moraima，作品64
90	孤独的旅人（依据E. Grieg原曲）
91	F大调鲁特琴协奏曲，鲁特琴或吉他、第1—2小提琴与大提琴
92	Louisa Joseph Kirkman吉他改进教程（1842）
93	Luigi Sagrini吉他指南
94	Maia y Vieira吉他教程
96	Matilde：加沃特舞曲，作品4
97	Lola：哈巴涅拉舞曲，作品6
99	Mariano Pablo Rosquellas西班牙吉他教程
100	May西班牙吉他教程
101	Giacomo Merchi吉他学生指南
102	Matías de Jorge Rubio简易吉他教程（约1870）
103	拿起武器，伙伴们；到处清扫烟囱（〈Ramonez-ci ramonez-là〉）
104	Riera的继承人（L'Hereu Riera）
106	Carlo Munier吉他基础教程，作品284
107	Aleksandr Nemerovsky音阶、琶音与和弦教程
108	肖罗第5号
109	El Donosito：加托舞曲（Gato）
110	El Arriveño：带歌词的克里奥尔Estilo民歌曲
111	Correntino加托舞曲（附歌词）
112	Domenico Pellegrini西班牙吉他和谐乐集（Armoniosi Concerti）
115	Mario Arenas Rodriguez吉他教程第1册
116	Mario Arenas Rodriguez吉他教程第2册
117	Mario Arenas Rodriguez吉他教程第3册
118	Mario Arenas Rodriguez吉他教程第4册
119	Mario Arenas Rodriguez吉他教程第5册
120	Mario Arenas Rodriguez吉他教程第6册
121	Mario Arenas Rodriguez吉他教程第7册
122	Joaquim Francisco dos Santos吉他新教程
123	Heinrich Scherrer鲁特琴与吉他教程（1911）
124	Franz Gregor Seegner吉他理论与实践教程，作品1
126	哦，Susanna
127	吉他简记教程（Short-hand Guitar Method）
128	吉他教程
129	普瓦图布朗勒舞曲第3号（指法谱）
130	C调圆舞曲变奏曲
131	2首维拉诺舞曲（指法谱）
132	间奏曲（指法谱）
133	哦，Susanna（指法谱）
134	Viviane，作品1（指法谱）
135	为什么
136	Tomás Damas吉他完整渐进教程（1869）
137	西班牙吉他入门
138	吉他新原理
139	Wendell Phillips Dabney吉他教程
140	William C. Stahl吉他新教程
141	Josef Zuth大众吉他教程
142	勃艮第布朗勒舞曲第1号
143	勃艮第布朗勒舞曲第2号
144	勃艮第布朗勒舞曲第3号
145	勃艮第布朗勒舞曲第4号
146	勃艮第布朗勒舞曲第5号
147	勃艮第布朗勒舞曲第6号
148	勃艮第布朗勒舞曲第7号
149	勃艮第布朗勒舞曲第8号
150	勃艮第布朗勒舞曲第9号
151	普瓦图布朗勒舞曲第2号
152	普瓦图布朗勒舞曲第3号
153	普瓦图布朗勒舞曲第4号
154	普瓦图布朗勒舞曲第5号
155	欢快布朗勒舞曲〈A mes peines et ennuits〉
156	简式布朗勒舞曲〈n'aurez-vous point de moy pitié〉
157	香槟地区布朗勒舞曲第3号
158	普瓦图布朗勒舞曲第1号
159	炎热的夏日
160	帕凡舞曲
161	图尔迪翁舞曲
163	安第斯组曲选曲〈Córdoba〉
166	乌拉圭Estilo民歌曲〈Luz Mala〉
167	琶音练习曲第2号
168	巴拉圭舞曲第2号〈Jha, che valle!〉
169	安第斯组曲选曲〈La conquija〉
171	Luisito：小步舞曲
173	Mabelita：加沃特舞曲
174	Pepita：圆舞曲
175	E小调前奏曲（小前奏曲）
176	Sarita：马祖卡舞曲
177	练习曲第6号的变奏
178	管风琴赋格
179	Alejandro Spinardi古典、民俗及大众风格小品集
180	Alejandro Spinardi吉他原创教程
182	模仿竖琴的幻想曲第10号（第3弦=G）
183	Alexandre帕凡舞曲
184	悔恨
185	巴西凯旋进行曲
186	迷人的眼睛
187	西班牙吉他曲集第1册
188	吉他曲集第2册
189	在清澈的泉边
190	啊，妈妈，请听我说
191	云雀，可爱的云雀
193	啊，我美丽的城堡
194	火炬布朗勒舞曲
198	Kemp吉格舞曲
202	莫里斯舞曲（The Moris）
204	在清澈的泉边（指法谱）
205	Parson的告别
206	Parson的告别
207	吉他曲调变奏曲（致Rougeon Desrivières）
208	吉他曲调变奏曲（致Tolstoye伯爵）
209	吉他协奏曲，作品16，吉他、第1与第2小提琴、中提琴、大提琴与低音提琴
210	Apollo与Damentoilette，第1—4及9号
211	Apollo与Damentoilette，第3—4号
212	韦伯〈自由射手〉的双吉他改编，第1部分
213	韦伯〈自由射手〉的双吉他改编，第II部分
214	歌剧〈Tancredi〉卡瓦蒂纳主题大变奏曲，作品104
215	双吉他主题变奏曲，作品57
216	Antonio Cano简明吉他教程（马德里，Zozaya出版）
217	Antonio Cano吉他完整教程（马德里，A. Romero出版）
218	卡德里尔对舞曲与圆舞曲，第1与第2组，作品35
219	双吉他对舞曲集第2册，作品75
220	友谊地久天长、远远在马槽里：古典吉他圣诞颂歌改编
224	Baixo De Pau低音声部
225	Berimbau：贝林巴乌音乐弓
227	巴西风情（Brasiliana）
234	Euridice引子
235	Euridice引子（1979）
236	Euridice引子（日本）
237	Furinha之子
238	五木摇篮曲（Itsuki-No-Komoriuta，单曲）
241	小圆舞曲第1部分
242	小圆舞曲第2部分
244	午夜时分，2
246	Eduard Bayer最新完整吉他理论与实践教程
249	Othon Gomes da Rocha我的吉他初步音符
251	西班牙舞曲，作品37第10号：忧郁或悲伤之舞
252	西班牙舞曲，作品37第11号：阿拉伯风格曲或桑布拉舞曲
253	西班牙舞曲，作品37第1号：优雅的小步舞曲
254	西班牙舞曲，作品37第2号：东方
255	西班牙舞曲，作品37第4号：乡村风格曲（Villanesca）
256	西班牙舞曲，作品37第6号：阿拉贡Rondalla
257	西班牙舞曲，作品37第7号：Valenciana或Calesara
258	西班牙舞曲，作品37第8号：萨尔达纳舞曲或Asturiana
259	西班牙舞曲，作品37第9号：浪漫马祖卡舞曲
260	戈雅笔下的Maja：托纳迪利亚第7号（1910）
261	诗意圆舞曲：非常活泼地
262	诗意圆舞曲第5首：小快板（优雅地）
263	告别，作品10
264	小精灵进行曲，作品16
265	俄罗斯马祖卡舞曲，作品21
266	欢快的游吟诗人，作品27
267	优雅之舞，作品29
268	旋律：夜曲，作品51
269	爱之梦，作品57
270	爱尔兰幻想曲，作品59
271	富有表情的行板，作品60
272	吉卜赛风格曲，作品66
273	芭蕾场景，作品72
274	古风舞曲，作品88
275	夏日之梦，作品95
276	抒情小品，作品97
277	摇篮曲，作品99
278	抒情小品第2号，作品104
279	凯旋进行曲，作品109
280	徒然的悔恨，作品112
281	仙女之舞，作品205
282	引子与歌曲，作品220
283	我逮到你了，cavaquinho
285	Moravské zemské muzeum藏手稿
286	小歌曲，作品12
287	A大调协奏曲，作品8，吉他、第1与第2小提琴、中提琴、低音乐器、双簧管、长笛与圆号
288	Paër〈L'Agnese〉的双吉他改编，作品132
289	E小调协奏曲，作品140，吉他、第1与第2小提琴、中提琴、低音乐器、双簧管与圆号
290	Agthe大进行曲的吉他与钢琴改编，作品161
291	莫扎特行板的双吉他改编，作品167
292	C调圆舞曲变奏曲
293	Auber〈Fiorella〉主题的吉他幻想曲，作品303
294	罗西尼歌剧〈Mathilde di Shabran〉主题幻想曲，作品322
295	韦伯最后的音乐构思主题幻想曲，作品323
296	马赛曲变奏曲，作品330（另一版本）
297	三日：1830年7月27、28与29日，作品331
298	贝利尼的2个主题幻想曲，长笛与吉他，作品337
299	Albert Grisar浪漫曲〈La Folle〉的幻想曲改编，作品363
300	我的诺曼底：Fréderic Bérat浪漫曲，作品364
301	我的诺曼底：Bérat浪漫曲，作品364（另一份谱）
303	3首吉他与小提琴二重奏，作品4（另一版本）
304	〈Charmante Gabrielle〉与〈Vive Henri IV〉主题小幻想曲，作品82
305	3首韦伯曲调
306	Fernando Sor吉他作品全集（629页；73 Mo）
308	Montmouth公爵喜爱的加沃特舞曲
309	初恋（Lu primm'ammore）
310	卡塔赫纳风格曲（Cartagenera）
311	E大调音阶练习曲，b
312	A大调练习曲，b
313	A大调前奏曲，f
314	A大调前奏曲，g
315	E大调前奏曲，b
316	E大调前奏曲，c
317	D大调前奏曲，b
318	D大调三拍子前奏曲
319	小钟（Campanella）
320	吉他、小提琴、中提琴与低音乐器四重奏，作品19第1号
321	吉他、小提琴、中提琴与低音乐器四重奏，作品19第2号
322	Piccini歌剧〈Didon〉序曲的双吉他改编
323	Boieldieu歌剧〈Le Calife de Bagdad〉序曲
324	吉他、小提琴与低音乐器协奏性三重奏，作品18第1号
325	吉他、小提琴与低音乐器协奏性三重奏，作品18第2号
326	吉他、小提琴与低音乐器协奏性三重奏，作品18第3号
331	意大利和弦字母表（Abecedario italiano）
338	葡萄牙的姑娘（La minina de Portugal）
340	D调帕萨卡利亚舞曲
341	帕萨卡利亚舞曲（和弦符号Cruz）
342	帕萨卡利亚舞曲（和弦符号E）
343	帕萨卡利亚舞曲（和弦符号O）
344	帕凡舞曲（和弦符号D）
345	琶音前奏曲或随想曲（和弦符号Cruz）
346	鲁杰罗曲（Rujero）
347	萨尔塔雷洛舞曲（Saltaren）
348	三比二节奏曲（Sesquialtera）
349	E调三比二节奏曲（Sesquialtera）
350	更多卡纳里舞曲
351	比武舞曲（Torneo）
353	加利亚德舞曲（1552；第18r叶）
355	新爱尔兰曲调，Z.646
356	小步舞曲，Z.649
357	小步舞曲，Z.D225
358	大家早安；Aguado第5a课（指法谱）
359	塞维利亚，作品47
360	阿拉贡，作品47
361	卡斯蒂利亚，作品47
362	古巴，作品47
363	阿勒曼德舞曲〈La Mon Ami La〉
365	塔姆布兰舞曲
366	小快步舞（Les Tricotets）
368	钟声（影印版）
370	琶音练习第13号
371	欧伯〈Marco Spada〉
372	2首波兰舞曲与马祖卡舞曲，作品3
373	Cyanen续集，作品5
374	6首舒伯特歌曲的吉他改编（J. Mertz）
375	Flotow〈Martha〉，作品16
376	Meyerbeer〈先知〉，作品21
377	F. Abt歌曲〈Agathe〉，作品22第1—2号
378	作品24：第1号，H. Proch〈钟声〉；第2号，P. Lindpaintner〈护旗岗哨〉
379	Donizetti〈Linda di Chamounix〉，作品27
380	歌剧〈Don Juan〉主题幻想曲，作品28
381	歌剧〈Alessandro Stradella〉主题幻想曲，作品29
382	歌剧〈Belisar〉主题幻想曲，作品30
383	歌剧〈Des Teufels Antheil〉主题幻想曲，作品31
384	原创施蒂里亚舞曲，作品33
385	H. Proch〈小花〉，作品34
386	贝利尼〈梦游女〉，作品35
387	二重奏，作品38第1号：德国曲调
388	二重奏，作品38第2号：船歌、即兴曲
389	二重奏，作品38第3号：舞会
390	韦伯主题随想曲，作品50
391	失落、齐特琴演奏者，作品52
392	嬉游曲，作品60
393	威尔第〈Nabucco〉，作品62
394	威尔第〈弄臣〉，作品63
395	3首小品，作品65
396	Nicolai〈温莎的风流娘儿们〉，作品85
397	威尔第〈游吟诗人〉，作品86
398	Donizetti〈La Favorita〉，作品87
399	〈El Ole〉、〈La Madrileña〉，作品89
400	D调前奏曲
401	Choulhoff的回忆
402	赋格，BWV1000（原手稿影印版）
403	6首小提琴奏鸣曲与帕蒂塔，BWV1001—1006
404	鲁特琴组曲第4号，BWV1006a
405	前奏曲、卢尔舞曲、加沃特、小步舞曲、布列舞曲与吉格舞曲，BWV1006a（原手稿影印版）
406	大提琴独奏组曲（Anna Magdalena Bach手稿）
407	加沃特舞曲，BWV1012
408	鲁特琴组曲，BWV995（原手稿影印版）
409	鲁特琴组曲第1号中的加沃特舞曲，BWV995
410	鲁特琴组曲，BWV996（原手稿影印版）
411	前奏曲、赋格、萨拉班德与吉格舞曲，BWV997（原手稿影印版）
412	鲁特琴或羽管键琴的前奏曲、赋格与快板，BWV998（原手稿影印版）
413	鲁特琴前奏曲，BWV999（原手稿影印版）
414	D大调进行曲，Anh.132
415	小步舞曲，Anh.132
416	羞怯的小品（A Coy Toy）
417	她能为自己辩解吗，P42
418	Digorie Piper船长的加利亚德舞曲，P19
419	John Dowland加利亚德舞曲，P21
420	幻想曲第VII号，P1
421	绝望的希望幻想曲，P2
422	John Smith爵士的阿勒曼德舞曲，P47（第3弦=F#）
423	John Smith爵士的阿勒曼德舞曲，P47（第3弦=G）
425	Laiton夫人的阿勒曼德舞曲，P48（第3弦=F#）
426	Laiton夫人的阿勒曼德舞曲，P48（第3弦=G）
428	鞋匠的妻子，P58
431	认命，作品28
432	Urania，作品47
435	El Madrileno苏格兰舞曲
436	〈El Paño〉或〈Punto de la Habana〉主题幻想曲
437	威尔第〈游吟诗人〉咏叹调与〈Miserere〉
438	Iradier〈La Rubia de los Lunares〉哈巴涅拉舞曲
439	Donizetti〈拉美莫尔的露西娅〉
441	Gaetana马祖卡舞曲（Keterer）
442	跳跃的姑娘（La Saltarina）
444	贝利尼歌剧〈诺玛〉序曲
445	Sinfonia〈我的第二时期〉（Mi Segunda Epoca）
446	Rosellen之梦
447	Guayabito探戈
448	古巴女郎探戈
449	〈Marina〉主题探戈
450	吻：圆舞曲（Arditi）
451	初学者吉他小夜曲，小提琴伴奏，作品16（吉他声部不完整）
452	阿尔卑斯歌曲〈Wenn ich in der Früh aufsteh〉主题的6首变奏曲，作品22
453	长笛或小提琴与吉他小夜曲，作品55
454	长笛或小提琴与吉他小夜曲，作品72
455	25首小奏鸣曲，作品80
456	长笛或小提琴与吉他小夜曲，作品98
457	长笛或小提琴、中提琴与吉他夜曲，作品110
458	韦伯主题集锦曲，长笛或小提琴、中提琴与吉他，作品144
459	哑剧：双吉他曲，作品165
460	迈耶贝尔主题集锦曲，长笛或小提琴、中提琴与吉他，作品187
461	〈Die Stumme von Portici〉主题集锦曲，长笛或小提琴与吉他，作品220（小提琴声部缺失）
462	Auber歌剧〈La Muette de Portici〉波莱罗舞曲，吉他或小提琴改编，作品221
463	12首优美曲调，作品269
464	12首优美曲调，作品269b
465	音乐消遣：歌剧主题简易小品集，吉他与长笛或小提琴，作品321；130页，第1—7、9、11、13—15册（中提琴声部缺失）
466	Luigi Legnani〈地震〉主题吉他独奏变奏曲，作品1
467	Luigi Legnani大利切尔卡尔曲，作品3
468	Luigi Legnani歌剧〈阿尔及利亚的意大利女郎〉二重唱与随想曲，作品5
469	Luigi Legnani歌剧〈阿尔及利亚的意大利女郎〉卡瓦蒂纳，作品7
470	Luigi Legnani歌剧〈阿尔及利亚的意大利女郎〉选曲〈Pensa alla Patriade〉，作品8
471	Luigi Legnani谐谑曲：4首变奏曲，作品10
472	Luigi Legnani蒂罗尔主题大变奏曲，作品12
473	Luigi Legnani大变奏曲，作品16
474	Luigi Legnani〈湖上女郎〉卡瓦蒂纳主题变奏曲，作品18
475	Luigi Legnani〈湖上女郎〉的2个主题，作品18与24
476	Luigi Legnani华丽简易幻想曲，作品19
477	Luigi Legnani全部大调与小调的36首随想曲，作品20
478	Luigi Legnani〈Zelmira〉卡瓦蒂纳主题引子与变奏曲，作品21
479	Luigi Legnani变奏曲，作品25
480	Luigi Legnani歌剧〈Zelmira〉主题选曲，作品26
481	Luigi Legnani引子、大变奏曲与尾声，作品27
482	Luigi Legnani主题与华丽变奏曲，作品29
483	Luigi Legnani〈Cendrillon〉浪漫曲主题变奏曲，作品30
484	Luigi Legnani华丽集锦曲，作品31
485	Luigi Legnani随想集锦曲，作品32
486	Luigi Legnani大随想曲，作品34
487	Luigi Legnani大练习曲，作品60
488	Luigi Legnani大幻想曲，作品61
489	Luigi Legnani引子与回旋曲，作品62
490	Luigi Legnani36首难度渐进圆舞曲，作品63
491	Luigi Legnani引子、主题、变奏与终曲，作品64
492	Luigi Legnani〈诺玛〉主题变奏曲，作品201
493	Luigi Legnani歌剧〈威廉·退尔〉中的行板与快板，作品202
494	Luigi Legnani匈牙利民族旋律，作品203
495	Luigi Legnani谐谑小回旋曲，作品204
496	Luigi Legnani现代旋律集，作品222，第1册
497	Luigi Legnani现代旋律集，作品222，第2册
498	Luigi Legnani现代旋律集，作品222，第3册
499	Luigi Legnani现代旋律集，作品222，第4册
500	Luigi Legnani引子与主题，作品224
501	Luigi Legnani主题与变奏曲，作品237
502	Luigi Legnani大集锦曲，作品238
503	Luigi Legnani6首小随想曲，作品250
504	Luigi Legnani吉他学习教程，作品250
506	〈Guárdame las vacas〉主题的4首变奏曲（第3弦=G）
507	帕凡舞曲第1号（第3弦=F#）
508	帕凡舞曲第2号（第3弦=F#）
509	帕凡舞曲第3号（第3弦=F#）
510	帕凡舞曲第4号（第3弦=F#）
511	帕凡舞曲第5号（第3弦=F#）
512	帕凡舞曲第6号（第3弦=F#）
513	4部手稿：南方小奏鸣曲（1930）、4首小品（1932）、6首简易前奏曲（1947）、Cabezón主题变奏曲（1948）
514	大奏鸣曲（来源附署名Manuel M. Ponce）
515	阿尔罕布拉宫
516	E大调练习曲
517	〈La Capricciosa Corretta〉二重唱主题变奏曲，作品6
518	歌剧〈Robin des Bois〉旋律主题幻想曲，作品19
519	8首嬉游曲，E大调定弦，作品25
520	8首嬉游曲集第2册，作品25
521	幻想曲第5号〈Fra Diavolo〉，作品37
522	歌剧〈Zampa〉主题幻想曲，作品40
523	F. Herlod〈Le Pré aux Cleres〉主题幻想曲，作品48
524	Reichstadt公爵喜爱的圆舞曲，作品52
525	练习曲，作品60第2号
526	练习曲，作品60第4号
527	练习曲，作品60第5号
528	练习曲，作品60第6号
529	练习曲，作品60第7号
530	练习曲，作品60第8号
531	练习曲，作品60第9号
532	练习曲，作品60第10号
533	练习曲，作品60第11号
534	练习曲，作品60第12号
535	练习曲，作品60第13号
536	练习曲，作品60第14号
537	练习曲，作品60第15号
538	练习曲，作品60第17号
539	练习曲，作品60第19号
540	练习曲，作品60第20号
541	练习曲，作品60第21号
542	练习曲，作品60第22号
543	练习曲，作品60第23号
544	练习曲，作品60第24号
545	Auber〈La Sirène〉主题混成曲，作品74
546	〈Fengo più di trent'un anni〉主题变奏曲，作品147d
547	〈Ad Altro Laccio〉，声乐与钢琴
548	歌剧〈科林斯之围〉序曲
549	Apollo Saal选曲
550	歌剧〈灰姑娘〉序曲
551	忠实的死亡
552	歌剧〈Elisabetta〉序曲（原书目另注〈塞维利亚的理发师〉）
553	歌剧〈贼鹊〉序曲
554	吉他练习（第2版）
555	〈塞米拉米德〉引子中的进行曲，1或2把吉他
556	〈La Molinara〉曲调主题的6首变奏曲，作品4
557	6首变奏曲及波兰舞曲与终曲，作品9
558	舞剧〈Il Barbiere di Seviglia〉选曲，作品16
560	〈ä Schüsserl und ä Reindl〉曲调主题的6首变奏曲，作品38
561	歌剧〈Jeannot et Colin〉二重唱主题的8首变奏曲，作品72
562	卡瓦蒂纳〈Di tanti palpiti〉主题华丽变奏曲，作品87
563	歌剧〈Fanchon〉浪漫曲主题大变奏曲，作品88
564	浪漫曲〈La Sentinellla〉主题大变奏曲，作品91
565	歌剧〈Faust〉二重唱主题变奏曲，作品97
566	歌剧〈奥赛罗〉中〈De'calma oh ciel〉主题变奏曲，作品101
567	〈Deh calma, o ciel〉主题变奏曲，弦乐四重奏伴奏，作品101
568	〈Nume perdonami se in tale istante〉主题变奏曲，作品102
569	浪漫曲〈Partant pour la Syrie〉主题大变奏曲，作品104
570	歌剧〈La Gloria et l'Amour〉浪漫曲主题变奏曲，作品105
571	凯鲁比尼歌剧〈Les Deux Journées〉进行曲主题变奏曲，作品110
572	6首大变奏曲，作品112
573	Carafa〈Oh! cara memoria〉主题大变奏曲，作品114
574	罗西尼主题幻想曲第1号，作品122
575	罗西尼主题幻想曲第2号，作品123
576	罗西尼主题幻想曲第6号，作品124，第I册
577	歌剧〈Amazilla〉主题变奏曲，作品128
578	3首浪漫曲，作品13
579	〈Chi t'ha fatto sta scarpettiella〉主题的4首变奏曲，作品140
580	〈La Riccioletta〉主题的4首变奏曲，作品141
581	〈Si tu Nenna〉主题的4首变奏曲，作品142
582	〈È nato miezo mare〉主题的4首变奏曲，作品143
583	〈Si monaca te faje〉主题的4首变奏曲，作品144
584	〈Si cara, si bona〉主题的4首变奏曲，作品145
585	Giulianate，作品148，第1部分
586	Giulianate，作品148，第2部分
587	3首浪漫曲，作品22
588	卡瓦蒂纳〈Di tanti palpiti〉，作品79
589	浪漫曲〈La Sentinelle〉主题大变奏曲，作品91
590	莫扎特〈La Clémence de Titus〉序曲
591	Spontini歌剧〈La Vestale〉序曲
592	罗西尼〈塞米拉米德〉五重唱〈Qual mesto gemito〉
593	贝利尼歌剧〈海盗〉序曲
594	〈Tanti palpiti〉主题变奏曲
595	Lanza塔兰泰拉舞曲
596	小提琴、大提琴与吉他协奏性变奏曲
597	维乌埃拉琴曲集〈Orphenica lyra〉
598	帕凡舞曲第4号（第3弦=G）
599	帕凡舞曲第5号（第3弦=G）
600	Vladimir Morkov吉他教程
601	Weigl〈La Famille Suisse〉主题变奏曲，作品2
602	2组卡德里尔对舞曲，作品3
603	芭蕾〈Armide〉主题幻想曲，作品4
604	谐谑曲与田园曲、华丽圆舞曲，双吉他，作品10
605	贝利尼〈诺玛〉的2个主题幻想曲，作品16
606	作品17〈Ornans山谷〉、作品18〈莱茵河畔〉、作品19〈Delfzil〉
607	Meulan，作品22
608	3首吉他四重奏，作品4
609	3首吉他四重奏，作品5
610	吉他斜向与反向音阶练习
611	圆舞曲
612	Pascual Roch现代吉他教程第1册
613	Pascual Roch现代吉他教程第2册
614	Pascual Roch现代吉他教程第3册
615	曲调变奏曲第1号，作品21
616	曲调变奏曲第2号，作品22
617	Robert Dowland鲁特琴练习曲选集
618	Sidney Pratten吉他教程
620	Brian Boru进行曲
621	William Barley指法谱新集
622	〈O cara memoria〉曲调主题变奏幻想曲，作品10
623	小雀鸟（Tico-tico）
