470647	〈天佑国王〉主题变奏曲，作品12
1047747	〈卡楚恰〉舞曲主题吉他变奏曲，作品86
1135830	〈Linda di Chamounix〉主题幻想曲
1391252	〈唐璜〉小步舞曲主题变奏六段，作品4
cglib:16038	降E大调组曲第34号（WeissSW30、SW33、SW10；德累斯顿稿本）
cglib:1687	〈仙女湖〉主题杂集，作品69
cglib:1688	〈月光下〉主题变奏曲，作品7
cglib:1770	〈白衣女郎〉主题双吉他回旋曲，作品290
cglib:1916	〈卡楚恰〉舞曲主题随想曲，作品13
cglib:19455	〈灰姑娘〉主题华丽吉他变奏曲，作品31
cglib:19593	〈白衣女郎〉主题变奏曲与回旋曲（钢琴与吉他），作品10
cglib:1960	〈拉美莫尔的露琪亚〉主题嬉游曲，作品9
cglib:19775	精选苏格兰曲调浪漫曲与变奏（吉他）
cglib:20010	德国主题华丽吉他变奏六段，作品4
cglib:20014	俄罗斯主题吉他变奏曲，作品2
cglib:20172	精选曲调主题吉他幻想曲
cglib:2453	〈西班牙福利亚〉主题变奏六段，作品45
cglib:2472	原创主题变奏六段，作品62
cglib:25241	浪漫曲主题幻想曲
cglib:2994	匈牙利主题华丽变奏曲，作品5
cglib:30316	欢乐时光（现场版）
cglib:3911	〈但愿我是一株蕨草〉主题引子与变奏，作品26
cglib:47348	〈茶花女〉主题幻想曲（Francisco Tarrega署名）
cglib:47821	西班牙浪漫曲（Traditional署名）
cglib:50520	〈天佑国王〉主题嬉游曲，作品39
cglib:50727	C大调进行曲主题变奏曲
cglib:50993	意大利主题变奏曲
cglib:51529	〈Linda di Chamounix〉主题幻想曲
cglib:51999	德国曲调主题幻想曲
cglib:52004	精选德国曲调主题引子与变奏
cglib:52353	〈我的肯塔基老家〉主题变奏曲
cglib:52356	〈夏日最后的玫瑰〉主题变奏曲
cglib:52428	〈西班牙福利亚〉主题幻想曲，作品12
cglib:52429	〈西班牙福利亚〉主题幻想曲，作品12
cglib:52682	〈卡楚恰〉舞曲主题吉他变奏曲，作品86
cglib:53309	苏格兰曲调浪漫曲与变奏
cglib:53577	〈天佑国王〉主题变奏曲，作品12
cglib:53578	〈天佑国王〉主题变奏曲
cglib:53852	〈自由射手〉精选进行曲主题变奏曲，作品22
cglib:54165	匈牙利主题华丽变奏曲，作品5
cglib:54541	主题变奏曲，作品28
cglib:54683	〈La Tyrolienne〉主题变奏曲
cglib:54876	〈西班牙福利亚〉主题幻想曲，作品12（来源括注：Fossa, François de）
cglib:55549	〈月光下〉主题变奏曲
cglib:56662	德国主题华丽变奏六段，作品4
cglib:56826	Rossini主题圆舞曲六首，第3册
cglib:56827	Rossini主题圆舞曲六首
cglib:56879	〈亨利四世万岁〉主题变奏曲
cglib:57064	〈唐璜〉小步舞曲主题变奏六段，作品4
delcamp:pdf:5a7966847f217227dc96168e5206cf83bba4bfb2a8c57896fcdf46b6180bf2ec	〈但愿我是一株蕨草〉主题变奏曲，作品26
delcamp:pdf:7d77fc8e43e7b91ce7e33442bc37bcca31d4205ea234e8b76d03eeeb26881028	施蒂里亚主题华丽变奏曲，作品13
delcamp:pdf:3bc1818a8b992cdc9c2f58ccc3c675b23f726359295e8412cb226f0012ea9e4f	匈牙利主题华丽变奏曲，作品5
delcamp:pdf:5defe82618d1c64e00621ad5a1680474a51fee9f900832c99e319c0d575c1552	Tárrega主题变奏曲
delcamp:pdf:6974da5c40cedef2a69faf4695abaa9cea75a9d6eccb6695f553eeff9da783e7	〈Malboroug〉主题变奏曲，作品28
delcamp:pdf:79d66463832b02b7a8c72bf49cc739b734d4998301cabf4200eea8f204620cc7	〈茶花女〉主题练习曲
delcamp:pdf:3cb000b01c02c66c42d76973a4734b66d0ef51912f451615307e2394cfd1b9b9		retained	原题D是历史音乐符号；仅凭题录无法确认其指法、和弦或调性含义，保留完整原题。
delcamp:pdf:661d9d5726c7c7a6142d2b3fed7f8cea36598834ebb790352716e3afe74e70f9	Verdi〈茶花女〉主题幻想曲
delcamp:pdf:da3a7d7ced0d20011f98f801f9ed17c6d9b186782c70cbcd99cc777117ed4e7b	〈未婚妻〉叙事曲主题引子与变奏，作品1
delcamp:pdf:170050955e3286d1544076021866608c731f9568b0cdd7dfe6d5b6d0579dd132	〈月光下〉主题变奏曲，作品7
delcamp:pdf:56886f83c59de9ef46cd27b6f3b84f0969571dd2d9a9104478189c7377a3cbcf	〈月光下〉主题变奏曲，作品7
delcamp:pdf:a83942b091919bf2c8cbaba1a322128cfc539fbd72851f02bc4122b4c91b374b	D.F.E. Auber〈誓言〉主题幻想曲，作品45
delcamp:pdf:581f0c82e8d4a698b1e32b22c196802496e2df2c958e7383ba8a12eb1c9d6e83	D.F.E. Auber〈假面舞会〉主题幻想曲，作品49
delcamp:pdf:2a50b69ba49856ea505022fcacec973ac04d867377c06400857771876ca9c93a	D.F.E. Auber〈Gustave〉主题幻想曲，作品49
delcamp:pdf:0bd9e1ad3785a571a465dfaf3d7ffb0cbebcd2bb03b3e5016a5d6c5fae698746	Auber〈青铜马〉主题幻想曲，作品57
delcamp:pdf:a781003c6120ebc6e7f4341e408d1e23cdbf1d2195ff200fc869b44954ee6d62	〈Sarah〉主题杂集，作品62
delcamp:pdf:3f9002bc91751fd46f3fd0bc3f2505b3f93ba0e75051f4b4ca598ec487c0cf55	〈Lonjumeau的驿夫〉主题幻想曲，作品64
delcamp:pdf:1f7af629ad8ffdd73962d7844083f5e679a7fd99d48bea866549ad649c6fdbc7	〈仙女湖〉主题杂集，作品69
delcamp:pdf:a95d48e1860aea23127a3e09e7a41f6a4a5ac02f80fc716c20c108511a15e744	D.F.E. Auber〈王冠上的宝石〉主题幻想曲，作品71
delcamp:pdf:d1690cfb5d78a6ac3d284e52b928980a7b1802e5135e18570f789ca994ae9037	D.F.E. Auber〈魔鬼的一份〉主题幻想曲，作品73
delcamp:pdf:8eaa1abbefd0eaa32896ff516311c01ad905c54026b327306b00e170205c8891	〈拉美莫尔的露琪亚〉主题嬉游曲，作品9
delcamp:pdf:762b1c85f14abe880748a8bfa681fb11f4b541652e9974ccccb214693ef4c30f	〈卡楚恰〉舞曲主题随想曲，作品13
delcamp:pdf:0988cd134aea62d676d6b9528976bf2dee9c1cddb6ab903565e4fdf75c04af74	〈奥赛罗〉浪漫曲主题变奏幻想曲，作品7
werner:exercise-on-the-e-string-mertz-free-pdf	E弦练习曲与变奏
werner:variations-sur-les-folies-despagne-op45-mauro-giuliani	〈西班牙福利亚〉主题变奏曲，作品45（Giuliani署名）
classicalguitarorg:music-giuliani-op45	〈西班牙福利亚〉主题变奏六段，作品45
