642736	2首帕萨卡利亚
cglib:53460	2首帕萨卡利亚
dga:4098	三十六首吉他随想曲：涵盖所有大调与小调，作品20
dga:24870	三十六首吉他随想曲：涵盖所有大调与小调，作品20
classclef:706a8b9d5a4d53535b051433	属于我们的时光
guitardownunder:love_story.php	属于我们的时光
829755	赴荣耀之地
1215621	赴荣耀之地
classclef:9087165c8d622c5fe2d867a7	恰空
guitarschool:3011	恰空
dga:899	吉他哀歌
boije:412	吉他哀歌
730471	Gertrude的梦：圆舞曲
dga:23162	Gertrude的梦：圆舞曲
classclef:94940d4d3b2d45ea7436c26a	戈雅的美人
guitarschool:1098	戈雅的美人
1181122	法国撤退号与3首曲调变奏曲，作品9
1446002	法国撤退号与3首曲调变奏曲，作品9
15092	诺尔玛
dga:17224	诺尔玛
430836	吉他新教程
dga:23424	吉他新教程
boije:431	Bellini〈蒙太古与凯普莱特〉主题幻想曲，作品17…
boije:761	Bellini〈蒙太古与凯普莱特〉主题幻想曲，作品17…
dga:203	歌剧〈黑色斗篷〉精选主题吉他集锦曲，作品67…
boije:68	歌剧〈黑色斗篷〉精选主题吉他集锦曲，作品67…
dga:204	〈仙女湖〉精选曲调吉他杂集，作品69…
boije:69	〈仙女湖〉精选曲调吉他杂集，作品69…
dga:206	D.F.E. Auber歌剧〈Zanetta〉曲调吉他杂集，作品70…
boije:70	D.F.E. Auber歌剧〈Zanetta〉曲调吉他杂集，作品70…
dga:209	D.F.E. Auber歌剧〈海妖〉精选主题吉他杂集，作品74…
boije:73	D.F.E. Auber歌剧〈海妖〉精选主题吉他杂集，作品74…
374521	与良友共度时光
classclef:1dc3e092a6f2592413c29bf0	与良友共度时光
dga:16326	小提琴与吉他田园曲
dga:20090	小提琴与吉他田园曲
1335843	原创前奏曲
dga:19217	原创前奏曲
150051	前进进行曲
dga:23110	前进进行曲
classclef:066f0f8f448f16a1378518a1	你的心河
cantorion:5115	你的心河
classclef:d5f6583e12a999cead4586a8	海湾的喧声
guitarschool:3034	海湾的喧声
1171857	里拉琴或吉他与小提琴小夜曲
dga:19337	里拉琴或吉他与小提琴小夜曲
classclef:3abd551f45ace22574c52bd6	你在我身旁
guitardownunder:nearness-duo.php	你在我身旁
1023873	小提琴与吉他协奏性变奏曲
dga:4321	小提琴与吉他协奏性变奏曲
1007078	罗西尼原创主题的吉他与钢琴协奏性变奏曲
dga:16276	罗西尼原创主题的吉他与钢琴协奏性变奏曲
75126	歌剧〈黑色斗篷〉精选主题集锦曲，作品67
121806	黑色斗篷
dga:3374	Carcassi〈黑色斗篷〉主题集锦曲，作品67
dga:3394	歌剧〈黑色斗篷〉精选主题吉他集锦曲，作品67
boije:931	咏叹调精选：Auber〈黑色斗篷〉…第232号
boije:932	咏叹调精选：Auber〈黑色斗篷〉…第233号
boije:933	咏叹调精选：Auber〈黑色斗篷〉…第234号
boije:934	咏叹调精选：Auber〈黑色斗篷〉…第241号
boije:935	咏叹调精选：Auber〈黑色斗篷〉…第261号
cglib:1686	〈黑色斗篷〉主题集锦曲，作品67
delcamp:pdf:4964a45228f06427f9c2b738cf531ac1dba8ab343a733c6fe0ea22560a0acb52	〈黑色斗篷〉主题集锦曲，作品67
