92881	夜紫罗兰，作品2
106423	矢车菊，作品5
dga:4226	进行曲，作品5第2号：〈矢车菊〉（〈夜紫罗兰〉续篇）
dga:23230	矢车菊——〈夜紫罗兰〉续篇：吉他原创旋律乐曲集
dga:23240	夜紫罗兰：吉他原创旋律乐曲集
dga:2942	矢车菊——〈夜紫罗兰〉续篇：吉他原创旋律乐曲集，作品5
dga:4173	矢车菊——〈夜紫罗兰〉续篇：吉他原创旋律乐曲集，作品5
dga:4188	夜紫罗兰：吉他原创旋律乐曲集，作品2
dga:4208	矢车菊——〈夜紫罗兰〉续篇：吉他原创旋律乐曲集，作品5
dga:4210	夜紫罗兰：吉他原创旋律乐曲集，作品2
dga:4211	夜紫罗兰：吉他原创旋律乐曲集，作品2
dga:4214	矢车菊——〈夜紫罗兰〉续篇：吉他原创旋律乐曲集，作品5
dga:7866	矢车菊——〈夜紫罗兰〉续篇：吉他原创旋律乐曲集，作品5
dga:7870	夜紫罗兰：吉他原创旋律乐曲集，作品2
dga:14136	矢车菊——〈夜紫罗兰〉续篇：吉他原创旋律乐曲集，作品5
dga:14131	矢车菊——〈夜紫罗兰〉续篇：吉他原创旋律乐曲集，作品5
dga:19391	矢车菊——〈夜紫罗兰〉续篇：吉他原创旋律乐曲集，作品5
boije:353	夜紫罗兰，作品2…
boije:356	矢车菊：续篇，作品5…
cglib:21486	矢车菊——〈夜紫罗兰〉续篇：吉他原创旋律乐曲集，作品5
cglib:21569	夜紫罗兰：旋律乐曲集，作品2
cglib:21570	夜紫罗兰：旋律乐曲集，作品2
cglib:21623	矢车菊——〈夜紫罗兰〉续篇：吉他原创旋律乐曲集，作品5
cglib:21624	矢车菊——〈夜紫罗兰〉续篇：吉他原创旋律乐曲集，作品5
cglib:3222	夜紫罗兰，作品2
cglib:3244	矢车菊：续篇，作品5
cglib:55633	矢车菊，作品5
cglib:55634	矢车菊，作品5
cglib:55686	夜紫罗兰，作品2
cglib:55687	夜紫罗兰，作品2
delcamp:pdf:b064cba5dd36f63ced9d817be7b2b24e0e68fccc0e34a5b2f7428ee65e9a12d6	夜紫罗兰，作品2
delcamp:pdf:ed725d5829a3369d62a867ac718beb99cd67b56146f51e638ca11a88c61211ea	矢车菊：续篇，作品5
