14993|地中海：三乐章吉他独奏组曲，作品59
14983|告别（声乐与吉他改编，作品105）
14949|〈Fra Diavolo〉歌剧主题小回旋曲（吉他），作品20
14909|巴西民间风格组曲（吉他）
14908|十二首吉他练习曲（Andres Segovia作序）
14887|Sacro-monte，作品55第5号
14880|复调吉他：〈吉他的演进〉续篇
14878|吉他的演进：十二首乐曲与三首练习曲
14879|复调吉他：〈吉他的演进〉续篇——4首〈Lentisques corses〉、7首乐曲、2首奏鸣曲、4首改编曲与4首练习曲；附3章导论
14742|十二首吉他练习曲，作品6（献给学生）
14737|第五幻想曲：Paisiello〈Nel cor piu non mi sento〉曲调变奏（吉他），作品16
14732|吉他大型独奏曲，作品14
14730|引子与主题变奏（吉他），作品20
14728|六首吉他嬉游曲，作品1
14729|六首吉他嬉游曲，作品8
14726|六首吉他独奏圆舞曲，作品17
14727|第四幻想曲，作品12
14724|吉他幻想曲，作品7
14725|六首吉他独奏圆舞曲，第2册，作品18
14719|第三幻想曲（吉他），作品10
14718|莫扎特主题引子与变奏，作品9
14716|六首吉他嬉游曲，作品2
14717|吉他主题变奏与一首小步舞曲，作品3
14714|六首极简易吉他小品，作品5
14715|第五首极简易吉他嬉游曲，作品23
14713|第四吉他嬉游曲，作品13（简易，精细标注指法）
14700|第二幻想曲（吉他），作品4
14699|告别：第六幻想曲（吉他独奏），作品21
14690|西班牙福利亚主题变奏与小步舞曲（吉他独奏），作品15
14688|〈灰姑娘〉芭蕾舞剧进行曲（吉他）
14687|吉他主题变奏
14655|无光的练习曲（吉他）
14604|舒伯特歌曲（J.K. Mertz吉他改编）
14527|Segovia（吉他），作品29
14508|六弦吉他练习曲
14478|西班牙民间曲调马拉加舞曲（吉他改编）
14469|三首西班牙吉他乐曲
14418|探戈的历史（长笛与吉他）
14411|俄罗斯国歌主题幻想曲（吉他），作品15
14409|在Flaine的滑雪道上：七首吉他乐曲
14375|三首小提琴、中提琴、吉他与大提琴四重奏，作品4第1号
14314|莫扎特歌剧〈魔笛〉六首曲调精选（吉他改编），作品19
14215|六首舒伯特歌曲（J.K. Mertz吉他改编）
14211|地狱中的奥菲欧：歌剧选集第36号（吉他）
14210|西西里晚祷：歌剧选集第31号（吉他）
14208|弄臣：歌剧选集第21号（吉他）
14207|纳布科：歌剧选集第22号（吉他）
14205|〈Marco Spada〉：歌剧选集第26号（吉他）
14204|茶花女：歌剧选集第29号（吉他）
14203|魔鬼的份额：歌剧选集第19号（吉他）
14202|〈Haydee〉：秘密——歌剧选集第20号（吉他）
14201|〈Ernani〉：歌剧选集第14号（吉他）
14199|温莎的风流娘儿们：歌剧选集第33号（吉他）
14198|灯笼光下的婚礼：歌剧选集第35号（吉他）
14197|漂泊的荷兰人：歌剧选集第34号（吉他）
14196|塞维利亚理发师：歌剧选集第23号（吉他）
14195|乡村姑娘：歌剧选集第18号（吉他）
14194|〈Anna Bolena〉：歌剧选集第6号（吉他）
14190|爱之甘醇：歌剧选集第8号（吉他）
14191|〈Lonjumeaux〉的驿车车夫：歌剧选集第13号（吉他）
14189|异乡女子：歌剧选集第10号（吉他）
14188|〈Satanella〉：歌剧选集第28号（吉他）
14187|诺尔玛：歌剧选集第17号（吉他）
14186|〈Moses〉：歌剧选集第24号（吉他）
14185|〈Marino Falliero〉：歌剧选集第11号（吉他）
14184|〈Lucrezia Borgia〉：歌剧选集第1号（吉他）
14180|清教徒：歌剧选集第3号（吉他）
14179|〈Euryanthe〉：歌剧选集第30号（吉他）
14178|白衣女子：歌剧选集第25号（吉他）
14177|〈Haimon〉的四个孩子：歌剧选集第9号（吉他）
14176|北极星：歌剧选集第32号（吉他）
14175|〈Belisario〉：歌剧选集第5号（吉他）
14174|〈Alessandro Stradella〉：歌剧选集第12号（吉他）
14171|军中女郎〈Marie〉：歌剧选集第7号（吉他）
14130|祖国的花朵：原创匈牙利风格吉他乐曲，作品1
14122|威尼斯狂欢节：吉他曲调变奏，作品6
14095|十二首辉煌小步舞曲（吉他），作品15
14028|Rossini歌剧〈Zelmira〉与〈Corradino〉主题及其他原创主题精选集成变奏曲（吉他），作品26
14006|〈湖上女郎〉歌剧两首主题：1.〈Oh quante lagrime〉卡瓦蒂纳；2.进行曲——吉他变奏，作品18与24
13979|当代热门曲目（吉他改编），第3册
13978|当代热门曲目（吉他改编），第5册
13977|当代热门曲目（吉他改编），第1册
13976|当代热门曲目（吉他改编），第4册
13975|当代热门曲目（吉他改编），第2册
13974|当代热门曲目（吉他改编），第6册
13955|小夜曲（长笛、小提琴或中提琴、钢琴或吉他），作品2
13903|间奏曲（长笛或小提琴与吉他）
13900|哨兵：声乐、钢琴、小提琴、吉他或大提琴协奏性乐曲，低音提琴可选，作品71
13851|八首Aylesford乐曲（吉他改编）
13755|我失去了我的Eurydice：〈Orphée〉咏叹调（声乐与吉他改编），作品95
13714|大型五重奏，作品65
13700|民族曲调大型集成曲（钢琴与吉他），作品79（来源订正为93）
13678|蝴蝶：初学者优美、简易且悦耳的吉他乐曲精选，作品30（来源订正为50）
13673|二十四首吉他练习曲，作品100
13652|Rossini主题第一幻想曲（吉他独奏），作品122
13643|两首钢琴与吉他回旋曲，作品68
13632|〈Tancred〉歌剧〈Di tanti palpiti〉卡瓦蒂纳变奏（声乐，吉他或钢琴伴奏），作品79
13630|十二首简易悦耳的吉他嬉游曲，作品40
13615|吉他变奏曲（遗作）
13607|Rossini主题第二幻想曲（吉他独奏），作品123
13580|十二首渐进吉他课题（选自练习曲）
13573|十四首悦耳民族曲调与三首芭蕾进行曲
13556|吉他主题变奏，作品62
13549|奥地利民族曲调简易吉他变奏曲，作品47
13548|三首辉煌、简易且悦耳的吉他独奏小奏鸣曲，作品96
13511|两首德语浪漫曲（钢琴或吉他伴奏）
13505|火山旁，迷人的岸边：浪漫曲，作品151（吉他伴奏）
13450|晚祷；歌曲（声乐与吉他或钢琴）
13359|六首西班牙古代吉他小品（Ernst Hulsen新版）
13338|老〈Papouf〉的哀歌（吉他）
13303|三首吉他奏鸣曲
13294|中世纪小组曲（长笛与吉他）
13271|E调吉他独奏浪漫曲
13272|孚日之梦（吉他）
13269|孤独；柔情——两首简易吉他乐曲
13270|小吉他手（吉他独奏）
13258|二十五首吉他练习曲，作品38
13254|六弦或七弦吉他练习与娱乐小品
13186|Muances（吉他），作品52
13154|三首吉他独奏小奏鸣曲，作品41
13141|〈Clic clac〉曲调吉他小回旋曲，作品41
13131|Rossini歌剧〈Moise〉两首芭蕾曲调，作品28第2号
13132|Rossini歌剧〈Moise〉两首芭蕾曲调，作品28第1号
13124|二十首乐曲：选自François Campion吉他指法谱集（现代记谱转录）
13082|圆舞曲（吉他），第39页，第8号
13076|十首简易吉他学习乐曲
13053|蒂罗尔原创主题引子、变奏与波兰舞曲（吉他独奏）
13051|〈Ja ciebie niezapomne〉波兰曲调引子与变奏（吉他独奏）
13037|螺旋（吉他）
14986|〈Kuiawiak〉：第二玛祖卡舞曲
14987|〈Kuvavviak〉玛祖卡舞曲（吉他改编）
14910|诗意圆舞曲
14896|〈Mari-gloria〉（吉他改编）
14886|塞维利亚舞曲（吉他）
14866|负心女：墨西哥舞曲（吉他改编）
14857|三十首原创吉他前奏曲（G. Bianqui Piñero选编与修订）
14845|吉他前奏曲第1号
14842|〈Rosita〉波尔卡（吉他）
14837|两姐妹：两首吉他圆舞曲
14828|〈Pepita〉波尔卡（吉他）
14825|〈Marieta〉玛祖卡舞曲（吉他）
14820|吉他前奏曲第2号
14758|莫扎特〈魔笛〉主题吉他变奏曲
14702|行板与变奏（吉他）
14680|思念巴西：吉他圆舞曲
14679|〈Las palmas〉斗牛舞曲（吉他）
14657|吉他基础技巧练习，第1册：自然音阶
14640|西班牙吉他，第2卷：十六首西班牙吉他舞曲
14636|民间旋律：小练习曲（吉他改编）
14631|初次的悲伤（吉他改编）
14629|童年情景：I.如歌的行板；II.军队进行曲（吉他改编）
14627|纪念册的一页
14599|三首小圆舞曲（吉他改编）
14589|音乐瞬间（Guillermo Gómez吉他改编）
14591|音乐瞬间（Francisco Tárrega吉他改编）
14582|故事，作品62第3号
14538|Sonãndo caminos（吉他）
14537|Cantço del lladre（加泰罗尼亚民间曲调，吉他）
14536|蜂鸟：模拟蜂鸟飞翔的吉他特性练习曲
14535|三声部吉他赋格
14534|民族Pericón舞曲（吉他）
14520|波浪之上：圆舞曲
14475|加沃特舞曲（吉他改编）
14470|Hispanae citharae ars viva：古指法谱吉他精选曲集
14447|阿根廷舞曲与歌曲吉他曲集
14440|南方小奏鸣曲（吉他改编）
14432|小星星（吉他改编）
14430|吉他自然音阶：大调与旋律小调
14424|〈Añurita〉Zamba舞曲（吉他）
14423|四十首阿根廷传统吉他舞曲
14406|永恒的秘密：东方舞曲（吉他改编）
14392|吉他曲集：十一首名曲改编与一首原创作品
14386|二声部赋格
14368|田野旋律：Estilo风格曲（吉他）
14354|Milan主题六首吉他变奏曲
14339|〈Bregeiro〉巴西舞曲
14289|六弦组吉他演奏基础：附音乐基础导论
14278|我的法鲁卡舞曲（吉他）
14277|Alpujarreña（吉他）
14275|帕凡舞曲：第二吉他声部（与Francisco Tárrega的帕凡舞曲合奏）
14256|小船：选自〈私密印象〉（吉他改编）
14115|小歌（简易吉他新版）
14109|浪漫曲，作品30第3号（吉他改编）
14110|无词浪漫曲（吉他改编）
14093|〈Erinnyes〉悲歌（吉他改编）
14086|吉他学习教程
14073|西班牙小夜曲：〈西班牙印象〉第2号
14072|Impresiones de Espa{228)na：舞曲
14068|弗拉门戈吉他：弗拉门戈音乐演奏完整教程
14063|北方小奏鸣曲（吉他）
14064|民族音乐，第1册：阿根廷北部音乐选编（声乐与吉他简易版）
14061|潘帕斯前奏曲与E大调练习曲（吉他）
14062|三首阿根廷舞曲：吉他练习曲
14059|来吧，小牧人：圣诞歌曲（吉他）
14047|〈Amelia〉的遗嘱：加泰罗尼亚民间曲调（吉他配和声，1900）
13950|贝多芬主题小回旋曲（吉他改编）
13931|D调赋格
13873|极慢的广板（吉他改编）
13870|小步舞曲（吉他改编）
13835|农夫之歌（吉他改编）
13817|西班牙舞曲第10号
13816|西班牙舞曲第7号
13814|西班牙舞曲第6号
13815|西班牙舞曲第5号（吉他改编）
13812|狂欢的回声
13810|西班牙舞曲（吉他改编）
13808|晚钟：素描
13809|阿拉伯之歌
13807|献辞：选自〈青春故事〉，作品1
13806|西班牙舞曲第5号〈Playera〉（吉他改编）
13805|孤女（吉他改编）
13804|孤女
13779|吉他自学：无需识谱或教师的简易演奏教程
13777|吉他实用自学教程：识谱或数字记谱学习法
13775|吉他作品集：〈吉他自学〉教程第二部分
13754|〈Orfeo〉歌剧行板（吉他改编）
13478|青春曲集：十二首渐进简易吉他作品，作品7
13476|银色的小溪：Zamba舞曲（吉他、声乐与吉他或合奏）
13474|面对面：探戈（声乐与吉他改编）
13475|面对面：探戈（吉他改编）
13452|玩偶的哀诉（简易吉他改编）
13442|D调舞曲（吉他），作品31
13437|C调吉他前奏曲；D调吉他前奏曲
13393|本土音乐吉他曲集
13392|吉他小步舞曲第5号
13391|舞步变换：Malambo舞曲（吉他）
13389|〈Pago largo〉：〈La huella〉主题吉他变奏曲
13383|Chamamé：Corrientes民间舞曲（吉他）
13384|两首克里奥尔吉他歌曲
13381|潘帕斯风格曲（吉他）
13369|私密的夜晚：四首吉他乐曲，作品17
13370|幻想悲歌（吉他），作品13
13350|韦尔瓦幻想曲（吉他）
13292|〈Sylvia〉芭蕾舞剧拨奏曲（吉他改编）
13289|Re-fa-si：探戈（吉他改编）
13276|威尔第〈茶花女〉主题吉他幻想曲
13275|我的小宝贝：哈巴涅拉舞曲（吉他改编）
13238|向Antonio Machado致敬（吉他）
13212|玛祖卡舞曲（吉他改编）
13209|圆舞曲（吉他改编）
13205|悲伤：第10号练习曲片段
13191|阿根廷本土艺术：克里奥尔吉他乐曲，第1册
13142|克里奥尔之歌（吉他改编）
13125|巧克力之歌（吉他）
13121|老鼠：〈La cadera〉探戈（吉他改编）
13120|〈Granadinas〉：选自〈Emigrantes〉（吉他改编）
13119|〈Marianas〉（吉他改编）
13102|青年吉他手第一曲集：六首简易渐进旋律小品
13035|国王进行曲：选自〈阿莱城姑娘〉（吉他改编）
13036|〈La Arlesiene〉：国王进行曲（吉他改编）
13023|风精灵圆舞曲：选自〈浮士德的沉沦〉（吉他改编）
13001|致爱丽丝（吉他改编）
13933|独白10（吉他）
13914|吉他曲集：吉他独奏旋律选（Viljo Immonen选编与改编）
14974|原创鲁特琴幻想曲
14950|〈Zampa〉歌剧主题引子与变奏（吉他），作品21
14893|即兴曲（1956年A.C.I.吉他创作比赛荣誉奖）
14892|蓝色花朵：选自〈西班牙的叶片〉（1954年A.C.I.吉他创作比赛并列获奖）
14861|二十首吉他前奏曲
14859|六首原创吉他作品
14801|D大调大协奏曲（两把小提琴、鲁特琴或吉他与弦乐）
14797|古典吉他悲歌
14785|〈Malbroug〉曲调引子与变奏（吉他），作品28
14779|第二大型奏鸣曲（吉他），作品25
14778|莫扎特歌剧〈魔笛〉中〈O cara armonia〉曲调引子与变奏（吉他），作品9
14774|莫扎特〈魔笛〉主题吉他变奏曲，作品9
14770|吉他练习曲全集
14769|悲歌幻想曲（吉他），作品59
14767|〈但愿我是一株蕨草〉曲调引子与变奏（吉他），作品26
14765|二十五首预备练习曲（吉他），作品60
14764|苏格兰曲调吉他幻想曲，作品40
14762|小快板（古典吉他），作品24第7号
14761|田园曲（古典吉他），作品32第3号
14759|古典吉他玛祖卡舞曲
14577|奏鸣曲，Kirkpatrick322，Longo483
14526|〈Semiramide〉歌剧序曲（吉他独奏改编）
14499|梦幻：吉他夜曲，作品19
14488|加沃特舞曲：选自大提琴第二组曲，作品131
14474|前奏曲，作品3第2号（吉他改编）
14451|Arpeggione之歌（吉他）
14384|随想曲第9号（片段）
14385|威尼斯狂欢节（拨片吉他改编）
14383|著名奏鸣曲
14381|吉他独奏作品，I：奇想曲集，M.S.43（Ruggero Chiesa校订版）
14366|小喷泉（七弦吉他）
14367|怀旧的思绪（七弦吉他）
14337|一年四季：四首法国式吉他独奏奏鸣曲
14335|帕格尼尼主题五段变奏（选自二十段变奏，1954年A.C.I.吉他创作比赛荣誉奖）
14330|悲伤的歌（七弦吉他）
14292|吉他与小提琴大型二重奏，作品9
14288|吉他基础
14287|六弦吉他教程：附音乐基础
14251|古典吉他回旋曲
14240|幻想曲III；Tentos IV：选自〈El Maestro〉（吉他现代记谱转录）
14129|吉他独奏浪漫曲（作曲家遗作，I.G.V.购藏）
14076|回声（吉他）
14034|长笛与吉他协奏性二重奏，作品23
14018|引子、主题、变奏与终曲（吉他独奏），作品64（1832年7月13日作）
14017|大型集成曲：歌剧主题，附引子与尾声（吉他独奏），作品238
14014|Rossini歌剧〈威廉·退尔〉序曲中的行板与快板（吉他独奏改编），作品202
14004|Rossini歌剧〈意大利女郎在阿尔及尔〉中〈Pensa alla patria〉合唱与回旋曲（吉他独奏改编），作品8
13887|小夜曲：选自作品3第5号四重奏（吉他改编）
13819|两首西班牙舞曲（第1号与第12号，吉他改编）
13750|六首吉他前奏曲，作品46
13742|〈Die feindlichen Vollkstäme〉芭蕾舞剧主题变奏（吉他），作品7
13740|原创主题变奏（吉他），作品20
13738|亨德尔主题变奏（吉他），作品107
13736|大型变奏与波兰舞曲（吉他与羽管键琴或钢琴）
13734|Giulianate（吉他），作品148
13729|〈La Molinara〉曲调变奏（吉他），作品4
13728|十二首苏格兰舞曲（吉他），作品33
13725|吉他变奏曲，作品112
13723|〈Schisserl und a Reindl〉曲调变奏（吉他），作品38
13722|西班牙福利亚主题变奏（吉他），作品45
13719|奥地利民族曲调简易变奏曲（吉他），作品47
13717|大型五重奏（吉他、两把小提琴、中提琴与大提琴），作品65
13710|回旋曲（古典吉他），作品14第5号
13708|Georg Friedrich Haendel主题变奏（吉他），作品107
13705|六首小咏叹调（声乐与吉他或钢琴），作品95
13702|吉他练习，作品1
13696|大型五重奏：变奏与波兰舞曲（吉他、两把小提琴、中提琴与大提琴），作品65
13695|〈Giulianate〉：吉他独奏感怀小品，作品148
13693|六首小咏叹调（Metastasio诗，钢琴或吉他伴奏），作品95
13694|吉他练习：二十四首高难度乐曲，含前奏、乐段与独奏曲，作品48
13689|六首卡瓦蒂纳（钢琴或吉他伴奏），作品39
13688|十八首渐进简易夜间嬉游曲（长笛或小提琴与吉他），作品86
13684|三首初学者渐进简易吉他小奏鸣曲，作品71
13685|北方的舞神：吉他独奏舞曲精选，作品147
13668|〈Otello〉歌剧中〈Deh! Calma oh ciel〉卡瓦蒂纳变奏（吉他，两把小提琴、中提琴与大提琴伴奏），作品101
13665|两首大型咏叹调与一首进行曲（吉他改编）
13660|六首爱尔兰民族曲调变奏（吉他或里拉琴独奏），作品125
13661|大型变奏与波兰舞曲（吉他与羽管键琴）
13656|Catalani夫人演唱的四首曲目精选：吉他独奏装饰与变奏，第二及最后部分
13657|六首苏格兰民族曲调变奏（吉他或里拉琴）
13655|〈Giulianate〉：吉他独奏感怀小品，作品148，第1部分
13650|三首夜间二重唱（女高音与男高音，钢琴或吉他改编）
13649|第VI号〈Rossiniana〉：〈Semiramide〉、〈La donna del lago〉与〈L'assedio di Corinto〉主题（吉他），作品124
13648|阿波罗的时光：渐进吉他练习乐曲集，作品111，第II部分
13636|渐进吉他练习乐曲集，作品111，第II部分
13635|渐进吉他练习乐曲集，作品111，第I部分
13624|罗马民族曲调集成曲（里拉琴或吉他独奏），作品108
13619|大型英雄奏鸣曲（吉他），作品150
13614|〈Giulianate〉：吉他独奏感怀小品，作品148，第2部分
13612|〈Partant pour la Syrie〉曲调主题变奏（钢琴与吉他），作品104
13609|Carafa〈Oh! Cara memoria〉曲调大型变奏（吉他），作品114
13602|阿波罗的时光：渐进吉他练习乐曲集，作品111，第I部分
13595|三首意大利小咏叹调（女高音独唱，吉他伴奏）
13585|二十四首渐进初级吉他独奏课题（分四部分，供自行精进），作品139，第1a部分
13586|〈Semiramide〉歌剧十二首吉他圆舞曲改编，附引子与大型终曲
13582|意大利之花：意大利曲目精选（吉他独奏改编），作品146
13577|趣味练习曲：原创吉他乐曲集，作品98
13578|〈Otello〉歌剧〈De! Calma oh ciel〉＝〈O Gott hab' Mitleid〉卡瓦蒂纳主题吉他变奏曲，作品101
13567|巴黎演唱的波莱罗（钢琴或吉他伴奏改编）
13564|吉他嬉游曲：十二首中等简易小品，作品37
13559|狩猎：大型回旋曲（里拉琴或吉他独奏），作品109
13545|〈Si tu nenna m'amave n'aut'anno〉那不勒斯主题四段变奏与终曲（吉他独奏），作品142
13544|〈Chi t'ha fatto sta scarpettiella〉那不勒斯主题四段变奏与终曲（吉他独奏），作品140
13543|〈Tengo piu di trentun'anni e mi voglio maritar〉小歌主题吉他变奏曲，作品147
13542|萨伏依主题大型变奏曲（吉他独奏）
13541|Pacini歌剧〈Amazilia〉中〈Io ti vidi e t'adorai〉卡瓦蒂纳主题变奏（吉他独奏），作品128
13525|〈La riccioletta〉那不勒斯主题四段变奏与终曲（吉他），作品141
13524|Bellini歌剧〈Il pirata〉中〈Tu vedrai la sventurata〉的如歌快板（吉他独奏改编）
13522|〈Si cara, si bona, si bella graziosa〉那不勒斯主题四段变奏与终曲（吉他独奏），作品145
13516|〈Tancredi〉歌剧〈Di tanti palpiti〉卡瓦蒂纳主题六段辉煌简易吉他变奏，作品87
13512|〈Poschaluite sudarina〉俄罗斯曲调六段吉他变奏，作品64
13502|〈Si monaca te faje, io frate mi faro〉那不勒斯主题四段变奏与终曲（吉他独奏），作品144
13501|〈È nato miezo mare〉那不勒斯主题四段变奏与终曲（吉他独奏），作品143
13496|阿那克里翁颂歌（女高音，吉他或钢琴伴奏），作品151 bis
13494|〈Belliniana〉：Bellini歌剧曲目精选变奏（吉他独奏），作品4
13492|五首里切尔卡尔（吉他转录）
13490|〈Leçons de ténèbres〉吉他与室内乐团协奏曲
13489|十一月的花朵：曼陀林、吉他与室内乐团协奏曲
13488|炫技与超越练习曲（吉他）
13487|献给Estarellas的星星（吉他）
13485|Abreuana（吉他）
13486|夜歌（吉他）
13484|〈Ocram〉吉他幻想曲
13466|五十周年纪念（古风咏叹调）
13372|水泽女神之舞（古典吉他），作品35
13365|东方舞曲（古典吉他）
13344|斯拉夫舞曲，作品72第2号
13341|回旋曲：选自C小调竖琴奏鸣曲（来源订正为大调，吉他改编）
13307|两首吉他赋格，作品46
13306|三十首简易吉他练习曲，作品39
13304|古典吉他练习曲第5号
13298|吉他托卡塔与赋格
13281|古典吉他小回旋曲
13267|东方风格曲：选自〈万花筒〉，作品50
13219|练习曲，作品10第3号（片段）
13180|札记：吉他前奏与练习曲——第2册〈节奏〉，第III部分〈二十世纪舞曲〉
13178|札记：吉他前奏与练习曲——第2册〈节奏〉，第II部分〈十九世纪舞曲〉
13170|六首吉他行板，作品320
13169|两首中提琴与吉他二重奏，作品137
13168|〈Sul margine d'un rio〉意大利小咏叹调变奏（吉他），作品142
13165|二十四首吉他前奏曲（选自作品114）
13140|二十五首渐进旋律练习曲（吉他），作品60
13105|冬夜守候：吉他独奏叙事曲
13092|两首古典吉他乐曲
13090|十八首吉他帕蒂塔（Colascione原作的现代记谱转录）
13089|吉他帕蒂塔第VII号（选自十八首Colascione帕蒂塔，现代记谱转录）
13088|吉他帕蒂塔第XVI号（选自十八首Colascione帕蒂塔，现代记谱转录）
13087|吉他帕蒂塔第VI号（选自十八首Colascione帕蒂塔，现代记谱转录）
13033|古典吉他叙事曲
13028|十二首吉他练习曲
