4546|乡村幻想曲（吉他独奏），作品52
4593|吉他独奏幻想曲，作品58
15531|各类极简易乐曲（吉他与钢琴），第4册，第24–30号
18366|第二大型吉他协奏曲（钢琴伴奏），作品36
18412|第三大型吉他协奏曲（钢琴伴奏），作品70
4084|原创主题引子、大型变奏与尾声（吉他），作品27
2525|吉他教程（Antoine L. Barber编辑、修订与增补）
16271|北方的舞神：吉他改编曲调集，第1册，作品147
3565|山民：田园嬉游曲（双簧管或小提琴与钢琴或吉他）
3939|六首浪漫曲集，第3辑（钢琴或吉他伴奏）
4198|两首波兰舞曲与玛祖卡舞曲（吉他），作品3
4205|两首波兰舞曲与玛祖卡舞曲（吉他），作品3
18314|圆舞曲主题引子与变奏（吉他独奏），作品103
16272|北方的舞神：吉他改编曲调集，第2册，作品147
3635|G大调钢琴小奏鸣曲（小提琴或吉他伴奏）
3636|A大调钢琴小奏鸣曲（小提琴或吉他伴奏）
19390|C.M. de Weber主题随想曲（吉他），作品50
3912|三首卡瓦蒂纳（吉他伴奏改编），第I号
3757|大型吉他集成曲，作品31（来源原题为〈Grand Consert〉）
15442|两首俄罗斯曲调变奏（双吉他），附引子与终曲，作品110
15465|莫扎特〈Clémence de Titus〉序曲（双吉他改编）
16187|三首英国浪漫曲主题嬉游曲（吉他独奏），作品8
23148|六首渐进吉他回旋曲（献给Franc. Langer）
3303|消遣：辉煌简易回旋曲（吉他独奏），作品17
3881|圆舞曲主题引子与变奏（吉他独奏），作品103
3910|Bellini两首主题（吉他独奏改编），I–II
17390|六首意大利曲调（吉他或钢琴伴奏），作品XI
15190|大型三重奏（吉他、小提琴与圆号）
16141|〈La Cenerentola〉主题辉煌吉他变奏曲，作品31
16235|〈De ma Celine Amante Modeste〉浪漫曲主题吉他变奏，作品8
1967|〈Rossiniana〉：Rossini主题吉他乐曲
3673|三首英国浪漫曲主题嬉游曲（吉他独奏），作品8
8042|七首吉他乐曲（Sor、Giuliani、Degen作品，S. Degen选编）
19670|十二首吉他圆舞曲（第二吉他伴奏可选）
2577|C. Gounod根据J.S. Bach第1首前奏曲写成的冥想曲（曼陀林与吉他）
16093|〈The Swiss Boy〉曲调引子与变奏（吉他）
16206|〈My Lodging is on the Cold Grounds〉曲调西班牙吉他幻想曲
3705|六首吉他兰德勒舞曲，作品1
4298|匈牙利民族曲调引子与变奏（吉他），作品9
4489|西班牙福利亚主题变奏与小步舞曲（吉他独奏）
4536|看看是否如此：六首简易吉他独奏小品，作品45
15429|三首吉他曲调变奏（中提琴或小提琴伴奏），作品5
17652|大型吉他曲集：48首前奏曲与24首乐曲，作品333
19178|主题与辉煌简易变奏曲（吉他），作品29
3937|西班牙舞曲第5号（Miguel Llobet吉他改编）
15604|大型进行曲（Agthe原作，吉他与钢琴改编），作品161
2294|爱的讯息（吉他），作品13第5号
3309|波兰的回忆：大型集成曲（吉他或钢琴与大提琴）
18354|第一大型吉他协奏曲（钢琴伴奏），作品30
7691|Cherubini进行曲主题变奏（吉他或里拉琴），作品110
3188|大型吉他协奏曲（弦乐四重奏与吉他，分谱）
15325|两首主题变奏（吉他改编），作品80
15340|趣味小品集：简易吉他乐曲集，作品54
15358|C调第1号小夜曲：行板与回旋曲（钢琴与吉他），作品74
3308|原创主题辉煌变奏（吉他独奏），作品10
3541|交响幻想曲（吉他，分两部分），作品28
4543|宁静：吉他独奏随想曲，作品50
7593|行板与小步舞曲，作品39；圆舞曲（吉他）
26905|古典吉他高级技巧练习（C.L. Mozzani修订版）
15334|德国主题辉煌吉他变奏曲，作品99
16222|Meyerbeer主题引子与变奏（吉他）
1802|〈Au Clair de La Lune〉曲调吉他变奏（保留原书目语法注记）
3695|第一吉他独奏幻想曲，作品5
8043|吉他与长笛小夜曲，作品6
15436|六首对话式双吉他小二重奏，作品34，第1套，第1–3号
15437|六首对话式双吉他小二重奏，作品34，第2套，第4–6号
16249|圆舞曲主题引子与变奏（吉他），作品103
3810|协奏性小夜曲三重奏（吉他、小提琴与大提琴），作品19
3859|第三吉他协奏曲（钢琴伴奏），作品70
4073|辉煌吉他变奏曲，附引子与终曲，作品51
4469|七首吉他乐曲（Sor、Giuliani、Degen作品，S. Degen选编）
7848|吉他教程：安达卢西亚曲调（弗拉门戈）
15332|三首辉煌、简易且悦耳的吉他小奏鸣曲，作品96
15504|Auber〈Fiorella〉主题吉他独奏幻想曲，作品303
4558|吉他独奏幻想曲，作品58
19099|三首小夜曲二重奏（吉他与长笛或小提琴），作品47、48与49
1982|八段吉他独奏变奏，作品VI（6）
15147|D调小提琴、长笛与吉他三重奏
25418|D小调组曲：选自〈Capricci Armonici sopra la Chitarra Spagnola〉（1692）
4603|六首吉他嬉游曲，作品1
4605|Vingt-quatre petites pièces progressives，作品44（现存转录尾部截断）
7927|E小调西班牙舞曲（吉他）
15450|莫扎特小广板与变奏曲（双吉他改编），作品164
16164|〈Tancrede〉卡瓦蒂纳主题大型吉他变奏曲，作品6
16266|〈Rossiniana〉：Rossini主题吉他乐曲，作品124
2034|大型吉他变奏曲，作品16
15543|第三吉他协奏曲（钢琴伴奏），作品70
3242|卢尔舞曲（Francisco Tárrega吉他改编）
4089|诙谐、辉煌且简易的小回旋曲（吉他独奏），作品204
2527|吉他完整教程（Charles de Janon增补与修订）
15407|第四辉煌波兰舞曲（小提琴与吉他改编），作品17
15703|西班牙福利亚主题十六段变奏（吉他）
16163|德国主题六段辉煌吉他变奏，作品4
16184|〈威尼斯狂欢节〉吉他独奏变奏幻想曲，作品5
2928|主题与吉他变奏曲，作品237
3458|英国民族曲调幻想曲（小提琴与吉他），作品102
3670|〈威尼斯狂欢节〉吉他独奏变奏幻想曲，作品5
4213|三首吉他夜曲，作品4
4240|大型协奏性二重奏（钢琴与吉他，或双钢琴）
4596|二十四首渐进吉他课题（精细标注指法）
4098|三十六首吉他随想曲：涵盖所有大调与小调，作品20
7684|大型英雄奏鸣曲（吉他），作品150
18369|原创主题六段吉他变奏，作品62
16257|原创主题六段大型吉他变奏，作品112
20440|十二首民族曲调（吉他），附引子与变奏
1799|卢梭之梦：吉他变奏，作品17
1807|〈Tra La La〉曲调变奏（吉他独奏），作品15
3291|那不勒斯之夜：三首小夜曲（长笛、小提琴与吉他），作品110
4209|三首吉他夜曲，作品4
4351|吉他变奏曲，作品23（来源书目含编号疑义标记）
4312|六首小提琴与吉他奏鸣曲，作品3
4222|〈Anna Bolena〉主题幻想曲：歌剧选集，作品8第6号
18382|俄罗斯原创主题六段吉他变奏，作品60
21184|〈威尼斯狂欢节〉吉他独奏变奏幻想曲，作品5
4085|引子、主题、变奏与终曲（吉他独奏），作品64
15381|三首小提琴、中提琴与吉他协奏性三重奏，作品103第1号
15382|三首小提琴、中提琴与吉他协奏性三重奏，作品103第2号
15383|三首小提琴、中提琴与吉他协奏性三重奏，作品103第3号
16080|原创主题、六段变奏与终曲（西班牙吉他）
1797|〈Ysis的奥秘〉曲调吉他变奏，作品24
1973|六段简易吉他变奏，作品32
1978|Bellini两首主题（吉他独奏改编）
3555|音乐会回旋曲（吉他），附引子，作品12
3557|比武大会：骑士幻想曲（吉他），作品15
4384|铃鼓：回旋曲（吉他改编）
7755|六首吉他独奏圆舞曲，作品10
16346|蒂罗尔原创圆舞曲主题吉他变奏，作品8
15345|俄罗斯原创主题六段吉他变奏，作品60
15356|进行曲与波兰舞曲，附两段三声中部（钢琴与吉他改编）
15404|小夜曲二重奏（吉他与小提琴或A调单簧管），作品62
15452|莫扎特行板与回旋曲（双吉他改编），作品167
15673|向Panonie致敬：匈牙利风格吉他嬉游曲，作品14
285|吉他作品第4号：无词浪漫曲；节庆之花
3503|第二吉他波兰舞曲，作品14（未刊）
3646|旋律小花束：十二首简易吉他乐曲
4513|二十四首渐进吉他课题（精细标注指法）
7806|小夜曲（长笛、小提琴或中提琴、钢琴或吉他），作品2
7807|小夜曲（长笛、小提琴或中提琴、钢琴或吉他），作品4
17510|小夜曲（吉他、长笛、小提琴、中提琴与大提琴），作品IX
17803|吉他手的消遣：十四首吉他乐曲，作品51
19007|夜曲（长笛、小提琴或中提琴、钢琴或吉他），作品110
19162|蒂罗尔主题大型吉他独奏变奏曲，作品12
15659|〈Duc de Reichstadt〉圆舞曲主题吉他变奏，作品52
3968|辉煌变奏曲（吉他或双吉他），作品9
15460|大型集成曲（双吉他或吉他与钢琴），作品67
3844|大型协奏性二重奏（长笛或小提琴与吉他），作品52
4078|蒂罗尔主题大型吉他独奏变奏曲，作品12
28374|六首五重奏，第6号：G大调（弦乐四重奏与吉他）
2542|吉他曲集第2号：著名乐曲的演绎
4023|二十五首小奏鸣曲中的第24号〈Di Tanti Palpiti〉，作品80
4253|Bellini歌剧〈Il Puritani〉集成曲，作品33
4616|告别：第六吉他独奏幻想曲，作品21
15614|吉他与钢琴引子与变奏，作品17
3294|渐进吉他嬉游曲（精细标注指法）
19076|小夜曲（长笛、小提琴或中提琴、钢琴或吉他），作品2
19077|小夜曲（长笛、小提琴或中提琴、钢琴或吉他），作品6
19314|小提琴变奏曲（吉他伴奏），作品3
19846|第二主题变奏（小提琴、吉他与大提琴），作品18第2号
24121|简易吉他乐曲：小组曲；A调练习曲第3号
3131|吉他音乐第2097号：贝多芬小步舞曲
28369|六首五重奏，第2号：E大调（弦乐四重奏与吉他）
28371|六首五重奏，第4号：D大调（弦乐四重奏与吉他）
28373|六首五重奏，第5号：D大调（弦乐四重奏与吉他）
15385|三首夜曲（长笛、小提琴与吉他），作品119第1号
15413|大型协奏性二重奏（吉他与长笛或小提琴），作品52
15501|三首吉他变奏幻想曲，作品95第1号
15502|三首吉他变奏幻想曲，作品95第2号
15503|三首吉他变奏幻想曲，作品95第3号
2032|大型吉他变奏曲，作品16
3560|穿越阿尔卑斯山：吉他三部曲，作品27、28与40
3603|三首小提琴与吉他协奏性小夜曲，作品10
17906|钢琴与吉他大型辉煌奏鸣曲，作品102
19075|小夜曲（长笛、小提琴或中提琴、钢琴或吉他），作品4
19093|小夜曲（小提琴、中提琴与使用变调夹的吉他），作品65
18289|大型协奏性二重奏（长笛或小提琴与吉他），作品52
18508|三首主题变奏小奏鸣曲（吉他独奏），作品6
2534|吉他与钢琴幻想曲：〈Guitar Archives〉系列第170号
15341|十二首简易悦耳的吉他嬉游曲，作品56
15456|大型民族曲调集成曲（吉他与钢琴），作品92
15646|三首夜曲（长笛、小提琴与吉他），作品119第2号
15647|三首夜曲（长笛、小提琴与吉他），作品119第3号
16197|苏格兰曲调浪漫曲与变奏（吉他）
3297|渐进吉他嬉游曲，第I册，作品16
3540|吉他凯旋进行曲，作品26
15472|辉煌变奏曲（吉他或双吉他），作品9
18755|辉煌变奏曲（吉他或双吉他），作品9
19504|协奏性三重奏（小提琴或长笛、中提琴与吉他），作品VI
19649|六首二声部小咏叹调（吉他伴奏），作品60
28368|六首五重奏，第1号：D小调（弦乐四重奏与吉他）
3378|选自〈新蝴蝶〉：作品5第11与15号
3794|圆舞曲主题引子与变奏，作品103
15058|吉他歌曲（美国演奏家改编）
15410|音乐会变奏曲（长笛或小提琴与吉他），作品43
15420|大型协奏性二重奏（吉他与长笛或小提琴），作品130
3200|二十五首吉他乐曲（选自D. Aguado教程）
3573|Jura的回忆：吉他行板与波兰舞曲，作品44
3666|仙女轮舞：吉他独奏小随想曲，作品2
4249|吉他作品第5号：感伤小夜曲
15616|大型民族曲调集成曲（吉他与钢琴），作品93
20616|吉他幻想曲与辉煌变奏曲，作品30
37359|吉他作品集第1册（9首歌曲）：小快板／……
19175|诙谐、辉煌且简易的小回旋曲（吉他独奏）
15419|大型协奏性二重奏（吉他与长笛或小提琴），作品85
3306|第一大型吉他波兰舞曲，作品24
4476|六首极简易吉他独奏小品，作品5
4499|第五首极简易吉他嬉游曲，作品23
15414|协奏性小夜曲（吉他与长笛或小提琴），作品53
19845|第一主题变奏（小提琴、吉他与大提琴），作品18第1号
3419|吉他奏鸣曲，作品5
15367|西班牙吉他与长笛或小提琴小夜曲，作品24
15401|小夜曲二重奏（吉他与单簧管或长笛），作品19
15457|吉他与钢琴变奏曲及波兰舞曲，作品113
16188|两个主题变奏与十二首吉他小步舞曲，作品11
23178|三首嬉游曲（长笛、小提琴与吉他），第1号
35388|作品全集第35卷：10首吉他与长笛或小提琴作品
35389|作品全集第36卷：12首吉他与长笛或小提琴作品
284|吉他作品第2号：秋日；夜晚的回声
286|吉他作品第5号：棕榈树下；船歌
3578|四首吉他进行曲与六首前奏曲，作品48与49
4272|德国的回忆：钢琴与吉他幻想曲，作品29
4479|Six pour la guitare，作品8
17728|三首夜间二重奏（钢琴与吉他），作品189
18428|俄罗斯原创主题六段吉他变奏，作品60
25335|Giuliani嬉游曲（长笛与吉他及吉他独奏）
2851|亲爱的，别忘了给我写信：吉他独奏变奏（J.S. Cox）
3440|回旋曲（选自Carulli三首简易奏鸣曲）
3607|Donizetti歌剧〈La Favorite〉主题幻想曲
3613|三吉他大型三重奏，作品62
15461|双吉他大型协奏性变奏曲，作品35
34774|作品全集第28卷：吉他与弦乐协奏曲，作品36
34751|作品全集第3卷：吉他独奏作品14／15／16b／18／20／21／23
35390|作品全集第37卷：10首声乐与吉他或钢琴作品
1830|卫队走过：吉他进行曲
3667|六首圣经主题吉他独奏夜曲，作品3
4233|第一夜曲（长笛或小提琴与吉他），作品37
17560|六首歌剧主题吉他幻想曲
3277|月光：作品27第2号奏鸣曲中的柔板
3849|俄罗斯原创主题六段吉他变奏，作品60
15182|第二吉他与小提琴二重奏
4161|晚间的和谐：大型幻想曲
4266|六段吉他与小提琴变奏
15277|卢梭之梦：吉他变奏曲
15344|十六首简易悦耳小品，第1册，作品59
15403|小夜曲（使用变调夹的吉他与单簧管），作品22
35376|作品全集第22卷：吉他二重奏作品130／137与两首作品
35381|作品全集第27卷：吉他协奏曲作品30（改编）
35383|作品全集第29卷：吉他协奏曲作品36（改编）
211|三首意大利曲调变奏（里拉琴或吉他），作品9
1804|卢梭之梦：吉他变奏
3526|吉他随想曲，作品9（来源订正为8）
19875|小提琴与吉他主题变奏，作品26
3791|趣味小品集，作品59第16与8号
15364|钢琴与吉他回旋曲，作品46
15398|吉他与长笛或小提琴小夜曲，作品124
15440|三首双吉他小夜曲，作品96第1号
15441|三首双吉他小夜曲，作品96第3号
16253|狩猎：大型吉他回旋曲，作品109
34767|作品全集第21卷：吉他二重奏作品69／70／116
34755|作品全集第7卷：吉他独奏作品51／54／56–60
1800|苏格兰曲调吉他变奏
3203|三首辉煌吉他独奏回旋曲，作品2
3391|〈Tra la la〉曲调吉他独奏变奏，作品15
3530|大型吉他独奏曲，作品24
3572|吉他葬礼进行曲与回旋曲，作品43
4235|第二钢琴与吉他夜曲，作品44
4560|吉他学习入门，作品60
17708|三首吉他独奏嬉游曲，作品18
19072|长笛或小提琴与吉他小夜曲，作品71
19490|三首简易小提琴与吉他二重奏，作品3
24419|钢琴与吉他大型协奏性二重奏
26094|吉他、小提琴、中提琴与大提琴协奏曲
18372|长笛或小提琴与吉他小夜曲，作品127
3381|新蝴蝶，作品5第7号
15390|长笛或小提琴与吉他小夜曲，作品54
15393|长笛或小提琴与吉他小夜曲，作品44
15394|吉他与长笛或小提琴小夜曲，作品71
15395|吉他与长笛或小提琴小夜曲，作品72
15443|双吉他协奏性夜曲，作品118
15524|长笛或小提琴与吉他小夜曲，作品70
15626|〈Le Comte Ory〉主题变奏（吉他与小提琴），作品103
23106|大型吉他教程（William Foden），第II册
25394|现代吉他教程，第I、II与III卷
35375|作品全集第21卷：吉他二重奏作品69／70／116
2086|吉他原创主题与变奏
2426|吉他即兴曲，作品99
3193|吉他作品集，作品10
3194|吉他作品集，作品11
3195|吉他作品集，作品12
3196|吉他作品集，作品13
3197|吉他作品集，作品14
3198|吉他作品集，作品15
3335|第一吉他与小提琴小夜曲，作品24
3449|小提琴与吉他协奏性二重奏，作品27
3579|吉他柔板与嬉游曲，作品50
3985|十二首简易乐曲（长笛、中提琴与吉他）
4502|第二大型吉他独奏奏鸣曲，作品25
17577|十二首吉他或里拉琴小品，作品3
17714|三首吉他或里拉琴独奏序曲，作品6
19071|长笛或小提琴与吉他小夜曲，作品72
37081|吉他作品：D大调摇篮曲／……
16461|吉他与小提琴或长笛小夜曲，作品127
27050|六首五重奏，第5号（弦乐四重奏与吉他）
29125|六首五重奏，第1号（弦乐四重奏与吉他）
29126|六首五重奏，第2号（弦乐四重奏与吉他）
29127|六首五重奏，第3号（弦乐四重奏与吉他）
29128|六首五重奏，第4号（弦乐四重奏与吉他）
29129|六首五重奏，第6号（弦乐四重奏与吉他）
2466|辉煌的快板：〈Guitar Archiv〉系列第302号
2541|娱乐小品：〈Guitar Archive〉系列第13号
2663|小步舞曲I与II：〈Guitar Archiv〉系列第160号
3035|吉他练习曲第3号
3746|吉他练习，作品1，第四部分
4503|第二大型吉他独奏奏鸣曲，作品25
15290|马赛曲主题吉他变奏，作品330
15411|吉他与长笛协奏性二重奏，作品23
16225|二十四首吉他圆舞曲，第1册，作品9
16226|二十四首吉他圆舞曲，第2册，作品9
16228|二十四首吉他圆舞曲，第3册，作品9
3191|吉他作品集，作品7
3192|吉他作品集，作品8
3202|八首吉他独奏小品，作品3
3286|十二首吉他圆舞曲，附尾声，作品3
3813|吉他与小提琴协奏性二重奏，作品25
4079|大型吉他随想曲或练习曲，作品60
4500|八首吉他独奏小品，作品24
18064|晚间思绪：吉他夜曲，作品44
19092|小夜曲（小提琴、中提琴与吉他），作品214
3929|〈Le rossiniane〉吉他乐曲集，第3部分，作品121
3775|三首回旋曲：作品17第III号
4138|吉他独奏小协奏曲
6575|六首极简易吉他小品
15339|十八首渐进吉他练习曲，作品51
15402|吉他与长笛小夜曲二重奏，作品136
15412|小提琴与吉他协奏性二重奏，作品25
15438|三首双吉他或双里拉琴二重奏，作品48
15478|双吉他协奏性夜曲，作品10
15535|吉他与钢琴协奏性二重奏
16127|八首吉他独奏小品，作品24
23380|吉他与长笛或小提琴嬉游曲
3494|三首钢琴与吉他夜间二重奏
4304|辉煌吉他变奏曲，作品2
4386|吉他引子与随想曲，作品23
17720|三首简易吉他独奏奏鸣曲
17913|钢琴与吉他奏鸣曲，作品71
17965|大提琴与吉他集成曲，作品21
19095|六首吉他曲目精选，作品238
3834|三十六首吉他嬉游曲，作品37，第2部分
15168|吉他变奏曲与波兰舞曲及终曲
16301|乡间厌世者（吉他），作品19
19657|三首长笛与吉他嬉游曲，作品33
2680|广播流行歌谣吉他曲集
3995|吉他小夜曲，作品7
15351|八段吉他独奏变奏，作品72
15451|三首双吉他曲调变奏，作品166
15596|第一钢琴与吉他夜曲，作品36
15598|三首钢琴与吉他圆舞曲，作品32
15602|两首钢琴与吉他夜曲，作品131
15701|吉他随想式集成曲，作品32
16138|八首吉他独奏小品，作品3
38050|简易吉他乐曲：船歌／小夜曲
2358|吉他作品集（Ferdinand Sor）
3341|三首大提琴与吉他夜曲
3671|远离你：吉他独奏随想曲，作品6
4232|第一钢琴与吉他夜曲，作品36
4501|八首吉他独奏小品，作品24
16979|三首简易吉他与钢琴二重奏，作品69
19073|小夜曲（长笛、中提琴与吉他），作品64
3802|八段吉他独奏变奏，作品VI
16319|法国式吉他主题与变奏，作品25
18402|吉他研习：吉他教程
35624|选自〈三十六首吉他独奏圆舞曲〉，第30–33号
